revision,board,reference,value,mpn,footprint,side,placed_mm,status,unit_price_cny
V1.2-H0.2-P1,MORI_imu_P1,J1,BODY RIGID IMU,BM08B-GHS-TBT(LF)(SN),Connector_JST:JST_GH_BM08B-GHS-TBT_1x08-1MP_P1.25mm_Vertical,F,"[10, 3.5, 0]",KICAD_LIBRARY_FOOTPRINT; MATCH_VENDOR_AND_MATE,
V1.2-H0.2-P1,MORI_imu_P1,C1,100n,CL10B104KB8NNNC,Capacitor_SMD:C_0603_1608Metric,F,"[14.0, 8.0, 0]",ORDER_CODE_CANDIDATE_VERIFY_EXACT_DATASHEET,
V1.2-H0.2-P1,MORI_imu_P1,C2,2.2u,CL10A225KP8NNNC,Capacitor_SMD:C_0603_1608Metric,F,"[13.5, 11.0, 90]",ORDER_CODE_CANDIDATE_VERIFY_EXACT_DATASHEET,
V1.2-H0.2-P1,MORI_imu_P1,C3,10n,CL10B103KB8NNNC,Capacitor_SMD:C_0603_1608Metric,F,"[8.0, 12.0, 0]",ORDER_CODE_CANDIDATE_VERIFY_EXACT_DATASHEET,
V1.2-H0.2-P1,MORI_imu_P1,R1,33,RC0603FR0733RL,Resistor_SMD:R_0603_1608Metric,F,"[5.5, 8.0, 0]",ORDER_CODE_CANDIDATE_VERIFY_EXACT_DATASHEET,
V1.2-H0.2-P1,MORI_imu_P1,R2,10k,RC0603FR0710KL,Resistor_SMD:R_0603_1608Metric,F,"[7.0, 14.0, 0]",ORDER_CODE_CANDIDATE_VERIFY_EXACT_DATASHEET,
V1.2-H0.2-P1,MORI_motion_P1,J1,MOTION 5V IN,BM02B-GHS-TBT(LF)(SN),Connector_JST:JST_GH_BM02B-GHS-TBT_1x02-1MP_P1.25mm_Vertical,F,"[52.0, 4.0, 0]",KICAD_LIBRARY_FOOTPRINT; MATCH_VENDOR_AND_MATE,
V1.2-H0.2-P1,MORI_motion_P1,J2,S288 DATA ONLY,BM02B-GHS-TBT(LF)(SN),Connector_JST:JST_GH_BM02B-GHS-TBT_1x02-1MP_P1.25mm_Vertical,F,"[61.0, 4.0, 0]",KICAD_LIBRARY_FOOTPRINT; MATCH_VENDOR_AND_MATE,
V1.2-H0.2-P1,MORI_motion_P1,J3,HEAD DATA ONLY,BM03B-GHS-TBT(LF)(SN),Connector_JST:JST_GH_BM03B-GHS-TBT_1x03-1MP_P1.25mm_Vertical,F,"[59.5, 23.0, 90]",KICAD_LIBRARY_FOOTPRINT; MATCH_VENDOR_AND_MATE,
V1.2-H0.2-P1,MORI_motion_P1,J4,BODY IMU SPI,BM08B-GHS-TBT(LF)(SN),Connector_JST:JST_GH_BM08B-GHS-TBT_1x08-1MP_P1.25mm_Vertical,F,"[52.0, 16.0, 90]",KICAD_LIBRARY_FOOTPRINT; MATCH_VENDOR_AND_MATE,
V1.2-H0.2-P1,MORI_motion_P1,J5,CAM J11 MATCH,BM04B-SRSS-TB(LF)(SN),Connector_JST:JST_SH_BM04B-SRSS-TB_1x04-1MP_P1.00mm_Vertical,F,"[64.0, 15.0, 0]",KICAD_LIBRARY_FOOTPRINT; MATCH_VENDOR_AND_MATE,
V1.2-H0.2-P1,MORI_motion_P1,J6,USER BUTTON,BM02B-GHS-TBT(LF)(SN),Connector_JST:JST_GH_BM02B-GHS-TBT_1x02-1MP_P1.25mm_Vertical,B,"[64.0, 25.0, 0]",KICAD_LIBRARY_FOOTPRINT; MATCH_VENDOR_AND_MATE,
V1.2-H0.2-P1,MORI_motion_P1,J7,POWER CONTROL,BM08B-GHS-TBT(LF)(SN),Connector_JST:JST_GH_BM08B-GHS-TBT_1x08-1MP_P1.25mm_Vertical,F,"[57.0, 31.0, 0]",KICAD_LIBRARY_FOOTPRINT; MATCH_VENDOR_AND_MATE,
V1.2-H0.2-P1,MORI_motion_P1,J8,LATCHED ENABLE LOOP,BM02B-GHS-TBT(LF)(SN),Connector_JST:JST_GH_BM02B-GHS-TBT_1x02-1MP_P1.25mm_Vertical,B,"[46.0, 25.5, 0]",KICAD_LIBRARY_FOOTPRINT; MATCH_VENDOR_AND_MATE,
V1.2-H0.2-P1,MORI_motion_P1,U1,SN74LVC2G125DCUR,SN74LVC2G125DCUR,Package_SO:VSSOP-8_2.3x2mm_P0.5mm,B,"[12, 13, 0]",EXACT_IC_VENDOR_PINMAP; CN_QUOTE_PENDING,
V1.2-H0.2-P1,MORI_motion_P1,U2,SN74LVC2G125DCUR,SN74LVC2G125DCUR,Package_SO:VSSOP-8_2.3x2mm_P0.5mm,B,"[22, 13, 0]",EXACT_IC_VENDOR_PINMAP; CN_QUOTE_PENDING,
V1.2-H0.2-P1,MORI_motion_P1,U3,SN74LVC2G32DCUR,SN74LVC2G32DCUR,Package_SO:VSSOP-8_2.3x2mm_P0.5mm,B,"[17, 21, 0]",EXACT_IC_VENDOR_PINMAP; CN_QUOTE_PENDING,
V1.2-H0.2-P1,MORI_motion_P1,U4,TXU0202DCUR,TXU0202DCUR,Package_SO:VSSOP-8_2.3x2mm_P0.5mm,B,"[41, 13, 0]",EXACT_IC_VENDOR_PINMAP; CN_QUOTE_PENDING,
V1.2-H0.2-P1,MORI_motion_P1,U5,SN74LVC1G74DCUR,SN74LVC1G74DCUR,Package_SO:VSSOP-8_2.3x2mm_P0.5mm,B,"[25, 22, 0]",EXACT_IC_VENDOR_PINMAP; CN_QUOTE_PENDING,
V1.2-H0.2-P1,MORI_motion_P1,U6,TLV803EA29DBZR,TLV803EA29DBZR,Package_TO_SOT_SMD:SOT-23,B,"[9, 23, 0]",EXACT_IC_VENDOR_PINMAP; CN_QUOTE_PENDING,
V1.2-H0.2-P1,MORI_motion_P1,D1,"BAT54H,115","BAT54H,115",Diode_SMD:D_SOD-123,B,"[22.0, 26.0, 0]",ORDER_CODE_AND_PINMAP_CANDIDATE_VERIFY_VENDOR,
V1.2-H0.2-P1,MORI_motion_P1,D2,"BAT54H,115","BAT54H,115",Diode_SMD:D_SOD-123,B,"[18.0, 26.0, 90]",ORDER_CODE_AND_PINMAP_CANDIDATE_VERIFY_VENDOR,
V1.2-H0.2-P1,MORI_motion_P1,D3,"BAT54H,115","BAT54H,115",Diode_SMD:D_SOD-123,B,"[27.5, 26.0, 0]",ORDER_CODE_AND_PINMAP_CANDIDATE_VERIFY_VENDOR,
V1.2-H0.2-P1,MORI_motion_P1,R1,68,RC0603FR0768RL,Resistor_SMD:R_0603_1608Metric,B,"[15.0, 8.0, 0]",ORDER_CODE_CANDIDATE_VERIFY_EXACT_DATASHEET,
V1.2-H0.2-P1,MORI_motion_P1,R2,68,RC0603FR0768RL,Resistor_SMD:R_0603_1608Metric,B,"[20.0, 8.0, 0]",ORDER_CODE_CANDIDATE_VERIFY_EXACT_DATASHEET,
V1.2-H0.2-P1,MORI_motion_P1,R3,10k,RC0603FR0710KL,Resistor_SMD:R_0603_1608Metric,B,"[25.0, 8.0, 0]",ORDER_CODE_CANDIDATE_VERIFY_EXACT_DATASHEET,
V1.2-H0.2-P1,MORI_motion_P1,R4,10k,RC0603FR0710KL,Resistor_SMD:R_0603_1608Metric,B,"[30.0, 8.0, 0]",ORDER_CODE_CANDIDATE_VERIFY_EXACT_DATASHEET,
V1.2-H0.2-P1,MORI_motion_P1,R5,10k,RC0603FR0710KL,Resistor_SMD:R_0603_1608Metric,B,"[35.0, 8.0, 0]",ORDER_CODE_CANDIDATE_VERIFY_EXACT_DATASHEET,
V1.2-H0.2-P1,MORI_motion_P1,R6,1k,RC0603FR071KL,Resistor_SMD:R_0603_1608Metric,B,"[40.0, 8.0, 0]",ORDER_CODE_CANDIDATE_VERIFY_EXACT_DATASHEET,
V1.2-H0.2-P1,MORI_motion_P1,R7,10k,RC0603FR0710KL,Resistor_SMD:R_0603_1608Metric,B,"[15.5, 14.0, 90]",ORDER_CODE_CANDIDATE_VERIFY_EXACT_DATASHEET,
V1.2-H0.2-P1,MORI_motion_P1,R8,10k,RC0603FR0710KL,Resistor_SMD:R_0603_1608Metric,B,"[20.0, 15.5, 0]",ORDER_CODE_CANDIDATE_VERIFY_EXACT_DATASHEET,
V1.2-H0.2-P1,MORI_motion_P1,R9,47,RC0603FR0747RL,Resistor_SMD:R_0603_1608Metric,B,"[25.5, 14.0, 90]",ORDER_CODE_CANDIDATE_VERIFY_EXACT_DATASHEET,
V1.2-H0.2-P1,MORI_motion_P1,R10,33,RC0603FR0733RL,Resistor_SMD:R_0603_1608Metric,B,"[30.0, 14.0, 0]",ORDER_CODE_CANDIDATE_VERIFY_EXACT_DATASHEET,
V1.2-H0.2-P1,MORI_motion_P1,R11,33,RC0603FR0733RL,Resistor_SMD:R_0603_1608Metric,B,"[35.0, 14.0, 0]",ORDER_CODE_CANDIDATE_VERIFY_EXACT_DATASHEET,
V1.2-H0.2-P1,MORI_motion_P1,R12,33,RC0603FR0733RL,Resistor_SMD:R_0603_1608Metric,B,"[40.0, 15.5, 0]",ORDER_CODE_CANDIDATE_VERIFY_EXACT_DATASHEET,
V1.2-H0.2-P1,MORI_motion_P1,R13,10k,RC0603FR0710KL,Resistor_SMD:R_0603_1608Metric,B,"[13.5, 21.0, 90]",ORDER_CODE_CANDIDATE_VERIFY_EXACT_DATASHEET,
V1.2-H0.2-P1,MORI_motion_P1,R14,1k,RC0603FR071KL,Resistor_SMD:R_0603_1608Metric,B,"[20.5, 18.5, 90]",ORDER_CODE_CANDIDATE_VERIFY_EXACT_DATASHEET,
V1.2-H0.2-P1,MORI_motion_P1,R15,1k,RC0603FR071KL,Resistor_SMD:R_0603_1608Metric,B,"[25.0, 17.0, 0]",ORDER_CODE_CANDIDATE_VERIFY_EXACT_DATASHEET,
V1.2-H0.2-P1,MORI_motion_P1,R16,1k,RC0603FR071KL,Resistor_SMD:R_0603_1608Metric,B,"[30.0, 17.0, 0]",ORDER_CODE_CANDIDATE_VERIFY_EXACT_DATASHEET,
V1.2-H0.2-P1,MORI_motion_P1,R17,10k,RC0603FR0710KL,Resistor_SMD:R_0603_1608Metric,B,"[37.0, 18.5, 90]",ORDER_CODE_CANDIDATE_VERIFY_EXACT_DATASHEET,
V1.2-H0.2-P1,MORI_motion_P1,R18,10k,RC0603FR0710KL,Resistor_SMD:R_0603_1608Metric,B,"[40.0, 20.0, 0]",ORDER_CODE_CANDIDATE_VERIFY_EXACT_DATASHEET,
V1.2-H0.2-P1,MORI_motion_P1,R19,1k,RC0603FR071KL,Resistor_SMD:R_0603_1608Metric,B,"[15.0, 26.0, 90]",ORDER_CODE_CANDIDATE_VERIFY_EXACT_DATASHEET,
V1.2-H0.2-P1,MORI_motion_P1,C1,100n,CL10B104KB8NNNC,Capacitor_SMD:C_0603_1608Metric,B,"[11.0, 10.0, 0]",ORDER_CODE_CANDIDATE_VERIFY_EXACT_DATASHEET,
V1.2-H0.2-P1,MORI_motion_P1,C2,100n,CL10B104KB8NNNC,Capacitor_SMD:C_0603_1608Metric,B,"[21.0, 10.0, 0]",ORDER_CODE_CANDIDATE_VERIFY_EXACT_DATASHEET,
V1.2-H0.2-P1,MORI_motion_P1,C3,100n,CL10B104KB8NNNC,Capacitor_SMD:C_0603_1608Metric,B,"[16.0, 18.0, 0]",ORDER_CODE_CANDIDATE_VERIFY_EXACT_DATASHEET,
V1.2-H0.2-P1,MORI_motion_P1,C4,100n,CL10B104KB8NNNC,Capacitor_SMD:C_0603_1608Metric,B,"[40.0, 10.0, 0]",ORDER_CODE_CANDIDATE_VERIFY_EXACT_DATASHEET,
V1.2-H0.2-P1,MORI_motion_P1,C5,100n,CL10B104KB8NNNC,Capacitor_SMD:C_0603_1608Metric,B,"[24.0, 19.0, 0]",ORDER_CODE_CANDIDATE_VERIFY_EXACT_DATASHEET,
V1.2-H0.2-P1,MORI_motion_P1,C6,100n,CL10B104KB8NNNC,Capacitor_SMD:C_0603_1608Metric,B,"[8.0, 20.0, 0]",ORDER_CODE_CANDIDATE_VERIFY_EXACT_DATASHEET,
V1.2-H0.2-P1,MORI_motion_P1,C7,100n,CL10B104KB8NNNC,Capacitor_SMD:C_0603_1608Metric,B,"[43.5, 10.0, 0]",ORDER_CODE_CANDIDATE_VERIFY_EXACT_DATASHEET,
V1.2-H0.2-P1,MORI_motion_P1,C8,10u,CL10A106KP8NNNC,Capacitor_SMD:C_0603_1608Metric,B,"[52.0, 4.0, 0]",ORDER_CODE_CANDIDATE_VERIFY_EXACT_DATASHEET,
V1.2-H0.2-P1,MORI_motion_P1,C9,10n,CL10B103KB8NNNC,Capacitor_SMD:C_0603_1608Metric,B,"[21.5, 22.0, 90]",ORDER_CODE_CANDIDATE_VERIFY_EXACT_DATASHEET,
V1.2-H0.2-P1,MORI_motion_P1,C10,10n,CL10B103KB8NNNC,Capacitor_SMD:C_0603_1608Metric,B,"[28.5, 22.0, 90]",ORDER_CODE_CANDIDATE_VERIFY_EXACT_DATASHEET,
V1.2-H0.2-P1,MORI_motion_P1,C11,10n,CL10B103KB8NNNC,Capacitor_SMD:C_0603_1608Metric,B,"[29.5, 19.0, 0]",ORDER_CODE_CANDIDATE_VERIFY_EXACT_DATASHEET,
V1.2-H0.2-P1,MORI_motion_P1,C12,100n,CL10B104KB8NNNC,Capacitor_SMD:C_0603_1608Metric,B,"[37.0, 22.0, 90]",ORDER_CODE_CANDIDATE_VERIFY_EXACT_DATASHEET,
V1.2-H0.2-P1,MORI_power_P1,J1,PACK AFTER 6.3A FUSE / MASTER,AMASS XT30UPB-M,Connector_AMASS:AMASS_XT30UPB-M_1x02_P5.0mm_Vertical,F,"[7, 7, 0]",KICAD_LIBRARY_FOOTPRINT; MATCH_VENDOR_AND_MATE,
V1.2-H0.2-P1,MORI_power_P1,J2,WHEEL BUCK VIN,AMASS XT30UPB-M,Connector_AMASS:AMASS_XT30UPB-M_1x02_P5.0mm_Vertical,F,"[24, 7, 0]",KICAD_LIBRARY_FOOTPRINT; MATCH_VENDOR_AND_MATE,
V1.2-H0.2-P1,MORI_power_P1,J3,WHEEL BUCK 9V RETURN,AMASS XT30UPB-M,Connector_AMASS:AMASS_XT30UPB-M_1x02_P5.0mm_Vertical,F,"[44, 7, 0]",KICAD_LIBRARY_FOOTPRINT; MATCH_VENDOR_AND_MATE,
V1.2-H0.2-P1,MORI_power_P1,J4,HEAD BUCK VIN,AMASS XT30UPB-M,Connector_AMASS:AMASS_XT30UPB-M_1x02_P5.0mm_Vertical,F,"[10, 38, 0]",KICAD_LIBRARY_FOOTPRINT; MATCH_VENDOR_AND_MATE,
V1.2-H0.2-P1,MORI_power_P1,J5,HEAD BUCK 6V RETURN,AMASS XT30UPB-M,Connector_AMASS:AMASS_XT30UPB-M_1x02_P5.0mm_Vertical,F,"[24, 39, 0]",KICAD_LIBRARY_FOOTPRINT; MATCH_VENDOR_AND_MATE,
V1.2-H0.2-P1,MORI_power_P1,J6,LOGIC BUCKS VIN / FUSED HARNESS,AMASS XT30UPB-M,Connector_AMASS:AMASS_XT30UPB-M_1x02_P5.0mm_Vertical,F,"[44, 39, 0]",KICAD_LIBRARY_FOOTPRINT; MATCH_VENDOR_AND_MATE,
V1.2-H0.2-P1,MORI_power_P1,J11,WHEEL DUMP 5R6 EXTERNAL,AMASS XT30UPB-M,Connector_AMASS:AMASS_XT30UPB-M_1x02_P5.0mm_Vertical,F,"[66, 7, 0]",KICAD_LIBRARY_FOOTPRINT; MATCH_VENDOR_AND_MATE,
V1.2-H0.2-P1,MORI_power_P1,J12,HEAD DUMP 10R EXTERNAL,AMASS XT30UPB-M,Connector_AMASS:AMASS_XT30UPB-M_1x02_P5.0mm_Vertical,F,"[66, 39, 0]",KICAD_LIBRARY_FOOTPRINT; MATCH_VENDOR_AND_MATE,
V1.2-H0.2-P1,MORI_power_P1,J7,S288 L,B3B-XH-A(LF)(SN),Connector_JST:JST_XH_B3B-XH-A_1x03_P2.50mm_Vertical,F,"[12, 20, 0]",KICAD_LIBRARY_FOOTPRINT; MATCH_VENDOR_AND_MATE,
V1.2-H0.2-P1,MORI_power_P1,J8,S288 R,B3B-XH-A(LF)(SN),Connector_JST:JST_XH_B3B-XH-A_1x03_P2.50mm_Vertical,F,"[26, 20, 0]",KICAD_LIBRARY_FOOTPRINT; MATCH_VENDOR_AND_MATE,
V1.2-H0.2-P1,MORI_power_P1,J9,SCS0009 CHAIN,B3B-XH-A(LF)(SN),Connector_JST:JST_XH_B3B-XH-A_1x03_P2.50mm_Vertical,F,"[12, 30, 0]",KICAD_LIBRARY_FOOTPRINT; MATCH_VENDOR_AND_MATE,
V1.2-H0.2-P1,MORI_power_P1,J10,MOTION CONTROL,BM08B-GHS-TBT(LF)(SN),Connector_JST:JST_GH_BM08B-GHS-TBT_1x08-1MP_P1.25mm_Vertical,F,"[63, 22, 90]",KICAD_LIBRARY_FOOTPRINT; MATCH_VENDOR_AND_MATE,
V1.2-H0.2-P1,MORI_power_P1,J13,S288 DATA,BM02B-GHS-TBT(LF)(SN),Connector_JST:JST_GH_BM02B-GHS-TBT_1x02-1MP_P1.25mm_Vertical,F,"[43, 20, 0]",KICAD_LIBRARY_FOOTPRINT; MATCH_VENDOR_AND_MATE,
V1.2-H0.2-P1,MORI_power_P1,J14,HEAD DATA,BM03B-GHS-TBT(LF)(SN),Connector_JST:JST_GH_BM03B-GHS-TBT_1x03-1MP_P1.25mm_Vertical,F,"[43, 30, 0]",KICAD_LIBRARY_FOOTPRINT; MATCH_VENDOR_AND_MATE,
V1.2-H0.2-P1,MORI_power_P1,J15,CHARGE INTERLOCK,BM02B-GHS-TBT(LF)(SN),Connector_JST:JST_GH_BM02B-GHS-TBT_1x02-1MP_P1.25mm_Vertical,F,"[53, 29, 90]",KICAD_LIBRARY_FOOTPRINT; MATCH_VENDOR_AND_MATE,
V1.2-H0.2-P1,MORI_power_P1,J16,CHARGER RAW VBUS SENSE,BM02B-GHS-TBT(LF)(SN),Connector_JST:JST_GH_BM02B-GHS-TBT_1x02-1MP_P1.25mm_Vertical,F,"[76, 26, 90]",KICAD_LIBRARY_FOOTPRINT; MATCH_VENDOR_AND_MATE,
V1.2-H0.2-P1,MORI_power_P1,Q1,AO4407A,AO4407A,Package_SO:SOIC-8_3.9x4.9mm_P1.27mm,B,"[10.0, 13.5, 0]",EXACT_IC_VENDOR_PINMAP; CN_QUOTE_PENDING,
V1.2-H0.2-P1,MORI_power_P1,R1,10k,RC0603FR0710KL,Resistor_SMD:R_0603_1608Metric,B,"[7.0, 18.0, 0]",ORDER_CODE_CANDIDATE_VERIFY_EXACT_DATASHEET,
V1.2-H0.2-P1,MORI_power_P1,D1,"BZT52H-C10,115","BZT52H-C10,115",Diode_SMD:D_SOD-123F,B,"[18.0, 8.0, 0]",ORDER_CODE_AND_PINMAP_CANDIDATE_VERIFY_VENDOR,
V1.2-H0.2-P1,MORI_power_P1,R2,WSL2512R0100FEA 10mR 1% 1W,WSL2512R0100FEA,Resistor_SMD:R_2512_6332Metric,B,"[20, 12, 0]",VENDOR_SERIES; CN_QUOTE_PENDING,
V1.2-H0.2-P1,MORI_power_P1,U1,INA180A1IDBVR,INA180A1IDBVR,Package_TO_SOT_SMD:SOT-23-5,B,"[22, 16, 0]",EXACT_IC_VENDOR_PINMAP; CN_QUOTE_PENDING,
V1.2-H0.2-P1,MORI_power_P1,R3,0,RC0603JR070RL,Resistor_SMD:R_0603_1608Metric,B,"[29.0, 15.0, 90]",ORDER_CODE_CANDIDATE_VERIFY_EXACT_DATASHEET,
V1.2-H0.2-P1,MORI_power_P1,R4,0,RC0603JR070RL,Resistor_SMD:R_0603_1608Metric,B,"[16.0, 15.5, 0]",ORDER_CODE_CANDIDATE_VERIFY_EXACT_DATASHEET,
V1.2-H0.2-P1,MORI_power_P1,D10,B540C-13-F,B540C-13-F,Diode_SMD:D_SMC,B,"[42.5, 14.0, 0]",EXACT_IC_VENDOR_PINMAP; CN_QUOTE_PENDING,
V1.2-H0.2-P1,MORI_power_P1,Q10,AO4407A,AO4407A,Package_SO:SOIC-8_3.9x4.9mm_P1.27mm,B,"[55.5, 6.5, 90]",EXACT_IC_VENDOR_PINMAP; CN_QUOTE_PENDING,
V1.2-H0.2-P1,MORI_power_P1,Q11,AO3400A,AO3400A,Package_TO_SOT_SMD:SOT-23,B,"[53.0, 24.0, 0]",EXACT_IC_VENDOR_PINMAP; CN_QUOTE_PENDING,
V1.2-H0.2-P1,MORI_power_P1,R10,10k,RC0603FR0710KL,Resistor_SMD:R_0603_1608Metric,B,"[47.0, 19.5, 90]",ORDER_CODE_CANDIDATE_VERIFY_EXACT_DATASHEET,
V1.2-H0.2-P1,MORI_power_P1,R11,100,RC0603FR07100RL,Resistor_SMD:R_0603_1608Metric,B,"[60.0, 18.5, 90]",ORDER_CODE_CANDIDATE_VERIFY_EXACT_DATASHEET,
V1.2-H0.2-P1,MORI_power_P1,C10,Panasonic EEU-FR1C102 1000uF 16V,EEUFR1C102,Capacitor_THT:CP_Radial_D10.0mm_P5.00mm,F,"[53.5, 18.5, 90]",VENDOR_DOCUMENTED,
V1.2-H0.2-P1,MORI_power_P1,D30,B540C-13-F,B540C-13-F,Diode_SMD:D_SMC,B,"[44.0, 27.0, 0]",EXACT_IC_VENDOR_PINMAP; CN_QUOTE_PENDING,
V1.2-H0.2-P1,MORI_power_P1,Q30,AO4407A,AO4407A,Package_SO:SOIC-8_3.9x4.9mm_P1.27mm,B,"[36.5, 38.5, 0]",EXACT_IC_VENDOR_PINMAP; CN_QUOTE_PENDING,
V1.2-H0.2-P1,MORI_power_P1,Q31,AO3400A,AO3400A,Package_TO_SOT_SMD:SOT-23,B,"[40.5, 33.0, 90]",EXACT_IC_VENDOR_PINMAP; CN_QUOTE_PENDING,
V1.2-H0.2-P1,MORI_power_P1,R30,10k,RC0603FR0710KL,Resistor_SMD:R_0603_1608Metric,B,"[25.5, 34.5, 0]",ORDER_CODE_CANDIDATE_VERIFY_EXACT_DATASHEET,
V1.2-H0.2-P1,MORI_power_P1,R31,100,RC0603FR07100RL,Resistor_SMD:R_0603_1608Metric,B,"[35.0, 43.0, 0]",ORDER_CODE_CANDIDATE_VERIFY_EXACT_DATASHEET,
V1.2-H0.2-P1,MORI_power_P1,C30,Panasonic EEU-FR1C102 1000uF 16V,EEUFR1C102,Capacitor_THT:CP_Radial_D10.0mm_P5.00mm,F,"[30.5, 30.0, 0]",VENDOR_DOCUMENTED,
V1.2-H0.2-P1,MORI_power_P1,U20,LM393BDR,LM393BDR,Package_SO:SOIC-8_3.9x4.9mm_P1.27mm,B,"[68.0, 15.5, 0]",EXACT_IC_VENDOR_PINMAP; CN_QUOTE_PENDING,
V1.2-H0.2-P1,MORI_power_P1,U21,TL431BIDBZR,TL431BIDBZR,Package_TO_SOT_SMD:SOT-23,B,"[61.5, 14.5, 0]",EXACT_IC_VENDOR_PINMAP; CN_QUOTE_PENDING,
V1.2-H0.2-P1,MORI_power_P1,Q20,AO3400A,AO3400A,Package_TO_SOT_SMD:SOT-23,B,"[75.0, 14.0, 0]",EXACT_IC_VENDOR_PINMAP; CN_QUOTE_PENDING,
V1.2-H0.2-P1,MORI_power_P1,D20,"BZT52H-C10,115","BZT52H-C10,115",Diode_SMD:D_SOD-123F,B,"[75.0, 17.5, 0]",ORDER_CODE_AND_PINMAP_CANDIDATE_VERIFY_VENDOR,
V1.2-H0.2-P1,MORI_power_P1,R20,2.2k,RC0603FR072K2L,Resistor_SMD:R_0603_1608Metric,B,"[62.0, 18.5, 90]",ORDER_CODE_CANDIDATE_VERIFY_EXACT_DATASHEET,
V1.2-H0.2-P1,MORI_power_P1,R21,33.2k 0.1%,RT0603BRD0733K2L,Resistor_SMD:R_0603_1608Metric,B,"[65.0, 20.0, 0]",ORDER_CODE_CANDIDATE_VERIFY_EXACT_DATASHEET,
V1.2-H0.2-P1,MORI_power_P1,R22,10k 0.1%,RT0603BRD0710KL,Resistor_SMD:R_0603_1608Metric,B,"[68.5, 20.0, 0]",ORDER_CODE_CANDIDATE_VERIFY_EXACT_DATASHEET,
V1.2-H0.2-P1,MORI_power_P1,R23,1M 0.1%,RT0603BRD071ML,Resistor_SMD:R_0603_1608Metric,B,"[70.0, 22.0, 0]",ORDER_CODE_CANDIDATE_VERIFY_EXACT_DATASHEET,
V1.2-H0.2-P1,MORI_power_P1,R24,2.2k,RC0603FR072K2L,Resistor_SMD:R_0603_1608Metric,B,"[61.5, 21.5, 0]",ORDER_CODE_CANDIDATE_VERIFY_EXACT_DATASHEET,
V1.2-H0.2-P1,MORI_power_P1,R25,37.4k 0.1%,RT0603BRD0737K4L,Resistor_SMD:R_0603_1608Metric,B,"[65.0, 22.0, 0]",ORDER_CODE_CANDIDATE_VERIFY_EXACT_DATASHEET,
V1.2-H0.2-P1,MORI_power_P1,R26,10k 0.1%,RT0603BRD0710KL,Resistor_SMD:R_0603_1608Metric,B,"[68.0, 24.0, 0]",ORDER_CODE_CANDIDATE_VERIFY_EXACT_DATASHEET,
V1.2-H0.2-P1,MORI_power_P1,C20,100n,CL10B104KB8NNNC,Capacitor_SMD:C_0603_1608Metric,B,"[68.0, 11.5, 0]",ORDER_CODE_CANDIDATE_VERIFY_EXACT_DATASHEET,
V1.2-H0.2-P1,MORI_power_P1,C21,10n,CL10B103KB8NNNC,Capacitor_SMD:C_0603_1608Metric,B,"[63.0, 11.5, 0]",ORDER_CODE_CANDIDATE_VERIFY_EXACT_DATASHEET,
V1.2-H0.2-P1,MORI_power_P1,U40,LM393BDR,LM393BDR,Package_SO:SOIC-8_3.9x4.9mm_P1.27mm,B,"[68.0, 32.0, 0]",EXACT_IC_VENDOR_PINMAP; CN_QUOTE_PENDING,
V1.2-H0.2-P1,MORI_power_P1,U41,TL431BIDBZR,TL431BIDBZR,Package_TO_SOT_SMD:SOT-23,B,"[61.0, 32.0, 0]",EXACT_IC_VENDOR_PINMAP; CN_QUOTE_PENDING,
V1.2-H0.2-P1,MORI_power_P1,Q40,AO3400A,AO3400A,Package_TO_SOT_SMD:SOT-23,B,"[75.0, 32.0, 0]",EXACT_IC_VENDOR_PINMAP; CN_QUOTE_PENDING,
V1.2-H0.2-P1,MORI_power_P1,D40,"BZT52H-C10,115","BZT52H-C10,115",Diode_SMD:D_SOD-123F,B,"[76.0, 36.5, 90]",ORDER_CODE_AND_PINMAP_CANDIDATE_VERIFY_VENDOR,
V1.2-H0.2-P1,MORI_power_P1,R40,2.2k,RC0603FR072K2L,Resistor_SMD:R_0603_1608Metric,B,"[61.5, 36.0, 90]",ORDER_CODE_CANDIDATE_VERIFY_EXACT_DATASHEET,
V1.2-H0.2-P1,MORI_power_P1,R41,16.5k 0.1%,RT0603BRD0716K5L,Resistor_SMD:R_0603_1608Metric,B,"[61.5, 39.5, 90]",ORDER_CODE_CANDIDATE_VERIFY_EXACT_DATASHEET,
V1.2-H0.2-P1,MORI_power_P1,R42,10k 0.1%,RT0603BRD0710KL,Resistor_SMD:R_0603_1608Metric,B,"[68.0, 43.5, 0]",ORDER_CODE_CANDIDATE_VERIFY_EXACT_DATASHEET,
V1.2-H0.2-P1,MORI_power_P1,R43,1M 0.1%,RT0603BRD071ML,Resistor_SMD:R_0603_1608Metric,B,"[75.5, 41.0, 90]",ORDER_CODE_CANDIDATE_VERIFY_EXACT_DATASHEET,
V1.2-H0.2-P1,MORI_power_P1,R44,2.2k,RC0603FR072K2L,Resistor_SMD:R_0603_1608Metric,B,"[59.5, 39.0, 90]",ORDER_CODE_CANDIDATE_VERIFY_EXACT_DATASHEET,
V1.2-H0.2-P1,MORI_power_P1,R45,18.7k 0.1%,RT0603BRD0718K7L,Resistor_SMD:R_0603_1608Metric,B,"[64.5, 43.5, 0]",ORDER_CODE_CANDIDATE_VERIFY_EXACT_DATASHEET,
V1.2-H0.2-P1,MORI_power_P1,R46,10k 0.1%,RT0603BRD0710KL,Resistor_SMD:R_0603_1608Metric,B,"[71.5, 43.5, 0]",ORDER_CODE_CANDIDATE_VERIFY_EXACT_DATASHEET,
V1.2-H0.2-P1,MORI_power_P1,C40,100n,CL10B104KB8NNNC,Capacitor_SMD:C_0603_1608Metric,B,"[68.0, 28.0, 0]",ORDER_CODE_CANDIDATE_VERIFY_EXACT_DATASHEET,
V1.2-H0.2-P1,MORI_power_P1,C41,10n,CL10B103KB8NNNC,Capacitor_SMD:C_0603_1608Metric,B,"[63.0, 28.0, 0]",ORDER_CODE_CANDIDATE_VERIFY_EXACT_DATASHEET,
V1.2-H0.2-P1,MORI_power_P1,R50,100k 0.1%,RT0603BRD07100KL,Resistor_SMD:R_0603_1608Metric,B,"[23.0, 25.5, 0]",ORDER_CODE_CANDIDATE_VERIFY_EXACT_DATASHEET,
V1.2-H0.2-P1,MORI_power_P1,R51,27k 0.1%,RT0603BRD0727KL,Resistor_SMD:R_0603_1608Metric,B,"[23.0, 27.5, 0]",ORDER_CODE_CANDIDATE_VERIFY_EXACT_DATASHEET,
V1.2-H0.2-P1,MORI_power_P1,R52,100k 0.1%,RT0603BRD07100KL,Resistor_SMD:R_0603_1608Metric,B,"[26.0, 26.0, 90]",ORDER_CODE_CANDIDATE_VERIFY_EXACT_DATASHEET,
V1.2-H0.2-P1,MORI_power_P1,R53,27k 0.1%,RT0603BRD0727KL,Resistor_SMD:R_0603_1608Metric,B,"[26.0, 29.5, 90]",ORDER_CODE_CANDIDATE_VERIFY_EXACT_DATASHEET,
V1.2-H0.2-P1,MORI_power_P1,R54,10k,RC0603FR0710KL,Resistor_SMD:R_0603_1608Metric,B,"[56.5, 23.5, 90]",ORDER_CODE_CANDIDATE_VERIFY_EXACT_DATASHEET,
V1.2-H0.2-P1,MORI_power_P1,R55,47k,RC0603FR0747KL,Resistor_SMD:R_0603_1608Metric,B,"[74.0, 24.0, 0]",ORDER_CODE_CANDIDATE_VERIFY_EXACT_DATASHEET,
V1.2-H0.2-P1,MORI_power_P1,R56,100k,RC0603FR07100KL,Resistor_SMD:R_0603_1608Metric,B,"[74.0, 28.0, 0]",ORDER_CODE_CANDIDATE_VERIFY_EXACT_DATASHEET,
V1.2-H0.2-P1,MORI_power_P1,C1,100n,CL10B104KB8NNNC,Capacitor_SMD:C_0603_1608Metric,B,"[26.0, 15.5, 0]",ORDER_CODE_CANDIDATE_VERIFY_EXACT_DATASHEET,
V1.2-H0.2-P1,MORI_power_P1,C2,1u 25V,CL10A105KA8NNNC,Capacitor_SMD:C_0603_1608Metric,B,"[27.0, 12.0, 0]",ORDER_CODE_CANDIDATE_VERIFY_EXACT_DATASHEET,
V1.2-H0.2-P1,MORI_power_P1,Q50,MMBT3904LT1G,MMBT3904LT1G,Package_TO_SOT_SMD:SOT-23,B,"[74.0, 21.0, 0]",ORDER_CODE_AND_PINMAP_CANDIDATE_VERIFY_VENDOR,
