id,scope,status,evidence,release_condition
G01,预算,BLOCKED,屏幕增加34.30元；FOC主电机/驱动撤回重选，整机总额留空，不把未知费用当0。,完成新轮驱及其余未报价行，不再沿用旧1322元情景作为当前总额。
G02,FOC轮驱,BLOCKED,FIT1034当前1:1路线筛选FAIL；每轮约0.025Nm含假设损耗，12/12恢复情景未通过。,按约0.10Nm连续/0.20Nm短时轮端峰值筛选；校核低电压、热、速比、反馈与安装。
G03,有刷备选,BLOCKED,FIT0521国内99元/只且有货；DRV8874成品板国内货源未核；不再因原1000门槛直接FAIL,落实成品限流H桥国内SKU，核厂商PPR/持续能力；独立重新辨识控制模型
G04,舵机/显示机械,BLOCKED,改用TDO2.1寸Ø53.28；105.30元现货10。LCM56.18×59.71×2.30，转接板34×34独立布局；舵机仍需耳/行程校核。,按真实屏幕/FPC/背板与摄像头、两轴头机构复核组合姿态；不沿用1.28寸夹具。
G05,电池与板框净空,BLOCKED,新亚博包37×67×22/115g，厚度无减振余量；摄像头35.7×23.9、IMU22×27均超现预留,机械候选包络/服务空间碰撞检查；不是根据旧板框直接画PCB
G06,电池/充电/均衡,BLOCKED,亚博有厂家国内购买链接但选项价格/库存未核；DFR0564国内30元有货，保护/均衡/8.484V上界匹配未完成,核实匹配成品电池/充电许可公差与保护参数；USB-C输入/充电断开链完成
G07,并发电流,NOT_TESTED,亚博候选厂商15A持续高于旧5.28A情景；旧ANSMANN5A限制已不适用。新FOC/摄像头功耗与包内阻未测。FIT0137持续2.5A被筛除。,新器件峰值/欠压/温升实测；不得把旧H0.1功耗或续航结果直接套到H0.2
G08,回灌/急停/电源路径,BLOCKED,轮母线额定未知，主动消能、保险反接、急停/watchdog具体后缀未冻结,器件额定与失效路径原理图；就地消能能量/温升校核，禁止靠BMS突然断电
G09,摄像头与音频电气,BLOCKED,OV5640-A国内103元在售，传感器/PCB已明确；端子线序与信号容限、I2S掉电隔离仍缺审核,取得可审查模块图并核线序/IO容限；建立H0.2 pinmap后才能接线
G10,供应和自定义唤醒,BLOCKED,扬声器FIT0825国内12元库存15，舵机SER0046国内40元有货，已解除这两项供应问题；MORI唤醒模型仍未取得,只保留真实模型/授权/费用及交付验证，不再把已核国内供货的声学/舵机混写为缺货
G11,硬件能力与续航,NOT_TESTED,所有电流/温升/反馈/回差/站立/音视频并发/续航均无实物记录,按T00–T14逐项记录，不把仿真或资料标价当实测
G12,V1原理图/PCB/ERC/DRC,BLOCKED,KiCad10.0.6可用；V1原理图/PCB仍未创建。上游电压/接口/包络待闭合，已不以略超1000阻挡,先冻结可接线且可装配的接口；再做原生KiCad、实际ERC/DRC；不以旧A0证明V1
