revision,harness_id,quantity,carrier_candidate_pin,signal,device,device_pin,wire,current_basis,routing,status,notes
V1-H0.1,BAT,1,1,BAT_PLUS,ANSMANN2447-0105 factory keyed XT30 termination,UNKNOWN_UNTIL_VENDOR_DRAWING,20AWG stranded copper,"5A candidate pack upper limit, not proved continuous",short near fuse; separate high-current return,BLOCKED_NOT_FOR_WIRING,Do not solder bare cells. XT30 gender/polarity drawing and pack discharge spec must match.
V1-H0.1,BAT,1,2,GND,ANSMANN2447-0105 factory keyed XT30 termination,UNKNOWN_UNTIL_VENDOR_DRAWING,20AWG stranded copper,"5A candidate pack upper limit, not proved continuous",short near fuse; separate high-current return,BLOCKED_NOT_FOR_WIRING,Do not solder bare cells. XT30 gender/polarity drawing and pack discharge spec must match.
V1-H0.1,FOC,2,1,WHEEL_BUS,unknown4012FOC,UNKNOWN_UNTIL_VENDOR_DRAWING,20AWG power;26AWG signal twisted with GND,UNKNOWN motor rating,"left/right labelled, keep signal separate from motor phases",BLOCKED_NOT_FOR_WIRING,Not vendor pinout. Half/full duplex and logic unknown: no assembly release.
V1-H0.1,FOC,2,2,GND,unknown4012FOC,UNKNOWN_UNTIL_VENDOR_DRAWING,20AWG power;26AWG signal twisted with GND,UNKNOWN motor rating,"left/right labelled, keep signal separate from motor phases",BLOCKED_NOT_FOR_WIRING,Not vendor pinout. Half/full duplex and logic unknown: no assembly release.
V1-H0.1,FOC,2,3,DATA_TX,unknown4012FOC,UNKNOWN_UNTIL_VENDOR_DRAWING,20AWG power;26AWG signal twisted with GND,UNKNOWN motor rating,"left/right labelled, keep signal separate from motor phases",BLOCKED_NOT_FOR_WIRING,Not vendor pinout. Half/full duplex and logic unknown: no assembly release.
V1-H0.1,FOC,2,4,DATA_RX,unknown4012FOC,UNKNOWN_UNTIL_VENDOR_DRAWING,20AWG power;26AWG signal twisted with GND,UNKNOWN motor rating,"left/right labelled, keep signal separate from motor phases",BLOCKED_NOT_FOR_WIRING,Not vendor pinout. Half/full duplex and logic unknown: no assembly release.
V1-H0.1,ENC_ALT,2,1,ENC_3V3,FIT0521 encoder portion of PH2.0-6P,UNKNOWN_UNTIL_VENDOR_DRAWING,26AWG,logic only,AB with ground reference; shield termination if measurements require,BLOCKED_NOT_FOR_WIRING,Actual motor6pin order and colors unknown. Keep motor wires separately rated; do not crimp from this table.
V1-H0.1,ENC_ALT,2,2,GND,FIT0521 encoder portion of PH2.0-6P,UNKNOWN_UNTIL_VENDOR_DRAWING,26AWG,logic only,AB with ground reference; shield termination if measurements require,BLOCKED_NOT_FOR_WIRING,Actual motor6pin order and colors unknown. Keep motor wires separately rated; do not crimp from this table.
V1-H0.1,ENC_ALT,2,3,A,FIT0521 encoder portion of PH2.0-6P,UNKNOWN_UNTIL_VENDOR_DRAWING,26AWG,logic only,AB with ground reference; shield termination if measurements require,BLOCKED_NOT_FOR_WIRING,Actual motor6pin order and colors unknown. Keep motor wires separately rated; do not crimp from this table.
V1-H0.1,ENC_ALT,2,4,B,FIT0521 encoder portion of PH2.0-6P,UNKNOWN_UNTIL_VENDOR_DRAWING,26AWG,logic only,AB with ground reference; shield termination if measurements require,BLOCKED_NOT_FOR_WIRING,Actual motor6pin order and colors unknown. Keep motor wires separately rated; do not crimp from this table.
V1-H0.1,MOTOR_ALT,2,1,OUT1,FIT0521 motor portion,UNKNOWN_UNTIL_VENDOR_DRAWING,22AWG minimum candidate,hardware limit1.5A target,twisted pair; suppress at motor per vendor EMC guidance,BLOCKED_NOT_FOR_WIRING,Polarity sign assigned only after T05. No direct battery.
V1-H0.1,MOTOR_ALT,2,2,OUT2,FIT0521 motor portion,UNKNOWN_UNTIL_VENDOR_DRAWING,22AWG minimum candidate,hardware limit1.5A target,twisted pair; suppress at motor per vendor EMC guidance,BLOCKED_NOT_FOR_WIRING,Polarity sign assigned only after T05. No direct battery.
V1-H0.1,SERVO_YAW,1,1,SERVO_5V,FT90M-FB,UNKNOWN_UNTIL_VENDOR_DRAWING,24AWG power;28AWG signals,1A per servo transient design bound,finite yaw loop; clamp strain relief,BLOCKED_NOT_FOR_WIRING,Vendor4wire order/colors not published in reviewed PDF; must confirm.
V1-H0.1,SERVO_YAW,1,2,GND,FT90M-FB,UNKNOWN_UNTIL_VENDOR_DRAWING,24AWG power;28AWG signals,1A per servo transient design bound,finite yaw loop; clamp strain relief,BLOCKED_NOT_FOR_WIRING,Vendor4wire order/colors not published in reviewed PDF; must confirm.
V1-H0.1,SERVO_YAW,1,3,PWM_YAW,FT90M-FB,UNKNOWN_UNTIL_VENDOR_DRAWING,24AWG power;28AWG signals,1A per servo transient design bound,finite yaw loop; clamp strain relief,BLOCKED_NOT_FOR_WIRING,Vendor4wire order/colors not published in reviewed PDF; must confirm.
V1-H0.1,SERVO_YAW,1,4,FB_YAW,FT90M-FB,UNKNOWN_UNTIL_VENDOR_DRAWING,24AWG power;28AWG signals,1A per servo transient design bound,finite yaw loop; clamp strain relief,BLOCKED_NOT_FOR_WIRING,Vendor4wire order/colors not published in reviewed PDF; must confirm.
V1-H0.1,SERVO_PITCH,1,1,SERVO_5V,FT90M-FB,UNKNOWN_UNTIL_VENDOR_DRAWING,24AWG power;28AWG signals,as yaw,"pitch loop, all combined poses",BLOCKED_NOT_FOR_WIRING,Same warning; no PWM-only substitute without contract change.
V1-H0.1,SERVO_PITCH,1,2,GND,FT90M-FB,UNKNOWN_UNTIL_VENDOR_DRAWING,24AWG power;28AWG signals,as yaw,"pitch loop, all combined poses",BLOCKED_NOT_FOR_WIRING,Same warning; no PWM-only substitute without contract change.
V1-H0.1,SERVO_PITCH,1,3,PWM_PITCH,FT90M-FB,UNKNOWN_UNTIL_VENDOR_DRAWING,24AWG power;28AWG signals,as yaw,"pitch loop, all combined poses",BLOCKED_NOT_FOR_WIRING,Same warning; no PWM-only substitute without contract change.
V1-H0.1,SERVO_PITCH,1,4,FB_PITCH,FT90M-FB,UNKNOWN_UNTIL_VENDOR_DRAWING,24AWG power;28AWG signals,as yaw,"pitch loop, all combined poses",BLOCKED_NOT_FOR_WIRING,Same warning; no PWM-only substitute without contract change.
V1-H0.1,LCD,1,1,3V3_I,Waveshare19192,UNKNOWN_UNTIL_VENDOR_DRAWING,28AWG signal + adjacent ground,"31.2mA reference, measurement pending",candidate<80mm; start20MHz; keep away servo wiring,BLOCKED_NOT_FOR_WIRING,Physical8pin order must be verified; diagram signal order is not vendor index.
V1-H0.1,LCD,1,2,GND,Waveshare19192,UNKNOWN_UNTIL_VENDOR_DRAWING,28AWG signal + adjacent ground,"31.2mA reference, measurement pending",candidate<80mm; start20MHz; keep away servo wiring,BLOCKED_NOT_FOR_WIRING,Physical8pin order must be verified; diagram signal order is not vendor index.
V1-H0.1,LCD,1,3,MOSI,Waveshare19192,UNKNOWN_UNTIL_VENDOR_DRAWING,28AWG signal + adjacent ground,"31.2mA reference, measurement pending",candidate<80mm; start20MHz; keep away servo wiring,BLOCKED_NOT_FOR_WIRING,Physical8pin order must be verified; diagram signal order is not vendor index.
V1-H0.1,LCD,1,4,SCLK,Waveshare19192,UNKNOWN_UNTIL_VENDOR_DRAWING,28AWG signal + adjacent ground,"31.2mA reference, measurement pending",candidate<80mm; start20MHz; keep away servo wiring,BLOCKED_NOT_FOR_WIRING,Physical8pin order must be verified; diagram signal order is not vendor index.
V1-H0.1,LCD,1,5,CS_N,Waveshare19192,UNKNOWN_UNTIL_VENDOR_DRAWING,28AWG signal + adjacent ground,"31.2mA reference, measurement pending",candidate<80mm; start20MHz; keep away servo wiring,BLOCKED_NOT_FOR_WIRING,Physical8pin order must be verified; diagram signal order is not vendor index.
V1-H0.1,LCD,1,6,DC,Waveshare19192,UNKNOWN_UNTIL_VENDOR_DRAWING,28AWG signal + adjacent ground,"31.2mA reference, measurement pending",candidate<80mm; start20MHz; keep away servo wiring,BLOCKED_NOT_FOR_WIRING,Physical8pin order must be verified; diagram signal order is not vendor index.
V1-H0.1,LCD,1,7,RST_EN,Waveshare19192,UNKNOWN_UNTIL_VENDOR_DRAWING,28AWG signal + adjacent ground,"31.2mA reference, measurement pending",candidate<80mm; start20MHz; keep away servo wiring,BLOCKED_NOT_FOR_WIRING,Physical8pin order must be verified; diagram signal order is not vendor index.
V1-H0.1,LCD,1,8,BL,Waveshare19192,UNKNOWN_UNTIL_VENDOR_DRAWING,28AWG signal + adjacent ground,"31.2mA reference, measurement pending",candidate<80mm; start20MHz; keep away servo wiring,BLOCKED_NOT_FOR_WIRING,Physical8pin order must be verified; diagram signal order is not vendor index.
V1-H0.1,IMU,1,1,3V3_M,Adafruit4438,UNKNOWN_UNTIL_VENDOR_DRAWING,28AWG short,logic only,"rigid body, target<50mm",BLOCKED_NOT_FOR_WIRING,Avoid flexible shell mount. Vendor SPI labels mapped to own netlist before assembly.
V1-H0.1,IMU,1,2,GND,Adafruit4438,UNKNOWN_UNTIL_VENDOR_DRAWING,28AWG short,logic only,"rigid body, target<50mm",BLOCKED_NOT_FOR_WIRING,Avoid flexible shell mount. Vendor SPI labels mapped to own netlist before assembly.
V1-H0.1,IMU,1,3,SCK,Adafruit4438,UNKNOWN_UNTIL_VENDOR_DRAWING,28AWG short,logic only,"rigid body, target<50mm",BLOCKED_NOT_FOR_WIRING,Avoid flexible shell mount. Vendor SPI labels mapped to own netlist before assembly.
V1-H0.1,IMU,1,4,MOSI,Adafruit4438,UNKNOWN_UNTIL_VENDOR_DRAWING,28AWG short,logic only,"rigid body, target<50mm",BLOCKED_NOT_FOR_WIRING,Avoid flexible shell mount. Vendor SPI labels mapped to own netlist before assembly.
V1-H0.1,IMU,1,5,MISO,Adafruit4438,UNKNOWN_UNTIL_VENDOR_DRAWING,28AWG short,logic only,"rigid body, target<50mm",BLOCKED_NOT_FOR_WIRING,Avoid flexible shell mount. Vendor SPI labels mapped to own netlist before assembly.
V1-H0.1,IMU,1,6,CS_N,Adafruit4438,UNKNOWN_UNTIL_VENDOR_DRAWING,28AWG short,logic only,"rigid body, target<50mm",BLOCKED_NOT_FOR_WIRING,Avoid flexible shell mount. Vendor SPI labels mapped to own netlist before assembly.
V1-H0.1,IMU,1,7,INT1,Adafruit4438,UNKNOWN_UNTIL_VENDOR_DRAWING,28AWG short,logic only,"rigid body, target<50mm",BLOCKED_NOT_FOR_WIRING,Avoid flexible shell mount. Vendor SPI labels mapped to own netlist before assembly.
V1-H0.1,MIC,1,1,3V3_I,SEN0327,UNKNOWN_UNTIL_VENDOR_DRAWING,28AWG,logic only,"away classD/servo, small isolation gasket",BLOCKED_NOT_FOR_WIRING,LR ground selects left; manufacturer actual wire order needed.
V1-H0.1,MIC,1,2,GND,SEN0327,UNKNOWN_UNTIL_VENDOR_DRAWING,28AWG,logic only,"away classD/servo, small isolation gasket",BLOCKED_NOT_FOR_WIRING,LR ground selects left; manufacturer actual wire order needed.
V1-H0.1,MIC,1,3,BCLK,SEN0327,UNKNOWN_UNTIL_VENDOR_DRAWING,28AWG,logic only,"away classD/servo, small isolation gasket",BLOCKED_NOT_FOR_WIRING,LR ground selects left; manufacturer actual wire order needed.
V1-H0.1,MIC,1,4,WS,SEN0327,UNKNOWN_UNTIL_VENDOR_DRAWING,28AWG,logic only,"away classD/servo, small isolation gasket",BLOCKED_NOT_FOR_WIRING,LR ground selects left; manufacturer actual wire order needed.
V1-H0.1,MIC,1,5,SD,SEN0327,UNKNOWN_UNTIL_VENDOR_DRAWING,28AWG,logic only,"away classD/servo, small isolation gasket",BLOCKED_NOT_FOR_WIRING,LR ground selects left; manufacturer actual wire order needed.
V1-H0.1,MIC,1,6,LR_GND,SEN0327,UNKNOWN_UNTIL_VENDOR_DRAWING,28AWG,logic only,"away classD/servo, small isolation gasket",BLOCKED_NOT_FOR_WIRING,LR ground selects left; manufacturer actual wire order needed.
V1-H0.1,AMP,1,1,5V_AUDIO,DFR0954,UNKNOWN_UNTIL_VENDOR_DRAWING,24AWG supply;28AWG logic,"speaker cap.25W RMS, amplifier supply margin",close speaker; away mic,BLOCKED_NOT_FOR_WIRING,"SD control voltage behavior/board pullups verify, external pulldown keeps boot muted."
V1-H0.1,AMP,1,2,GND,DFR0954,UNKNOWN_UNTIL_VENDOR_DRAWING,24AWG supply;28AWG logic,"speaker cap.25W RMS, amplifier supply margin",close speaker; away mic,BLOCKED_NOT_FOR_WIRING,"SD control voltage behavior/board pullups verify, external pulldown keeps boot muted."
V1-H0.1,AMP,1,3,BCLK,DFR0954,UNKNOWN_UNTIL_VENDOR_DRAWING,24AWG supply;28AWG logic,"speaker cap.25W RMS, amplifier supply margin",close speaker; away mic,BLOCKED_NOT_FOR_WIRING,"SD control voltage behavior/board pullups verify, external pulldown keeps boot muted."
V1-H0.1,AMP,1,4,WS,DFR0954,UNKNOWN_UNTIL_VENDOR_DRAWING,24AWG supply;28AWG logic,"speaker cap.25W RMS, amplifier supply margin",close speaker; away mic,BLOCKED_NOT_FOR_WIRING,"SD control voltage behavior/board pullups verify, external pulldown keeps boot muted."
V1-H0.1,AMP,1,5,DIN,DFR0954,UNKNOWN_UNTIL_VENDOR_DRAWING,24AWG supply;28AWG logic,"speaker cap.25W RMS, amplifier supply margin",close speaker; away mic,BLOCKED_NOT_FOR_WIRING,"SD control voltage behavior/board pullups verify, external pulldown keeps boot muted."
V1-H0.1,AMP,1,6,ENABLE,DFR0954,UNKNOWN_UNTIL_VENDOR_DRAWING,24AWG supply;28AWG logic,"speaker cap.25W RMS, amplifier supply margin",close speaker; away mic,BLOCKED_NOT_FOR_WIRING,"SD control voltage behavior/board pullups verify, external pulldown keeps boot muted."
V1-H0.1,SPK,1,1,BTL_OUT_PLUS,Adafruit1890,UNKNOWN_UNTIL_VENDOR_DRAWING,26AWG twisted pair,8ohm .25W rated,short away IMU/mic,BLOCKED_NOT_FOR_WIRING,Neither lead to ground; max0.5W is not continuous.
V1-H0.1,SPK,1,2,BTL_OUT_MINUS,Adafruit1890,UNKNOWN_UNTIL_VENDOR_DRAWING,26AWG twisted pair,8ohm .25W rated,short away IMU/mic,BLOCKED_NOT_FOR_WIRING,Neither lead to ground; max0.5W is not continuous.
V1-H0.1,MCU_LINK,1,1,GND,two domain translators at carrier,UNKNOWN_UNTIL_VENDOR_DRAWING,28AWG,3.3V logic,"local body, no unisolated supply wire",BLOCKED_NOT_FOR_WIRING,No UART0 reset/boot coupling.
V1-H0.1,MCU_LINK,1,2,M_TX_I_RX,two domain translators at carrier,UNKNOWN_UNTIL_VENDOR_DRAWING,28AWG,3.3V logic,"local body, no unisolated supply wire",BLOCKED_NOT_FOR_WIRING,No UART0 reset/boot coupling.
V1-H0.1,MCU_LINK,1,3,I_TX_M_RX,two domain translators at carrier,UNKNOWN_UNTIL_VENDOR_DRAWING,28AWG,3.3V logic,"local body, no unisolated supply wire",BLOCKED_NOT_FOR_WIRING,No UART0 reset/boot coupling.
V1-H0.1,DEBUG,2,1,GND,hidden keyed pogo jig,UNKNOWN_UNTIL_VENDOR_DRAWING,short USB controlled pair,SENSE not external power,maintenance cradle only,BLOCKED_NOT_FOR_WIRING,No exterior second/third USB-C; jigVBUS not tied to robot rails.
V1-H0.1,DEBUG,2,2,3V3_SENSE,hidden keyed pogo jig,UNKNOWN_UNTIL_VENDOR_DRAWING,short USB controlled pair,SENSE not external power,maintenance cradle only,BLOCKED_NOT_FOR_WIRING,No exterior second/third USB-C; jigVBUS not tied to robot rails.
V1-H0.1,DEBUG,2,3,D_MINUS,hidden keyed pogo jig,UNKNOWN_UNTIL_VENDOR_DRAWING,short USB controlled pair,SENSE not external power,maintenance cradle only,BLOCKED_NOT_FOR_WIRING,No exterior second/third USB-C; jigVBUS not tied to robot rails.
V1-H0.1,DEBUG,2,4,D_PLUS,hidden keyed pogo jig,UNKNOWN_UNTIL_VENDOR_DRAWING,short USB controlled pair,SENSE not external power,maintenance cradle only,BLOCKED_NOT_FOR_WIRING,No exterior second/third USB-C; jigVBUS not tied to robot rails.
V1-H0.1,DEBUG,2,5,EN,hidden keyed pogo jig,UNKNOWN_UNTIL_VENDOR_DRAWING,short USB controlled pair,SENSE not external power,maintenance cradle only,BLOCKED_NOT_FOR_WIRING,No exterior second/third USB-C; jigVBUS not tied to robot rails.
V1-H0.1,DEBUG,2,6,BOOT_N,hidden keyed pogo jig,UNKNOWN_UNTIL_VENDOR_DRAWING,short USB controlled pair,SENSE not external power,maintenance cradle only,BLOCKED_NOT_FOR_WIRING,No exterior second/third USB-C; jigVBUS not tied to robot rails.
