board,uuid,net,xy,diameter,drill
MORI_motion_P5R6,66b9ae1d-a59f-49b8-806d-08fddc146728,/S288_BUS,"[31.394399, 6.7056]",0.8,0.3
MORI_motion_P5R6,0c58a23b-4984-4afb-a062-70a22a872fc6,/GND,"[21.2598, 20.7518]",0.8,0.3
MORI_motion_P5R6,175ba1ca-83a9-430f-9a2f-0a5491219575,/GND,"[31.3436, 9.8552]",0.8,0.3
MORI_motion_P5R6,292986f5-89bf-4484-a484-d484444656a7,/GND,"[43.8, 9.0]",0.8,0.3
MORI_motion_P5R6,2a177542-c73e-491d-9112-e00ef2969a18,/GND,"[44.4754, 11.9888]",0.8,0.3
MORI_motion_P5R6,3393ec02-1220-432d-a3a5-a2992f208223,/GND,"[35.5, 17.0]",0.8,0.3
MORI_motion_P5R6,59315772-8c71-45a4-b8e2-cff1460d65ee,/GND,"[18.575, 27.0]",0.8,0.3
MORI_motion_P5R6,62eaa794-96ab-41af-b639-921326535472,/GND,"[17.5514, 14.2986]",0.8,0.3
MORI_motion_P5R6,8815c29e-febd-4ccf-ac09-8ffee7ccf58d,/GND,"[26.4668, 22.75]",0.8,0.3
MORI_motion_P5R6,91e02d90-fe4e-4c77-946f-6fdc70340b3d,/GND,"[36.5, 29.0]",0.8,0.3
MORI_motion_P5R6,99428bec-5847-4019-a78b-4f62f95a2584,/GND,"[9.982199, 15.0114]",0.8,0.3
MORI_motion_P5R6,a3d35be6-82ae-4a2f-8101-1fdc28d75ac1,/GND,"[13.275, 27.0]",0.8,0.3
MORI_motion_P5R6,a43ba0bb-31cc-4a8e-aae3-4fa556cc4dda,/GND,"[4.9784, 10.2616]",0.8,0.3
MORI_motion_P5R6,a6855cdc-244e-4428-8fa9-f886a7388d1d,/GND,"[45.5, 31.5]",0.8,0.3
MORI_motion_P5R6,b62ac0f0-c4fe-41ea-b530-deb7963c5e26,/GND,"[13.512799, 21.0058]",0.8,0.3
MORI_motion_P5R6,b78d2220-3848-4213-b3d1-e599835423bf,/GND,"[19.659599, 26.8478]",0.8,0.3
MORI_motion_P5R6,b94fb20e-779a-45c7-b6cb-bf8e3068d93e,/GND,"[42.4942, 7.264399]",0.8,0.3
MORI_motion_P5R6,b9d085f8-592c-4911-b080-a83a9788f318,/GND,"[25.2476, 7.645399]",0.8,0.3
MORI_motion_P5R6,be25a692-a359-41da-a3e0-18188ef4f9ba,/GND,"[6.0198, 21.0058]",0.8,0.3
MORI_motion_P5R6,ccf00cf4-b5c7-4fec-9a8f-08ab03455f58,/GND,"[44.5, 4.5]",0.8,0.3
MORI_motion_P5R6,cff6d494-3ec5-43fb-86b0-3aa501bef762,/GND,"[15.175, 27.0]",0.8,0.3
MORI_motion_P5R6,e6689bb5-b30c-45b0-b9d0-9cd143a48cc1,/GND,"[16.4846, 10.2616]",0.8,0.3
MORI_motion_P5R6,ef70837e-bf70-4d6f-b399-41ed4ec3f5b7,/GND,"[24.485599, 12.242799]",0.8,0.3
MORI_motion_P5R6,f37f5ad0-95ac-4121-a6d6-e9aaf0c6116b,/GND,"[10.3886, 17.0434]",0.8,0.3
MORI_motion_P5R6,f99acbaf-b130-4cc0-966c-29bc7bfc5c49,/GND,"[36.1696, 11.0744]",0.8,0.3
MORI_motion_P5R6,15827cd6-a542-4752-ab33-ea5c9e58a332,/USER_KEY_N,"[46.228, 30.6832]",0.8,0.3
MORI_motion_P5R6,7ee90cd7-6d99-4f5d-ae42-208556cb7a5e,/USER_KEY_N,"[30.581599, 28.1432]",0.8,0.3
MORI_motion_P5R6,bf8d9372-a6cc-424e-9de0-25a4233be876,/USER_KEY_N,"[33.8328, 28.1432]",0.8,0.3
MORI_motion_P5R6,05a0ea58-3529-47cb-bedf-56dd8212719b,/+3V3,"[43.9674, 19.9898]",0.8,0.3
MORI_motion_P5R6,066b3277-b4a5-450d-b5d5-e534b860a27c,/+3V3,"[20.55, 9.35]",0.8,0.3
MORI_motion_P5R6,1a181a8b-eaa7-42ec-ab2e-01e810e067d7,/+3V3,"[22.75, 21.15]",0.8,0.3
MORI_motion_P5R6,1aaaae34-8274-4c96-9ad7-f623d0bde81d,/+3V3,"[12.5222, 10.2616]",0.8,0.3
MORI_motion_P5R6,1f39cbb3-5b22-4d54-9558-7292f412a1fe,/+3V3,"[44.5516, 9.753599]",0.8,0.3
MORI_motion_P5R6,247da4e7-9505-4bca-ba00-31739a1de189,/+3V3,"[10.7442, 6.1468]",0.8,0.3
MORI_motion_P5R6,45d1bb82-1065-4853-8158-95317a77adc3,/+3V3,"[20.5232, 12.8524]",0.8,0.3
MORI_motion_P5R6,484de3d6-eb3f-4c70-8857-f186b9b68236,/+3V3,"[19.525, 7.5]",0.8,0.3
MORI_motion_P5R6,61264f4d-8b50-4aa6-b432-7e5c6bc90c66,/+3V3,"[39.9796, 26.0096]",0.8,0.3
MORI_motion_P5R6,69a7e2f7-1e8f-4f99-b44f-47d4b3392978,/+3V3,"[32.003999, 13.716]",0.8,0.3
MORI_motion_P5R6,719ae975-66bb-40da-9dba-8ce5fcf40a93,/+3V3,"[10.7442, 12.242799]",0.8,0.3
MORI_motion_P5R6,749da056-7704-4049-be4f-57714c408730,/+3V3,"[35.7632, 9.7536]",0.8,0.3
MORI_motion_P5R6,7760eeae-aa1f-4b3c-b9f1-37e19fd7a490,/+3V3,"[6.0198, 15.0114]",0.8,0.3
MORI_motion_P5R6,91d1f468-fd7a-411e-9a07-60fa9fed37c7,/+3V3,"[43.561, 10.541]",0.8,0.3
MORI_motion_P5R6,9f0dd3de-0fc4-4baf-ba12-6a6a8b9fa40a,/+3V3,"[34.7472, 9.753599]",0.8,0.3
MORI_motion_P5R6,a1f9994a-25e1-4954-9aa7-b95c38b34676,/+3V3,"[10.2616, 13.0556]",0.8,0.3
MORI_motion_P5R6,bb9d62f7-9783-434b-abf9-741b38955026,/+3V3,"[18.034, 16.9926]",0.8,0.3
MORI_motion_P5R6,d29ecb6f-e826-4b7b-b749-7ae1feadb834,/+3V3,"[5.613399, 18.008599]",0.8,0.3
MORI_motion_P5R6,e525a8fa-58bd-48ed-ab12-d3babce6e682,/+3V3,"[46.989999, 26.9748]",0.8,0.3
MORI_motion_P5R6,f24e121a-49fe-4e9a-88db-12e97092f9b1,/+3V3,"[27.9908, 23.5204]",0.8,0.3
MORI_motion_P5R6,fa2c7cab-eac4-4699-909e-ee2855cc8656,/+3V3,"[30.7086, 10.668]",0.8,0.3
MORI_motion_P5R6,7968d57b-044a-4642-9fb0-cd3ea7f67d22,/IMU_SCK,"[26.3144, 28.244799]",0.8,0.3
MORI_motion_P5R6,a3627708-f8c0-48e6-8cae-64d9b23f2e5c,/IMU_SCK,"[37.6936, 26.1112]",0.8,0.3
MORI_motion_P5R6,9266d243-364a-488b-b25a-d949495ff5d2,/IMU_MOSI,"[46.228, 21.843999]",0.8,0.3
MORI_motion_P5R6,c84dfc9a-3460-46ef-a4cc-7d3fc60fb981,/IMU_MOSI,"[30.48, 26.8224]",0.8,0.3
MORI_motion_P5R6,67d9c0ae-263b-4603-b583-d9d2558b4f6e,/IMU_CS,"[37.592, 21.336]",0.8,0.3
MORI_motion_P5R6,948bcb4b-036a-42bf-910d-2338ab675b1f,/IMU_CS,"[24.5872, 25.7048]",0.8,0.3
MORI_motion_P5R6,0f525362-ceab-485f-a961-d9d4d8ad01cc,/IMU_DRDY,"[36.169599, 31.394399]",0.8,0.3
MORI_motion_P5R6,6bc5e9c1-377e-4f3d-97c5-1fa4eccdf16c,/IMU_DRDY,"[45.8216, 33.2232]",0.8,0.3
MORI_motion_P5R6,585c5cea-545d-4be3-ac5e-1bfdc7ed1362,/CAM_TX,"[39.5224, 15.0368]",0.8,0.3
MORI_motion_P5R6,0226c4a3-b269-4008-8a85-71f0b3888213,/HEAD_BUS,"[21.2344, 17.0688]",0.8,0.3
MORI_motion_P5R6,34c9c24f-fd78-49f7-8a0e-abfd25dfd1bf,/HEAD_BUS,"[19.95, 16.764]",0.8,0.3
MORI_motion_P5R6,a8be8e22-fccc-4cb1-bf18-52edd41382f3,/HEAD_BUS,"[24.7904, 17.1704]",0.8,0.3
MORI_motion_P5R6,5ff5a3f5-7fb5-4942-b28b-8fc57ed01c32,/HEAD_RX,"[20.25, 27.84]",0.8,0.3
MORI_motion_P5R6,03138046-8626-48f6-bb7c-353b39bcb9af,/CHG_N,"[36.474399, 7.0104]",0.8,0.3
MORI_motion_P5R6,0e2f0cf8-a2d7-4576-8e54-f327b7682edf,/CHG_N,"[28.8544, 25.1968]",0.8,0.3
MORI_motion_P5R6,296b38a9-f6b3-4fae-a975-4bcad7694abd,/CHG_N,"[36.474399, 3.556]",0.8,0.3
MORI_motion_P5R6,e6576df9-c6e2-48a6-a8bb-3ab7093d2d42,/CHG_N,"[26.0096, 20.0152]",0.8,0.3
MORI_motion_P5R6,57073ff9-0cbe-4be6-9f29-99ca998b77f1,/CLR_N,"[11.785599, 12.090399]",0.8,0.3
MORI_motion_P5R6,758d22c4-c090-4b53-a70f-7da39f31646f,/CLR_N,"[31.496, 17.779999]",0.8,0.3
MORI_motion_P5R6,9f732bdc-e78e-4fe3-b5ac-d73bdce89469,/CLR_N,"[22.2504, 16.052799]",0.8,0.3
MORI_motion_P5R6,e2ca8ce0-1a64-4b62-b2bf-ea5f7787ecee,/CLR_N,"[16.052799, 13.817599]",0.8,0.3
MORI_motion_P5R6,58aa0205-35e1-42cc-93e2-c65e6a449453,/S288_OE_REQ_N,"[23.1648, 8.4328]",0.8,0.3
MORI_motion_P5R6,7fd33900-51ef-4401-a318-6e7a386ac3ea,/S288_OE_REQ_N,"[13.9192, 6.7056]",0.8,0.3
MORI_motion_P5R6,e0c62105-ac6b-49e4-afb8-a6b184e8b320,/S288_OE_REQ_N,"[22.5552, 13.6144]",0.8,0.3
MORI_motion_P5R6,f0aae0bf-c471-4047-bc67-86c06917f5e8,/S288_OE_REQ_N,"[22.0472, 7.3152]",0.8,0.3
MORI_motion_P5R6,64bc3614-d707-441b-8fc1-8fe0200b93f4,/FAULT_N,"[18.694399, 17.779999]",0.8,0.3
MORI_motion_P5R6,bbfa87c6-f359-4f60-8415-29d311a3c04d,/LINK_RX,"[34.1376, 7.2136]",0.8,0.3
MORI_motion_P5R6,382c17e2-4de2-4e91-b4ad-faa1b2a48d5b,/LOOP_3V3,"[44.0944, 27.7368]",0.8,0.3
MORI_motion_P5R6,23ef7c33-7334-4777-89eb-9ae6a68ea0c5,/ARM_Q,"[22.453599, 11.2776]",0.8,0.3
MORI_motion_P5R6,cc4c2d7c-eeb5-4151-a3c5-fafb4344236c,/ARM_Q,"[17.3736, 10.769599]",0.8,0.3
MORI_motion_P5R6,f7502db1-f2ca-4ced-b378-518d5a38156d,/ARM_Q,"[33.9344, 14.3256]",0.8,0.3
MORI_motion_P5R6,33a01166-8b80-4a04-9012-caced3d826cd,/BAT_ADC_IN,"[13.106399, 22.0472]",0.8,0.3
MORI_motion_P5R6,ce269d71-7e6f-4ca5-802b-c903c8f982a7,/BAT_ADC_IN,"[37.592, 13.6144]",0.8,0.3
MORI_motion_P5R6,e6ec4a1c-410a-45c9-a238-c069a329bc3a,/BAT_ADC_IN,"[34.1376, 17.0688]",0.8,0.3
MORI_motion_P5R6,f1375038-94e5-457a-946c-232be859fa60,/BAT_ADC_IN,"[45.4152, 11.5824]",0.8,0.3
MORI_motion_P5R6,4f45d5a0-3ff8-4c63-95eb-34c974014973,/WHEEL_ADC_IN,"[29.8704, 13.9192]",0.8,0.3
MORI_motion_P5R6,51383ae1-a919-4c3c-95a5-309a119bb5f0,/WHEEL_ADC_IN,"[18.5928, 21.336]",0.8,0.3
MORI_motion_P5R6,9d520d23-62c7-4a82-b1a8-b35ba5e7b635,/WHEEL_ADC_IN,"[62.5856, 6.2992]",0.8,0.3
MORI_motion_P5R6,5c8cb8b8-277a-483a-aef7-130d23840e95,/CURRENT_ADC_IN,"[19.4056, 25.4]",0.8,0.3
MORI_motion_P5R6,a50ec438-baec-4e5b-9ec8-7e82df7b438b,/CURRENT_ADC_IN,"[45.0088, 34.036]",0.8,0.3
MORI_motion_P5R6,b9323415-2f37-4f8d-b059-2baf6c5cc42a,/S288_OE_N,"[20.7264, 8.3058]",0.8,0.3
MORI_motion_P5R6,e8fc682e-7e96-44da-aa33-72e35363ab66,/S288_OE_N,"[26.416, 10.5664]",0.8,0.3
MORI_motion_P5R6,1e93578b-88f0-4c4d-9044-7ec687fec613,/ARM_Q_N,"[19.507199, 14.122399]",0.8,0.3
MORI_motion_P5R6,909988ef-73fa-4a1d-a116-e2c78b0e7765,/ARM_Q_N,"[11.7, 6.7]",0.8,0.3
MORI_motion_P5R6,9ab6126d-47e7-44d8-a329-07c1e4a8d2d9,/ARM_Q_N,"[17.9832, 8.9408]",0.8,0.3
MORI_motion_P5R6,198b031c-4a97-413e-88d6-98899b1bea6e,/HEAD_OE_N,"[22.5552, 24.9936]",0.8,0.3
MORI_motion_P5R6,dbe11d5f-6b5a-4785-a782-5c9653cb7321,/HEAD_OE_N,"[19.507199, 24.384]",0.8,0.3
MORI_power_P5R6,002a53c4-14b4-4e01-8bdc-8f0e7a984446,/GND,"[35.5, 18.5]",0.8,0.3
MORI_power_P5R6,06141420-e271-492e-b9c4-4941dcd3d2bb,/GND,"[31.8, 43.5]",0.8,0.3
MORI_power_P5R6,112ac756-9b6f-4afb-840f-a1b77b19d3ae,/GND,"[63.45, 19.8]",0.6,0.3
MORI_power_P5R6,2feb4d94-1458-4edd-b873-0bad9145ba49,/GND,"[36.0, 28.0]",0.8,0.3
MORI_power_P5R6,35b7c346-ddb2-483d-a2ee-a6b28ee4ec66,/GND,"[15.4, 43.975]",0.6,0.3
MORI_power_P5R6,3b5dda83-b571-4d03-8d05-5734a90ad6ea,/GND,"[20.4, 45.875]",0.8,0.3
MORI_power_P5R6,42322df4-e3e1-423f-b61c-edc2b2799e2f,/GND,"[21.5, 26.5]",0.8,0.3
MORI_power_P5R6,4471a1ea-92ff-464d-9c0e-26de67d657ac,/GND,"[56.3626, 31.394399]",0.6,0.3
MORI_power_P5R6,4cf6aea9-2efe-4436-ac04-a4e19ed470fd,/GND,"[38.5064, 19.5326]",0.6,0.3
MORI_power_P5R6,55e81454-c36c-4284-a9e8-2d08f98805b7,/GND,"[68.0, 37.5]",0.8,0.3
MORI_power_P5R6,6452f860-e3b8-4656-82fc-33ebf1919e42,/GND,"[40.5, 44.5]",0.8,0.3
MORI_power_P5R6,6625054e-7e1c-438b-b94c-2fdb7386e67c,/GND,"[12.0, 42.5]",0.8,0.3
MORI_power_P5R6,66e3e879-8581-4cb5-8080-5d63a41fa1f2,/GND,"[25.65, 23.7]",0.8,0.3
MORI_power_P5R6,6cfbf411-24c8-4077-8638-f1b8bf7ec0fb,/GND,"[43.9674, 45.4914]",0.6,0.3
MORI_power_P5R6,6da6cd7f-8e33-4e37-a0b6-f3440c4d257a,/GND,"[12.2, 29.475]",1.0,0.45
MORI_power_P5R6,76ea172e-93f5-4322-b85d-efcbe8992e59,/GND,"[31.8, 29.5]",0.8,0.3
MORI_power_P5R6,783598dd-d225-483a-be49-71093d56c26f,/GND,"[68.0, 23.0]",0.8,0.3
MORI_power_P5R6,8365a1ae-fce3-4b1e-b38d-3dfc4c2e92ee,/GND,"[21.3, 40.5]",0.8,0.3
MORI_power_P5R6,90ac57d0-6ed2-407c-968f-c5c43660e8eb,/GND,"[20.4, 32.075]",0.8,0.3
MORI_power_P5R6,91c9a325-02bb-4a0f-8baa-bbb1bf79e889,/GND,"[43.561, 21.1328]",0.6,0.3
MORI_power_P5R6,950133c1-dd0d-4a5a-9a0f-641b311577a9,/GND,"[24.9, 37.7]",0.8,0.3
MORI_power_P5R6,ae80e56f-85ea-4b0a-8e42-ea54e4ef760b,/GND,"[20.4, 30.775]",0.8,0.3
MORI_power_P5R6,b7762775-7283-40f9-8dad-fd2ecea8f4e0,/GND,"[59.334399, 36.398199]",0.6,0.3
MORI_power_P5R6,bd32e475-a399-4028-8219-25189ddfa483,/GND,"[47.5, 26.5]",0.8,0.3
MORI_power_P5R6,d612976e-e717-4333-a8c5-7a17aae68cce,/GND,"[20.4, 44.575]",0.8,0.3
MORI_power_P5R6,dd0ce4c7-61d8-4110-bde8-875c708734d1,/GND,"[72.475, 31.25]",0.8,0.3
MORI_power_P5R6,ec902268-12ec-4e12-b9de-bd2d490e5da3,/GND,"[63.0, 13.0]",0.8,0.3
MORI_power_P5R6,02dd044e-030a-4f02-a511-30e87d4e456b,/BAT_MON,"[32.1632, 14.6304]",1.0,0.45
MORI_power_P5R6,1115b114-887e-457d-8f98-c47346809d5e,/BAT_MON,"[30.6324, 5.3024]",1.0,0.45
MORI_power_P5R6,1af1a3fa-35f8-4062-984c-2875e5a6f783,/BAT_MON,"[31.496, 32.6136]",0.8,0.3
MORI_power_P5R6,3d180543-e8a0-4fc7-b323-69215a973e2e,/BAT_MON,"[32.003999, 20.7264]",0.8,0.3
MORI_power_P5R6,4a16d182-981d-4df0-99da-b99f7c5ef972,/BAT_MON,"[33.3632, 14.6304]",1.0,0.45
MORI_power_P5R6,5660322b-eb2f-4fd9-92e3-e1cbf6d56fb3,/BAT_MON,"[32.105599, 32.512]",1.0,0.45
MORI_power_P5R6,695f4494-ee49-4392-a5bc-6c0939b50ac8,/BAT_MON,"[30.6324, 6.5024]",1.0,0.45
MORI_power_P5R6,7b889df4-d00f-497e-afd8-6cf5f6e4ee11,/BAT_MON,"[33.203999, 20.7264]",0.8,0.3
MORI_power_P5R6,cb8028fb-e05f-4b0b-b1c0-1c722363133a,/BAT_MON,"[30.6324, 4.1024]",1.0,0.45
MORI_power_P5R6,e2a8c22f-b10f-4667-ad59-d073dba736e5,/BAT_MON,"[34.5632, 14.6304]",1.0,0.45
MORI_power_P5R6,e3bec9dc-31ca-4085-a935-d2148b91c14f,/BAT_MON,"[35.7632, 14.6304]",1.0,0.45
MORI_power_P5R6,24e451c5-51f5-4be6-a83d-6b24592373c0,/BAT_ADC,"[38.9128, 25.0952]",0.8,0.3
MORI_power_P5R6,d8713389-e9cb-418d-b0d8-bac7b0a27eb6,/BAT_ADC,"[39.8272, 20.9296]",0.8,0.3
MORI_power_P5R6,231a39ff-7302-4438-92c7-2a8057e3ff45,/PACK_FUSED,"[10.3124, 12.7]",1.0,0.45
MORI_power_P5R6,88ba5f71-23a2-456d-ae7d-3b7dca101663,/PACK_FUSED,"[8.9408, 12.5984]",0.8,0.3
MORI_power_P5R6,d1158909-1052-41e2-b001-2c22d9f8f327,/PACK_FUSED,"[6.400799, 12.5984]",0.8,0.3
MORI_power_P5R6,67dbb45e-7e4c-4df8-9c27-3df3905eeec9,/VBUS_CHARGE,"[8.9408, 46.9392]",0.8,0.3
MORI_power_P5R6,90ed8596-be18-4316-8bb4-3120e6e4f0c0,/CHG_N,"[19.6088, 49.9872]",0.8,0.3
MORI_power_P5R6,d88f25b4-13f5-4d6f-8e7b-d9815d2feffd,/CHG_N,"[11.9888, 40.3352]",0.8,0.3
MORI_power_P5R6,4645165d-a963-409c-a2fa-2333e8d37411,/+3V3,"[44.297599, 24.180799]",0.8,0.3
MORI_power_P5R6,4ff75187-8368-4188-9629-32cdfdb8054c,/+3V3,"[36.3474, 16.9418]",0.8,0.3
MORI_power_P5R6,f0e91ae4-43f6-4a14-84c7-78ebc3e71c68,/+3V3,"[36.779199, 20.32]",0.8,0.3
MORI_power_P5R6,1dca5ada-19e9-4417-8975-2692b556f8cb,/+5V_CAM,"[31.5976, 41.4528]",0.8,0.3
MORI_power_P5R6,30286d06-e416-40ca-85d2-df8356b7d8ea,/+5V_CAM,"[21.843999, 34.4424]",0.8,0.3
MORI_power_P5R6,5cd9a732-c0eb-4ffd-acbd-e8f426818958,/+5V_CAM,"[24.7904, 35.864799]",0.8,0.3
MORI_power_P5R6,c0f7141d-0a7b-4d0e-9d01-1ecc0f3d1c8a,/+5V_CAM,"[12.5984, 34.4424]",0.8,0.3
MORI_power_P5R6,d84b8960-ed00-483b-a3de-610b536c7dbb,/+5V_CAM,"[36.9824, 48.971199]",0.8,0.3
MORI_power_P5R6,fb169bf3-2623-4112-98f7-91cb70234782,/+5V_CAM,"[36.8808, 47.5488]",0.8,0.3
MORI_power_P5R6,081ec3c2-8134-49c3-9a93-c82750a93e16,/+5V_MOTION,"[29.7, 32.6]",0.8,0.3
MORI_power_P5R6,43d9a8e7-4dbc-4c8f-83f1-37764c96f89e,/+5V_MOTION,"[16.6, 31.2]",0.8,0.3
MORI_power_P5R6,06a7ac9f-79c7-41a3-9581-586e0ae64d43,/M5_SW,"[25.0, 22.8]",0.8,0.3
MORI_power_P5R6,17fe9d44-b7fb-417f-b537-3d087ad103d1,/M5_SW,"[21.5, 24.0]",0.8,0.3
MORI_power_P5R6,1872bb2b-c0aa-46b4-8ffe-3995f6ecb8e0,/M5_SW,"[24.4, 26.5]",0.8,0.3
MORI_power_P5R6,314b7633-0ac7-4c74-aca2-2367a217aabc,/M5_SW,"[22.4, 24.0]",0.8,0.3
MORI_power_P5R6,9107fbcf-d436-4808-8a58-0b96bf6922d4,/M5_SW,"[24.4, 25.6]",0.8,0.3
MORI_power_P5R6,0f244ecc-9b98-4315-8cb3-cf34988544c4,/W_BRAKE_GATE,"[72.136, 19.1008]",0.8,0.3
MORI_power_P5R6,945e5372-a156-4946-8ae0-d2046e85980c,/W_BRAKE_GATE,"[67.2592, 19.1008]",0.8,0.3
MORI_power_P5R6,04993008-f227-4e06-bad1-25ab4dd8ac0d,/M5_VIN,"[24.45, 27.9]",0.8,0.3
MORI_power_P5R6,74f434cf-9369-4b6f-84a6-b24b421363c1,/M5_VIN,"[29.6, 23.0]",1.0,0.45
MORI_power_P5R6,0cf79d74-db03-4704-9b9b-73e5d609f9ce,/ARM_Q,"[42.8752, 45.4152]",0.8,0.3
MORI_power_P5R6,215c3386-aae2-4ea4-b709-dca709f76397,/ARM_Q,"[54.660799, 31.089599]",0.8,0.3
MORI_power_P5R6,24e6a3e2-e2bb-4e34-9840-5a058cb406e5,/ARM_Q,"[38.8112, 42.5704]",0.8,0.3
MORI_power_P5R6,390ce8b8-e139-455c-b206-a9515fbcc557,/ARM_Q,"[34.3408, 40.233599]",0.8,0.3
MORI_power_P5R6,42c499e7-9792-4549-9612-3edd0ea2112f,/ARM_Q,"[53.848, 36.2712]",0.8,0.3
MORI_power_P5R6,5878602c-953f-4c7d-90a8-d0bafb12017c,/ARM_Q,"[51.9176, 28.3464]",0.8,0.3
MORI_power_P5R6,7f54007c-7ff2-4dc2-89f6-600f260c7610,/ARM_Q,"[35.559999, 9.5504]",0.8,0.3
MORI_power_P5R6,7ff14fa4-4d86-4953-9a04-4e1aee373f66,/ARM_Q,"[48.5648, 28.3464]",0.8,0.3
MORI_power_P5R6,ba8814a3-9fd0-4836-aa84-5ef1eb13d028,/ARM_Q,"[40.3352, 17.3736]",0.8,0.3
MORI_power_P5R6,dfeb72e8-113b-4851-9211-cc5f97cc038b,/ARM_Q,"[28.0416, 9.5504]",0.8,0.3
MORI_power_P5R6,e7d191ef-5718-42db-8e99-6a5242379ecc,/ARM_Q,"[46.3296, 46.532799]",0.8,0.3
MORI_power_P5R6,3846aa67-5985-41c8-b199-099f3faf65bf,/W_SENSE,"[64.1096, 9.347199]",0.8,0.3
MORI_power_P5R6,6f3dab2b-2d3f-46cf-9936-d47cee4d85b7,/W_SENSE,"[70.815199, 11.3792]",0.8,0.3
MORI_power_P5R6,82936851-b49f-47e9-b231-a824f0374a1e,/W_SENSE,"[70.7136, 20.5232]",0.8,0.3
MORI_power_P5R6,a20cac54-12b6-4412-8a66-d31e65c8613a,/W_SENSE,"[62.0, 20.5232]",0.5,0.25
MORI_power_P5R6,1010d173-7e7c-4a7b-babd-4c424aec9f1c,/H_OVSENSE,"[57.404, 38.7096]",0.8,0.3
MORI_power_P5R6,d21e74e4-0fe3-4c62-9921-aa85ef057d84,/H_OVSENSE,"[64.211199, 39.7256]",0.8,0.3
MORI_power_P5R6,085980e5-f6fb-4797-87ef-2c43f327ccb0,/H_VM,"[60.96, 37.388799]",0.8,0.3
MORI_power_P5R6,63b02c44-c890-4b01-a80f-b1bb38720498,/H_VM,"[70.5104, 33.528]",0.8,0.3
MORI_power_P5R6,c8fd624a-45d3-4c84-b412-ba55048d8d81,/H_VM,"[72.2376, 37.1856]",0.8,0.3
MORI_power_P5R6,d184ecae-3baa-4d3e-b8c5-4a9eeb370d48,/H_VM,"[57.404, 30.988]",0.8,0.3
MORI_power_P5R6,f4c74bff-3562-44d3-be2e-996903e844f1,/H_VM,"[71.9328, 39.623999]",0.8,0.3
MORI_power_P5R6,155270f9-0279-4f13-a56c-76d80e78674a,/H_BRAKE_GATE,"[61.6712, 30.708599]",0.8,0.3
MORI_power_P5R6,4a94973e-5aa2-42bb-b116-d390bc638b38,/H_BRAKE_GATE,"[65.8368, 30.784799]",0.8,0.3
MORI_power_P5R6,6164b73c-e4c1-4ff1-b22a-7791e8200299,/REV_GATE,"[25.0952, 15.9512]",0.8,0.3
MORI_power_P5R6,dd758e04-e979-4052-9d2a-f07853c40d83,/REV_GATE,"[27.1272, 10.058399]",0.8,0.3
MORI_power_P5R6,c1a3c364-7a49-4ef0-9b02-aee60bcb71a3,/C5_VIN,"[24.45, 41.9]",0.8,0.3
MORI_power_P5R6,de87f27c-c96d-42da-98d8-4ff559d9f93d,/C5_VIN,"[30.5, 41.3]",1.0,0.45
MORI_power_P5R6,2b412049-490a-454b-b833-123e62dc0488,/W_VM,"[62.0776, 16.9672]",0.8,0.3
MORI_power_P5R6,434ab4d5-f514-42d6-bac8-d6c3348d6dcf,/W_VM,"[58.3184, 10.6172]",1.0,0.45
MORI_power_P5R6,4b157a45-5c8c-48f4-9183-0f8cbe89d34a,/W_VM,"[68.58, 21.2344]",0.8,0.3
MORI_power_P5R6,58d95892-f041-4c2f-b7ad-f8e79cbca201,/W_VM,"[67.905, 18.2]",0.8,0.3
MORI_power_P5R6,94b2769f-aef4-4e3b-a85d-0d14f80ddd27,/W_VM,"[58.3184, 9.6172]",1.0,0.45
MORI_power_P5R6,9cf68019-04b1-4eb0-93d6-87e7a915fdef,/W_VM,"[57.3184, 10.6172]",1.0,0.45
MORI_power_P5R6,bad9fded-af0a-475d-9250-d59b5ff5d090,/W_VM,"[60.6552, 11.176]",0.8,0.3
MORI_power_P5R6,d2ddef6f-0e6f-4b15-ac84-ccafcdf3fb60,/W_VM,"[61.2648, 22.86]",1.0,0.45
MORI_power_P5R6,d3dce2a6-e331-4f4c-8eb8-294385f00362,/W_VM,"[63.6648, 22.86]",1.0,0.45
MORI_power_P5R6,efbe648d-9cf7-4876-b7db-9b99fa692ceb,/W_VM,"[62.4648, 22.86]",1.0,0.45
MORI_power_P5R6,19e14020-9d3c-4506-9e47-ae386df4b4c3,/H_DUMP_D,"[60.6552, 52.9336]",1.0,0.45
MORI_power_P5R6,5c1e6748-2e18-42a3-be92-52bfced6ab83,/H_DUMP_D,"[61.874399, 49.9872]",1.0,0.45
MORI_power_P5R6,6b03b0d5-6992-48bc-8a18-11b9cf358883,/W_REF,"[65.6336, 9.753599]",0.8,0.3
MORI_power_P5R6,92658d85-9ed7-4850-bd30-76aa230f5047,/W_REF,"[63.093599, 9.4488]",0.8,0.3
MORI_power_P5R6,76e5fac6-8e4a-46d0-bb91-a405e9ae491c,/FAULT_N,"[59.5376, 24.2824]",0.8,0.3
MORI_power_P5R6,88d6ca00-803c-4cfb-a069-ee4d6a4bbf5b,/FAULT_N,"[66.6242, 18.2626]",0.8,0.3
MORI_power_P5R6,a5bccc3a-7bf2-40af-bc94-172cb696549c,/FAULT_N,"[69.2658, 33.8582]",0.8,0.3
MORI_power_P5R6,c4a9ba1a-c0c6-4081-83f9-a98e035bd732,/FAULT_N,"[63.093599, 18.4912]",0.8,0.3
MORI_power_P5R6,da19fda5-5d13-491b-a33f-81f963176e1f,/FAULT_N,"[47.1932, 30.988]",0.8,0.3
MORI_power_P5R6,26c1d753-df05-480f-ac9c-ca29078c3aef,/H_REF,"[60.6552, 32.2072]",0.8,0.3
MORI_power_P5R6,33db7cfb-dc35-40ba-a913-9f0cc9250681,/H_REF,"[60.6552, 34.9504]",0.8,0.3
MORI_power_P5R6,944968c1-65b9-4521-b305-7d728f5ca1b3,/H_REF,"[65.024, 37.388799]",0.8,0.3
MORI_power_P5R6,a6b975d4-b7a0-43b0-ab1c-bfd671945836,/H_REF,"[69.6976, 29.8704]",0.8,0.3
MORI_power_P5R6,bbef65bc-a0c2-44cb-aa0e-b46aebf41813,/H_REF,"[70.815199, 35.4584]",0.8,0.3
MORI_power_P5R6,f298ab0b-f3e7-43d4-82d4-8240ac87066a,/H_REF,"[71.729599, 33.7312]",0.8,0.3
MORI_power_P5R6,518d1df0-595e-4957-a83d-fceba2634c9b,/H_GATE_LOW,"[53.9496, 33.019999]",0.8,0.3
MORI_power_P5R6,dcc419a4-665e-4572-b8b6-704d34c2f5f3,/H_GATE_LOW,"[48.768, 40.0304]",0.8,0.3
MORI_power_P5R6,1402345f-2beb-4123-bc07-e3cbc8df322d,/H_PRE,"[49.1744, 24.485599]",1.0,0.45
MORI_power_P5R6,d223b4b5-a6d0-43b0-99cd-d5f0bfa60b3f,/H_PRE,"[40.0, 28.549599]",1.0,0.45
MORI_power_P5R6,27e02573-18d8-4664-815f-b085f50c8c87,/C5_EN,"[32.6136, 41.2496]",0.8,0.3
MORI_power_P5R6,dc96e9a2-e4bb-4a61-9b27-23be32d48144,/C5_EN,"[28.6, 37.9]",0.8,0.3
MORI_power_P5R6,533543d1-7601-494d-982b-ddcfc24ed11c,/H_SENSE,"[62.3824, 31.5976]",0.8,0.3
MORI_power_P5R6,bc7199d0-d581-4b4d-800f-eaaf7b91b0b5,/H_SENSE,"[59.639199, 34.6456]",0.8,0.3
MORI_power_P5R6,ace61c47-304d-4ead-b176-c87068e8c4e9,/W_GATE,"[46.0248, 18.796]",0.8,0.3
MORI_power_P5R6,e3d3097b-e294-410f-b095-c3da48f789a4,/W_GATE,"[48.26, 16.256]",0.8,0.3
MORI_power_P5R6,16eeb49d-f5ca-4efe-8a73-66195fb0fffe,/CURRENT_ADC,"[61.163199, 46.1264]",0.8,0.3
MORI_power_P5R6,28be6b4b-1541-4d8a-998d-c44cddb863e5,/CURRENT_ADC,"[49.275999, 45.1104]",0.8,0.3
MORI_power_P5R6,2c1126c7-a4e2-4a2b-b434-469ff2757338,/CURRENT_ADC,"[47.9552, 10.2616]",0.8,0.3
MORI_power_P5R6,2d5f81e9-fb1a-4280-bef4-2ad946f189a3,/CURRENT_ADC,"[39.8272, 15.849599]",0.8,0.3
MORI_power_P5R6,4309f6b0-6d3d-4493-a589-a5e166472d12,/CURRENT_ADC,"[75.9968, 46.3296]",0.8,0.3
MORI_power_P5R6,9e4c22b9-bdcd-498a-8c23-9ff593c541a3,/CURRENT_ADC,"[78.638399, 45.5168]",0.8,0.3
MORI_power_P5R6,a046cf09-1321-4f1e-8b68-9795bb7fd2f9,/CURRENT_ADC,"[39.5224, 19.6088]",0.8,0.3
MORI_power_P5R6,db2ef666-95da-4480-ba62-e6333a1f5e6f,/CURRENT_ADC,"[34.9504, 16.5608]",0.8,0.3
MORI_power_P5R6,324a5764-3027-41b1-a067-aa20b0a41763,/C5_SW,"[21.5, 38.0]",0.8,0.3
MORI_power_P5R6,58c29672-0d5e-4365-af20-3a3e69734fe7,/C5_SW,"[22.4, 38.0]",0.8,0.3
MORI_power_P5R6,7c9cb0a6-8c22-4857-ac6a-103ca251879c,/C5_SW,"[23.65, 40.5]",0.8,0.3
MORI_power_P5R6,b1279b24-40ae-4215-8ec0-35dc883bb284,/C5_SW,"[23.65, 36.6]",0.8,0.3
MORI_power_P5R6,c00f14aa-f57b-46f0-992d-cdb52b34ec1e,/C5_SW,"[23.65, 39.6]",0.8,0.3
MORI_power_P5R6,5ac8e333-d36f-420b-889e-7664d83b3e84,/M5_EN,"[29.89, 26.0]",0.8,0.3
MORI_power_P5R6,a9ec8c8a-03d9-4ddc-99e8-405fa5baa1ae,/M5_EN,"[11.2, 31.6]",0.8,0.3
MORI_power_P5R6,e0259258-65dd-4a43-b3a8-9e74cb4c913f,/M5_EN,"[6.604, 37.2872]",0.8,0.3
MORI_power_P5R6,f919baa0-2e23-4673-b264-d047e23204c3,/M5_EN,"[15.8, 30.4]",0.8,0.3
MORI_power_P5R6,2b77a3b6-86ed-4b07-8cf3-1679a62524fa,/W_PRE,"[48.971199, 11.2776]",0.8,0.3
MORI_power_P5R6,96643eba-5b17-4cf4-bf48-5ac07262dcb6,/W_PRE,"[48.971199, 16.9672]",0.8,0.3
MORI_power_P5R6,0db44685-5684-4ee2-82c4-b565368e381b,/WHEEL_ADC,"[42.2, 37.0]",0.8,0.3
MORI_power_P5R6,52bf566b-c8a2-4298-9270-14ec732d4de5,/WHEEL_ADC,"[19.4, 28.6]",0.8,0.3
MORI_power_P5R6,558f215a-4cfb-4dc6-89f6-b247d52ceb11,/WHEEL_ADC,"[36.576, 9.5504]",0.8,0.3
MORI_power_P5R6,85eecdc1-6f9d-45c1-a0ff-76a398aee0df,/WHEEL_ADC,"[19.1008, 17.8816]",0.8,0.3
MORI_power_P5R6,95121bdc-06a6-4fab-b4dd-5111ef59b8b9,/WHEEL_ADC,"[19.1008, 19.304]",0.8,0.3
MORI_power_P5R6,975f9e93-973f-474c-a677-a03ca0b956a4,/WHEEL_ADC,"[43.8912, 20.116799]",0.8,0.3
MORI_power_P5R6,9f0a7511-2c7c-448e-93bf-5adbcecf51bf,/WHEEL_ADC,"[20.6, 35.6]",0.8,0.3
MORI_power_P5R6,be7aec8b-c496-492e-9569-3c260811e7ad,/WHEEL_ADC,"[32.0, 46.75]",0.8,0.3
MORI_power_P5R6,c203dfbb-5821-403a-a596-885455149737,/WHEEL_ADC,"[20.9296, 9.144]",0.8,0.3
MORI_power_P5R6,f417e7c7-5817-42ec-a937-10db1d67846d,/WHEEL_ADC,"[35.3, 46.9]",0.8,0.3
MORI_rear_P5R6,09300c12-64c3-46fb-a672-b143dd9611a0,/GND,"[12.0, 23.4]",0.8,0.3
MORI_rear_P5R6,09392bf7-66f0-4f66-b9d5-251d5864beaa,/GND,"[20.5, 17.7]",0.8,0.3
MORI_rear_P5R6,27514a86-0a81-44e6-b974-4ee1d014e807,/GND,"[8.0, 10.0]",0.8,0.3
MORI_rear_P5R6,7b3714d0-27a6-429d-a2d7-2bc0604ffa3a,/GND,"[5.4, 23.075]",0.8,0.3
MORI_rear_P5R6,8172a9d7-93ab-4186-be0e-1d00f0ad393f,/GND,"[12.0, 12.8]",0.8,0.3
MORI_rear_P5R6,857eddb7-122a-4699-9571-d4b5b89cd8da,/GND,"[3.0, 19.0]",0.8,0.3
MORI_rear_P5R6,b148816f-8fc1-4bdf-8c10-ffcb6ceeb177,/GND,"[12.0, 5.0]",0.8,0.3
MORI_rear_P5R6,db59e254-a835-4ffe-8753-d50f338872ea,/GND,"[10.45, 21.2]",0.8,0.3
MORI_rear_P5R6,fa8eec98-43eb-4ebb-b554-524eacf8886d,/GND,"[15.95, 10.7]",0.8,0.3
MORI_rear_P5R6,fde4ff20-07d3-4dd0-9ae0-38b10e216fdb,/GND,"[12.0, 2.8]",0.8,0.3
MORI_rear_P5R6,002152d7-f426-4797-94c4-2484672d99fc,/VBUS_RAW,"[7.1882, 9.0]",1.0,0.45
MORI_rear_P5R6,6b23dc1d-ff06-4953-a2b0-3fe12c6f4422,/VBUS_RAW,"[16.7, 8.3]",1.0,0.45
MORI_rear_P5R6,e756a18c-4725-4933-93cd-7e4fb4029ccd,/VBUS_RAW,"[16.0, 15.15]",0.8,0.3
MORI_rear_P5R6,9bc7a87b-c0ce-46e5-be21-506e6eeffa43,/VBUS_FUSED,"[6.096, 16.1036]",1.0,0.45
MORI_rear_P5R6,b3fe2b08-680b-4bd4-b54e-0ec20ecfb70f,/VBUS_FUSED,"[7.0104, 3.81]",1.0,0.45
MORI_rear_P5R6,9f4715cf-aaaa-4130-ae0d-93aafebfe367,/CC2,"[13.25, 10.7]",0.8,0.3
