ref,value,mpn,manufacturer,footprint,lcsc,source,source_date,dnp,note
J1,PACK AFTER 6.3A FUSE / MASTER,,,Connector_AMASS:AMASS_XT30UPB-M_1x02_P5.0mm_Vertical,,,,,"AMASS XT30UPB-M PCB: pin1 minus, pin2 plus; mating housing polarization plus continuity check mandatory."
J2,WHEEL BUCK VIN,,,Connector_AMASS:AMASS_XT30UPB-M_1x02_P5.0mm_Vertical,,,,,"AMASS XT30UPB-M PCB: pin1 minus, pin2 plus; mating housing polarization plus continuity check mandatory."
J3,WHEEL BUCK 9V RETURN,,,Connector_AMASS:AMASS_XT30UPB-M_1x02_P5.0mm_Vertical,,,,,"AMASS XT30UPB-M PCB: pin1 minus, pin2 plus; mating housing polarization plus continuity check mandatory."
J4,HEAD BUCK VIN,,,MORI_Custom:AMASS_XT30UPB-M_1x02_P5.0mm_Vertical__P2_J4,,,,,"AMASS XT30UPB-M PCB: pin1 minus, pin2 plus; mating housing polarization plus continuity check mandatory."
J5,HEAD BUCK 6V RETURN,,,MORI_Custom:AMASS_XT30UPB-M_1x02_P5.0mm_Vertical__P2_J5,,,,,"AMASS XT30UPB-M PCB: pin1 minus, pin2 plus; mating housing polarization plus continuity check mandatory."
J6,RAW BAT SERVICE / DNP,,,Connector_AMASS:AMASS_XT30UPB-M_1x02_P5.0mm_Vertical,,,,True,Legacy external5V feed no longer used. Not5V. Leave unpopulated in S3.
J11,WHEEL DUMP 5R6 EXTERNAL,,,Connector_AMASS:AMASS_XT30UPB-M_1x02_P5.0mm_Vertical,,,,,"AMASS XT30UPB-M PCB: pin1 minus, pin2 plus; mating housing polarization plus continuity check mandatory."
J12,HEAD DUMP 10R EXTERNAL,,,MORI_Custom:AMASS_XT30UPB-M_1x02_P5.0mm_Vertical__P2_J12,,,,,"AMASS XT30UPB-M PCB: pin1 minus, pin2 plus; mating housing polarization plus continuity check mandatory."
J7,S288 L,,,MORI_Custom:JST_XH_B3B-XH-A_1x03_P2.50mm_Vertical__P2_J7,,,,,Board-side XH 3-pin interface only. SCS original 5264-3P uses 1GND/2VCC/3TTL. S288 factory mating plug remains unverified; adapter harness must be confirmed.
J8,S288 R,,,MORI_Custom:JST_XH_B3B-XH-A_1x03_P2.50mm_Vertical__P2_J8,,,,,Board-side XH 3-pin interface only. SCS original 5264-3P uses 1GND/2VCC/3TTL. S288 factory mating plug remains unverified; adapter harness must be confirmed.
J9,SCS0009 CHAIN,,,Connector_JST:JST_XH_B3B-XH-A_1x03_P2.50mm_Vertical,,,,,Board-side XH 3-pin interface only. SCS original 5264-3P uses 1GND/2VCC/3TTL. S288 factory mating plug remains unverified; adapter harness must be confirmed.
J10,MOTION CONTROL,,,MORI_Custom:JST_GH_BM08B-GHS-TBT_1x08-1MP_P1.25mm_Vertical__P2_J10,,,,,Pin numbers are PCB connector numbers; harness mating view must be continuity checked.
J13,S288 DATA,,,MORI_Custom:JST_GH_BM02B-GHS-TBT_1x02-1MP_P1.25mm_Vertical__P2_J13,,,,,Pin numbers are PCB connector numbers; harness mating view must be continuity checked.
J14,HEAD DATA,,,Connector_JST:JST_GH_BM03B-GHS-TBT_1x03-1MP_P1.25mm_Vertical,,,,,Pin numbers are PCB connector numbers; harness mating view must be continuity checked.
J15,CHARGE INTERLOCK,,,Connector_JST:JST_GH_BM02B-GHS-TBT_1x02-1MP_P1.25mm_Vertical,,,,,Pin numbers are PCB connector numbers; harness mating view must be continuity checked.
J16,CHARGER RAW VBUS SENSE,,,MORI_Custom:JST_GH_BM02B-GHS-TBT_1x02-1MP_P1.25mm_Vertical__P2_J16,,,,,Pin numbers are PCB connector numbers; harness mating view must be continuity checked.
Q1,AO4407A,,,Package_SO:SOIC-8_3.9x4.9mm_P1.27mm,,https://www.aosmd.com/sites/default/files/res/datasheets/AO4407A.pdf,,,
R1,10k,,,Resistor_SMD:R_0603_1608Metric,,,,,
D1,"BZT52H-C10,115",,,Diode_SMD:D_SOD-123F,,,,,
R2,WSL2512R0100FEA 10mR 1% 1W,,,Resistor_SMD:R_2512_6332Metric,,,,,
U1,INA180A1IDBVR,,,Package_TO_SOT_SMD:SOT-23-5,,https://www.ti.com/lit/ds/symlink/ina180.pdf,,,Kelvin sense of 10mR; gain20 =>0.2V/A. Discharge only; reverse current not measured.
R3,0,,,Resistor_SMD:R_0603_1608Metric,,,,,
R4,0,,,Resistor_SMD:R_0603_1608Metric,,,,,
D10,B540C-13-F,,,Diode_SMD:D_SMC,,https://www.diodes.com/datasheet/download/B540C.pdf,,,B540C-13-F verified from DS13012 Rev18-2; SMC cathode pin1. Thermal/quote NOT_QUALIFIED.
Q10,AO4407A,,,Package_SO:SOIC-8_3.9x4.9mm_P1.27mm,,https://www.aosmd.com/sites/default/files/res/datasheets/AO4407A.pdf,,,
Q11,AO3400A,,,Package_TO_SOT_SMD:SOT-23,,https://www.aosmd.com/sites/default/files/res/datasheets/AO3400A.pdf,,,
R10,10k,,,Resistor_SMD:R_0603_1608Metric,,,,,
R11,100,,,Resistor_SMD:R_0603_1608Metric,,,,,
C10,Panasonic EEU-FR1C102 1000uF 16V,,,MORI_Custom:CP_Radial_D10.0mm_P5.00mm__P2_C10,,,,,"D10 x H16; height is vendor capacitor envelope, NOT fitted into old10mm allocation."
D30,B540C-13-F,,,Diode_SMD:D_SMC,,https://www.diodes.com/datasheet/download/B540C.pdf,,,B540C-13-F verified from DS13012 Rev18-2; SMC cathode pin1. Thermal/quote NOT_QUALIFIED.
Q30,AO4407A,,,Package_SO:SOIC-8_3.9x4.9mm_P1.27mm,,https://www.aosmd.com/sites/default/files/res/datasheets/AO4407A.pdf,,,
Q31,AO3400A,,,Package_TO_SOT_SMD:SOT-23,,https://www.aosmd.com/sites/default/files/res/datasheets/AO3400A.pdf,,,
R30,10k,,,Resistor_SMD:R_0603_1608Metric,,,,,
R31,100,,,Resistor_SMD:R_0603_1608Metric,,,,,
C30,Panasonic EEU-FR1C102 1000uF 16V,,,Capacitor_THT:CP_Radial_D10.0mm_P5.00mm,,,,,"D10 x H16; height is vendor capacitor envelope, NOT fitted into old10mm allocation."
U20,LM393BDR,,,Package_SO:SOIC-8_3.9x4.9mm_P1.27mm,,https://www.ti.com/lit/ds/symlink/lm393b.pdf,,,
U21,TL431BIDBZR,,,Package_TO_SOT_SMD:SOT-23,,https://www.ti.com/lit/ds/symlink/tl431.pdf,,,"DBZ pin1 cathode,2 reference,3 anode. B grade +/-0.5% at25C; thermal error in tolerance model."
Q20,AO3400A,,,Package_TO_SOT_SMD:SOT-23,,https://www.aosmd.com/sites/default/files/res/datasheets/AO3400A.pdf,,,
D20,"BZT52H-C10,115",,,Diode_SMD:D_SOD-123F,,,,,
R20,2.2k,,,Resistor_SMD:R_0603_1608Metric,,,,,
R21,33.2k 0.1%,,,Resistor_SMD:R_0603_1608Metric,,,,,
R22,10k 0.1%,,,Resistor_SMD:R_0603_1608Metric,,,,,
R23,1M 0.1%,,,Resistor_SMD:R_0603_1608Metric,,,,,
R24,2.2k,,,Resistor_SMD:R_0603_1608Metric,,,,,
R25,37.4k 0.1%,,,Resistor_SMD:R_0603_1608Metric,,,,,
R26,10k 0.1%,,,Resistor_SMD:R_0603_1608Metric,,,,,
C20,100n,,,Capacitor_SMD:C_0603_1608Metric,,,,,
C21,10n,,,Capacitor_SMD:C_0603_1608Metric,,,,,
U40,LM393BDR,,,Package_SO:SOIC-8_3.9x4.9mm_P1.27mm,,https://www.ti.com/lit/ds/symlink/lm393b.pdf,,,
U41,TL431BIDBZR,,,Package_TO_SOT_SMD:SOT-23,,https://www.ti.com/lit/ds/symlink/tl431.pdf,,,"DBZ pin1 cathode,2 reference,3 anode. B grade +/-0.5% at25C; thermal error in tolerance model."
Q40,AO3400A,,,Package_TO_SOT_SMD:SOT-23,,https://www.aosmd.com/sites/default/files/res/datasheets/AO3400A.pdf,,,
D40,"BZT52H-C10,115",,,Diode_SMD:D_SOD-123F,,,,,
R40,2.2k,,,Resistor_SMD:R_0603_1608Metric,,,,,
R41,16.5k 0.1%,,,Resistor_SMD:R_0603_1608Metric,,,,,
R42,10k 0.1%,,,Resistor_SMD:R_0603_1608Metric,,,,,
R43,1M 0.1%,,,Resistor_SMD:R_0603_1608Metric,,,,,
R44,2.2k,,,Resistor_SMD:R_0603_1608Metric,,,,,
R45,18.7k 0.1%,,,Resistor_SMD:R_0603_1608Metric,,,,,
R46,10k 0.1%,,,Resistor_SMD:R_0603_1608Metric,,,,,
C40,100n,,,Capacitor_SMD:C_0603_1608Metric,,,,,
C41,10n,,,Capacitor_SMD:C_0603_1608Metric,,,,,
R50,100k 0.1%,,,Resistor_SMD:R_0603_1608Metric,,,,,
R51,27k 0.1%,,,Resistor_SMD:R_0603_1608Metric,,,,,
R52,100k 0.1%,,,Resistor_SMD:R_0603_1608Metric,,,,,
R53,27k 0.1%,,,Resistor_SMD:R_0603_1608Metric,,,,,
R54,10k,,,Resistor_SMD:R_0603_1608Metric,,,,,
R55,47k,,,Resistor_SMD:R_0603_1608Metric,,,,,
R56,100k,,,Resistor_SMD:R_0603_1608Metric,,,,,
C1,100n,,,Capacitor_SMD:C_0603_1608Metric,,,,,
C2,1u 25V,,,Capacitor_SMD:C_0603_1608Metric,,,,,
Q50,MMBT3904LT1G,,,Package_TO_SOT_SMD:SOT-23,,,,,SOT23 1B 2E 3C. Raw VBUS detect only; neither CC nor charging control.
H1,M2 mounting / POSITION TBD,,,MountingHole:MountingHole_2.2mm_M2,,,,,
H2,M2 mounting / POSITION TBD,,,MountingHole:MountingHole_2.2mm_M2,,,,,
H3,M2 mounting / POSITION TBD,,,MountingHole:MountingHole_2.2mm_M2,,,,,
H4,M2 mounting / POSITION TBD,,,MountingHole:MountingHole_2.2mm_M2,,,,,
F60,1A / 125V / very fast,0451001.MRL,Littelfuse,Fuse:Fuse_Littelfuse-NANO2-451_453,C3099,https://www.littelfuse.com/assetdocs/fuse-451-and-453-datasheet?assetguid=533cd5cc-956c-4243-867f-6ab5a62f6ba1,2026-09-22,False,"Input branch fuse, not a fast electronic current limiter. Coordinate inrush, ambient derating and upstream 6.3A fuse on bench."
U60,TPS54302DDCR,TPS54302DDCR,Texas Instruments,MORI_Custom:TI_DDC0006A_TPS54302,C311983,https://www.ti.com/lit/ds/symlink/tps54302.pdf,2026-09-22,False,SLVSDG6C Rev C. 1GND 2SW 3VIN 4FB 5EN 6BOOT. EN internally pulled up; never tie EN to 3S VIN. 3A silicon rating is not the qualified harness/assembly rating.
L60,10uH / SRP7050TA-100M,SRP7050TA-100M,Bourns,MORI_Custom:Bourns_SRP7050TA_CANDIDATE,C2041441,https://www.bourns.com/docs/product-datasheets/srp7050ta.pdf,2026-09-22,False,"10uH +/-20%; DCR max69mohm, Irms4A (40C rise), Isat7.5A (20% L fall). Footprint dimension interpretation pending visual confirmation before PCB."
C60,22u / 25V / X7R,CL32B226KAJNNNE,Samsung Electro-Mechanics,Capacitor_SMD:C_1210_3225Metric,C309062,https://product.samsungsem.com/mlcc/CL32B226KAJNNN.do,2026-09-22,False,22uF +/-10%. Effective capacitance at bias and temperature must be qualified; nominal capacitance is not guaranteed in-circuit capacitance.
C66,22u / 25V / X7R,CL32B226KAJNNNE,Samsung Electro-Mechanics,Capacitor_SMD:C_1210_3225Metric,C309062,https://product.samsungsem.com/mlcc/CL32B226KAJNNN.do,2026-09-22,False,22uF +/-10%. Effective capacitance at bias and temperature must be qualified; nominal capacitance is not guaranteed in-circuit capacitance.
C63,22u / 25V / X7R,CL32B226KAJNNNE,Samsung Electro-Mechanics,Capacitor_SMD:C_1210_3225Metric,C309062,https://product.samsungsem.com/mlcc/CL32B226KAJNNN.do,2026-09-22,False,22uF +/-10%. Effective capacitance at bias and temperature must be qualified; nominal capacitance is not guaranteed in-circuit capacitance.
C64,22u / 25V / X7R,CL32B226KAJNNNE,Samsung Electro-Mechanics,Capacitor_SMD:C_1210_3225Metric,C309062,https://product.samsungsem.com/mlcc/CL32B226KAJNNN.do,2026-09-22,False,22uF +/-10%. Effective capacitance at bias and temperature must be qualified; nominal capacitance is not guaranteed in-circuit capacitance.
C61,100n / 50V / X7R,GRM188R71H104KA93D,Murata,Capacitor_SMD:C_0603_1608Metric,,https://www.murata.com/en-us/products/productdetail?partno=GRM188R71H104KA93D,2026-09-22,False,"Exact suffix and domestic small-quantity quotation remain to be checked. Cboot must connect BOOT to SW, not GND."
C62,100n / 50V / X7R,GRM188R71H104KA93D,Murata,Capacitor_SMD:C_0603_1608Metric,,https://www.murata.com/en-us/products/productdetail?partno=GRM188R71H104KA93D,2026-09-22,False,"Exact suffix and domestic small-quantity quotation remain to be checked. Cboot must connect BOOT to SW, not GND."
C65,75p / 50V / C0G,GRM1885C1H750JA01D,Murata,Capacitor_SMD:C_0603_1608Metric,,https://www.murata.com/en-us/products/productdetail?partno=GRM1885C1H750JA01D,2026-09-22,False,"Feedforward across upper feedback resistor, following TI 5V ceramic-output reference. Re-tune only from stability/step-load evidence."
R60,100k / 0.1%,RT0603BRD07100KL,Yageo,Resistor_SMD:R_0603_1608Metric,,https://www.yageogroup.com/component-documentation/download/specsheet/RT0603BRD07100KL,2026-09-22,False,"Nominal 0.596V reference gives 5.0772V setpoint; full voltage tolerance is calculated, not assumed exactly5.000V."
R61,13.3k / 0.1%,RT0603BRD0713K3L,Yageo,Resistor_SMD:R_0603_1608Metric,,https://www.yageogroup.com/component-documentation/download/specsheet/RT0603BRD0713K3L,2026-09-22,False,"Nominal 0.596V reference gives 5.0772V setpoint; full voltage tolerance is calculated, not assumed exactly5.000V."
J17,MOTION 5V OUT / 1+ 2GND,BM02B-GHS-TBT(LF)(SN),JST,Connector_JST:JST_GH_BM02B-GHS-TBT_1x02-1MP_P1.25mm_Vertical,,https://www.jst-mfg.com/product/pdf/eng/eGH.pdf,2026-09-22,False,"To unchanged motion_P2 J1: 1->1,2->2. Target0.5A sustained/0.75A transient; 1A GH contact rating at AWG26, exact crimp/harness qualification required."
JP60,SERVICE OFF / OPEN=ON,61300211121,Wurth Elektronik,Connector_PinHeader_2.54mm:PinHeader_1x02_P2.54mm_Vertical,,https://www.we-online.com/components/products/datasheet/61300211121.pdf,2026-09-22,False,Normally open header. Bridge 1-2 only in maintenance cradle to disable this one rail. Motion supply loss removes ARM and robot balance. No automatic MCU-controlled power cycling.
TP60,+5V_MOTION,PCB copper test pad,PCB,TestPoint:TestPoint_Pad_D1.5mm,,,2026-09-22,False,Electrical test access defined; position and fixture coverage intentionally not frozen.
TP61,GND,PCB copper test pad,PCB,TestPoint:TestPoint_Pad_D1.5mm,,,2026-09-22,False,Electrical test access defined; position and fixture coverage intentionally not frozen.
F70,2A / 125V / very fast,0451002.MRL,Littelfuse,Fuse:Fuse_Littelfuse-NANO2-451_453,C99547,https://www.littelfuse.com/assetdocs/fuse-451-and-453-datasheet?assetguid=533cd5cc-956c-4243-867f-6ab5a62f6ba1,2026-09-22,False,"Input branch fuse, not a fast electronic current limiter. Coordinate inrush, ambient derating and upstream 6.3A fuse on bench."
U70,TPS54302DDCR,TPS54302DDCR,Texas Instruments,MORI_Custom:TI_DDC0006A_TPS54302,C311983,https://www.ti.com/lit/ds/symlink/tps54302.pdf,2026-09-22,False,SLVSDG6C Rev C. 1GND 2SW 3VIN 4FB 5EN 6BOOT. EN internally pulled up; never tie EN to 3S VIN. 3A silicon rating is not the qualified harness/assembly rating.
L70,10uH / SRP7050TA-100M,SRP7050TA-100M,Bourns,MORI_Custom:Bourns_SRP7050TA_CANDIDATE,C2041441,https://www.bourns.com/docs/product-datasheets/srp7050ta.pdf,2026-09-22,False,"10uH +/-20%; DCR max69mohm, Irms4A (40C rise), Isat7.5A (20% L fall). Footprint dimension interpretation pending visual confirmation before PCB."
C70,22u / 25V / X7R,CL32B226KAJNNNE,Samsung Electro-Mechanics,Capacitor_SMD:C_1210_3225Metric,C309062,https://product.samsungsem.com/mlcc/CL32B226KAJNNN.do,2026-09-22,False,22uF +/-10%. Effective capacitance at bias and temperature must be qualified; nominal capacitance is not guaranteed in-circuit capacitance.
C76,22u / 25V / X7R,CL32B226KAJNNNE,Samsung Electro-Mechanics,Capacitor_SMD:C_1210_3225Metric,C309062,https://product.samsungsem.com/mlcc/CL32B226KAJNNN.do,2026-09-22,False,22uF +/-10%. Effective capacitance at bias and temperature must be qualified; nominal capacitance is not guaranteed in-circuit capacitance.
C73,22u / 25V / X7R,CL32B226KAJNNNE,Samsung Electro-Mechanics,Capacitor_SMD:C_1210_3225Metric,C309062,https://product.samsungsem.com/mlcc/CL32B226KAJNNN.do,2026-09-22,False,22uF +/-10%. Effective capacitance at bias and temperature must be qualified; nominal capacitance is not guaranteed in-circuit capacitance.
C74,22u / 25V / X7R,CL32B226KAJNNNE,Samsung Electro-Mechanics,Capacitor_SMD:C_1210_3225Metric,C309062,https://product.samsungsem.com/mlcc/CL32B226KAJNNN.do,2026-09-22,False,22uF +/-10%. Effective capacitance at bias and temperature must be qualified; nominal capacitance is not guaranteed in-circuit capacitance.
C71,100n / 50V / X7R,GRM188R71H104KA93D,Murata,Capacitor_SMD:C_0603_1608Metric,,https://www.murata.com/en-us/products/productdetail?partno=GRM188R71H104KA93D,2026-09-22,False,"Exact suffix and domestic small-quantity quotation remain to be checked. Cboot must connect BOOT to SW, not GND."
C72,100n / 50V / X7R,GRM188R71H104KA93D,Murata,Capacitor_SMD:C_0603_1608Metric,,https://www.murata.com/en-us/products/productdetail?partno=GRM188R71H104KA93D,2026-09-22,False,"Exact suffix and domestic small-quantity quotation remain to be checked. Cboot must connect BOOT to SW, not GND."
C75,75p / 50V / C0G,GRM1885C1H750JA01D,Murata,Capacitor_SMD:C_0603_1608Metric,,https://www.murata.com/en-us/products/productdetail?partno=GRM1885C1H750JA01D,2026-09-22,False,"Feedforward across upper feedback resistor, following TI 5V ceramic-output reference. Re-tune only from stability/step-load evidence."
R70,100k / 0.1%,RT0603BRD07100KL,Yageo,Resistor_SMD:R_0603_1608Metric,,https://www.yageogroup.com/component-documentation/download/specsheet/RT0603BRD07100KL,2026-09-22,False,"Nominal 0.596V reference gives 5.0772V setpoint; full voltage tolerance is calculated, not assumed exactly5.000V."
R71,13.3k / 0.1%,RT0603BRD0713K3L,Yageo,Resistor_SMD:R_0603_1608Metric,,https://www.yageogroup.com/component-documentation/download/specsheet/RT0603BRD0713K3L,2026-09-22,False,"Nominal 0.596V reference gives 5.0772V setpoint; full voltage tolerance is calculated, not assumed exactly5.000V."
J18,CAM 5V OUT / 1+ 2GND,B2B-XH-A(LF)(SN),JST,Connector_JST:JST_XH_B2B-XH-A_1x02_P2.50mm_Vertical,,https://www.jst-mfg.com/product/pdf/eng/eXH.pdf,2026-09-22,False,"To qualified CAM USB power pigtail, NOT BAT connector. Target1.5A sustained/2A peak. USB-C source/CC/polarity and cable resistance still require qualification. Disconnect robot5V for host USB."
JP70,SERVICE OFF / OPEN=ON,61300211121,Wurth Elektronik,Connector_PinHeader_2.54mm:PinHeader_1x02_P2.54mm_Vertical,,https://www.we-online.com/components/products/datasheet/61300211121.pdf,2026-09-22,False,Normally open header. Bridge 1-2 only in maintenance cradle to disable this one rail. Motion supply loss removes ARM and robot balance. No automatic MCU-controlled power cycling.
TP70,+5V_CAM,PCB copper test pad,PCB,TestPoint:TestPoint_Pad_D1.5mm,,,2026-09-22,False,Electrical test access defined; position and fixture coverage intentionally not frozen.
TP71,GND,PCB copper test pad,PCB,TestPoint:TestPoint_Pad_D1.5mm,,,2026-09-22,False,Electrical test access defined; position and fixture coverage intentionally not frozen.
