ref,value,footprint,source,note
J1,PACK AFTER 6.3A FUSE,MORI_Custom:AMASS_XT30UPB-M_1x02_P5.0mm_Vertical__P3_J1,,Protected finished3S pack through external6.3A fuse. On-board Q90 is controlled by rear SW1. No direct small-switch load current.
J2,WHEEL BUCK VIN,MORI_Custom:AMASS_XT30UPB-M_1x02_P5.0mm_Vertical__P3_J2__P5_J2,,"AMASS XT30UPB-M PCB: pin1 minus, pin2 plus; mating housing polarization plus continuity check mandatory."
J3,WHEEL BUCK 9V RETURN,MORI_Custom:AMASS_XT30UPB-M_1x02_P5.0mm_Vertical__P3R1_J3,,"AMASS XT30UPB-M PCB: pin1 minus, pin2 plus; mating housing polarization plus continuity check mandatory."
J4,HEAD BUCK VIN,MORI_Custom:AMASS_XT30UPB-M_1x02_P5.0mm_Vertical__P2_J4__P3_J4__P3R1_J4,,"AMASS XT30UPB-M PCB: pin1 minus, pin2 plus; mating housing polarization plus continuity check mandatory."
J5,HEAD BUCK 6V RETURN,MORI_Custom:AMASS_XT30UPB-M_1x02_P5.0mm_Vertical__P2_J5__P3_J5__P5_J5,,"AMASS XT30UPB-M PCB: pin1 minus, pin2 plus; mating housing polarization plus continuity check mandatory."
J6,RAW BAT SERVICE / DNP,MORI_Custom:AMASS_XT30UPB-M_1x02_P5.0mm_Vertical__P3_J6__P3R1_J6,,Legacy external5V feed no longer used. Not5V. Leave unpopulated in S3.
J11,WHEEL DUMP 5R6 EXTERNAL,MORI_Custom:AMASS_XT30UPB-M_1x02_P5.0mm_Vertical__P5R5_DUMP,,"AMASS XT30UPB-M PCB: pin1 minus, pin2 plus; mating housing polarization plus continuity check mandatory."
J12,HEAD DUMP 10R EXTERNAL,MORI_Custom:AMASS_XT30UPB-M_1x02_P5.0mm_Vertical__P2_J12__P5_J12__P5R5_DUMP,,"AMASS XT30UPB-M PCB: pin1 minus, pin2 plus; mating housing polarization plus continuity check mandatory."
J7,S288 L,MORI_Custom:JST_XH_B3B-XH-A_1x03_P2.50mm_Vertical__P2_J7__P3_J7__P5_J7,,Board-side XH 3-pin interface only. SCS original 5264-3P uses 1GND/2VCC/3TTL. S288 factory mating plug remains unverified; adapter harness must be confirmed.
J8,S288 R,MORI_Custom:JST_XH_B3B-XH-A_1x03_P2.50mm_Vertical__P2_J8__P5_J8,,Board-side XH 3-pin interface only. SCS original 5264-3P uses 1GND/2VCC/3TTL. S288 factory mating plug remains unverified; adapter harness must be confirmed.
J9,SCS0009 CHAIN,MORI_Custom:JST_XH_B3B-XH-A_1x03_P2.50mm_Vertical__P5_J9,,Board-side XH 3-pin interface only. SCS original 5264-3P uses 1GND/2VCC/3TTL. S288 factory mating plug remains unverified; adapter harness must be confirmed.
J10,MOTION CONTROL,MORI_Custom:JST_PH_B8B-PH-K_1x08_P2.00mm_Vertical__P4_PH_ANNULUS__P5_J10,https://www.jst-mfg.com/product/pdf/eng/ePH.pdf,P4 PH 2.0 mm. PHR-8 / SPH-002T-P0.5S. Signal pin numbering unchanged. Check both mating views; never wire by color alone.
J13,S288 DATA,MORI_Custom:JST_PH_B2B-PH-K_1x02_P2.00mm_Vertical__P4_PH_ANNULUS,https://www.jst-mfg.com/product/pdf/eng/ePH.pdf,P4 PH 2.0 mm. PHR-2 / SPH-002T-P0.5S. Signal pin numbering unchanged. Check both mating views; never wire by color alone.
J14,HEAD DATA,MORI_Custom:JST_PH_B3B-PH-K_1x03_P2.00mm_Vertical__P4_PH_ANNULUS,https://www.jst-mfg.com/product/pdf/eng/ePH.pdf,P4 PH 2.0 mm. PHR-3 / SPH-002T-P0.5S. Signal pin numbering unchanged. Check both mating views; never wire by color alone.
J15,CHARGE INTERLOCK,MORI_Custom:JST_PH_B2B-PH-K_1x02_P2.00mm_Vertical__P4_PH_ANNULUS__P3R1_J15,https://www.jst-mfg.com/product/pdf/eng/ePH.pdf,P4 PH 2.0 mm. PHR-2 / SPH-002T-P0.5S. Signal pin numbering unchanged. Check both mating views; never wire by color alone.
J16,CHARGER RAW VBUS SENSE,MORI_Custom:JST_PH_B2B-PH-K_1x02_P2.00mm_Vertical__P4_PH_ANNULUS__P3R1_J16,https://www.jst-mfg.com/product/pdf/eng/ePH.pdf,P4 PH 2.0 mm. PHR-2 / SPH-002T-P0.5S. Signal pin numbering unchanged. Check both mating views; never wire by color alone.
Q1,AO4407A,MORI_Custom:SOIC-8_3.9x4.9mm_P1.27mm__P5_Q1,https://www.aosmd.com/sites/default/files/res/datasheets/AO4407A.pdf,
R1,10k,Resistor_SMD:R_0603_1608Metric,,
D1,"BZT52H-C10,115",Diode_SMD:D_SOD-123F,,
R2,WSL2512R0100FEA 10mR 1% 1W,Resistor_SMD:R_2512_6332Metric,,
U1,INA180A1IDBVR,MORI_Custom:SOT-23-5__P5_U1,https://www.ti.com/lit/ds/symlink/ina180.pdf,Kelvin sense of 10mR; gain20 =>0.2V/A. Discharge only; reverse current not measured.
R3,0,Resistor_SMD:R_0603_1608Metric,,
R4,0,Resistor_SMD:R_0603_1608Metric,,
D10,B540C-13-F,MORI_Custom:D_SMC__P3_D10__P5_D10,https://www.diodes.com/datasheet/download/B540C.pdf,B540C-13-F verified from DS13012 Rev18-2; SMC cathode pin1. Thermal/quote NOT_QUALIFIED.
Q10,AO4407A,Package_SO:SOIC-8_3.9x4.9mm_P1.27mm,https://www.aosmd.com/sites/default/files/res/datasheets/AO4407A.pdf,
Q11,AO3400A,MORI_Custom:SOT-23__P5_Q11,https://www.aosmd.com/sites/default/files/res/datasheets/AO3400A.pdf,
R10,10k,MORI_Custom:R_0603_1608Metric__P5_R10,,
R11,100,MORI_Custom:R_0603_1608Metric__P5_R11,,
C10,Panasonic EEU-FR1C102 1000uF 16V,MORI_Custom:CP_Radial_D10.0mm_P5.00mm__P2_C10__P3_C10__P5_C10,,"D10 x H16; height is vendor capacitor envelope, NOT fitted into old10mm allocation."
D30,B540C-13-F,MORI_Custom:D_SMC__P5_D30,https://www.diodes.com/datasheet/download/B540C.pdf,B540C-13-F verified from DS13012 Rev18-2; SMC cathode pin1. Thermal/quote NOT_QUALIFIED.
Q30,AO4407A,MORI_Custom:SOIC-8_3.9x4.9mm_P1.27mm__P5_Q30,https://www.aosmd.com/sites/default/files/res/datasheets/AO4407A.pdf,
Q31,AO3400A,Package_TO_SOT_SMD:SOT-23,https://www.aosmd.com/sites/default/files/res/datasheets/AO3400A.pdf,
R30,10k,Resistor_SMD:R_0603_1608Metric,,
R31,100,MORI_Custom:R_0603_1608Metric__P5_R31,,
C30,Panasonic EEU-FR1C102 1000uF 16V,MORI_Custom:CP_Radial_D10.0mm_P5.00mm__P3_C30__P5_C30,,"D10 x H16; height is vendor capacitor envelope, NOT fitted into old10mm allocation."
U20,LM393BDR,MORI_Custom:SOIC-8_3.9x4.9mm_P1.27mm__P5_U20,https://www.ti.com/lit/ds/symlink/lm393b.pdf,
U21,TL431BIDBZR,Package_TO_SOT_SMD:SOT-23,https://www.ti.com/lit/ds/symlink/tl431.pdf,"DBZ pin1 cathode,2 reference,3 anode. B grade +/-0.5% at25C; thermal error in tolerance model."
Q20,AO3400A,Package_TO_SOT_SMD:SOT-23,https://www.aosmd.com/sites/default/files/res/datasheets/AO3400A.pdf,
D20,"BZT52H-C10,115",Diode_SMD:D_SOD-123F,,
R20,2.2k,Resistor_SMD:R_0603_1608Metric,,
R21,33.2k 0.1%,Resistor_SMD:R_0603_1608Metric,,
R22,10k 0.1%,MORI_Custom:R_0603_1608Metric__P5_R22,,
R23,1M 0.1%,Resistor_SMD:R_0603_1608Metric,,
R24,2.2k,Resistor_SMD:R_0603_1608Metric,,
R25,37.4k 0.1%,Resistor_SMD:R_0603_1608Metric,,
R26,10k 0.1%,Resistor_SMD:R_0603_1608Metric,,
C20,100n,Capacitor_SMD:C_0603_1608Metric,,
C21,10n,Capacitor_SMD:C_0603_1608Metric,,
U40,LM393BDR,MORI_Custom:SOIC-8_3.9x4.9mm_P1.27mm__P5_U40,https://www.ti.com/lit/ds/symlink/lm393b.pdf,
U41,TL431BIDBZR,MORI_Custom:SOT-23__P5_U41,https://www.ti.com/lit/ds/symlink/tl431.pdf,"DBZ pin1 cathode,2 reference,3 anode. B grade +/-0.5% at25C; thermal error in tolerance model."
Q40,AO3400A,Package_TO_SOT_SMD:SOT-23,https://www.aosmd.com/sites/default/files/res/datasheets/AO3400A.pdf,
D40,"BZT52H-C10,115",MORI_Custom:D_SOD-123F__P5_D40,,
R40,2.2k,Resistor_SMD:R_0603_1608Metric,,
R41,16.5k 0.1%,Resistor_SMD:R_0603_1608Metric,,
R42,10k 0.1%,Resistor_SMD:R_0603_1608Metric,,
R43,1M 0.1%,Resistor_SMD:R_0603_1608Metric,,
R44,2.2k,Resistor_SMD:R_0603_1608Metric,,
R45,18.7k 0.1%,MORI_Custom:R_0603_1608Metric__P5_R45,,
R46,10k 0.1%,Resistor_SMD:R_0603_1608Metric,,
C40,100n,MORI_Custom:C_0603_1608Metric__P5_C40,,
C41,10n,Capacitor_SMD:C_0603_1608Metric,,
R50,100k 0.1%,Resistor_SMD:R_0603_1608Metric,,
R51,27k 0.1%,Resistor_SMD:R_0603_1608Metric,,
R52,100k 0.1%,Resistor_SMD:R_0603_1608Metric,,
R53,27k 0.1%,Resistor_SMD:R_0603_1608Metric,,
R54,10k,MORI_Custom:R_0603_1608Metric__P5_R54,,
R55,47k,Resistor_SMD:R_0603_1608Metric,,
R56,100k,MORI_Custom:R_0603_1608Metric__P5_R56,,
C1,100n,Capacitor_SMD:C_0603_1608Metric,,
C2,1u 25V,MORI_Custom:C_0603_1608Metric__P3_C2,,
Q50,MMBT3904LT1G,MORI_Custom:SOT-23__P5_Q50,,SOT23 1B 2E 3C. Raw VBUS detect only; neither CC nor charging control.
H1,M2 mounting / POSITION TBD,MountingHole:MountingHole_2.2mm_M2,,
H2,M2 mounting / POSITION TBD,MountingHole:MountingHole_2.2mm_M2,,
H3,M2 mounting / POSITION TBD,MountingHole:MountingHole_2.2mm_M2,,
H4,M2 mounting / POSITION TBD,MountingHole:MountingHole_2.2mm_M2,,
F60,1A / 125V / very fast,Fuse:Fuse_Littelfuse-NANO2-451_453,https://www.littelfuse.com/assetdocs/fuse-451-and-453-datasheet?assetguid=533cd5cc-956c-4243-867f-6ab5a62f6ba1,"Input branch fuse, not a fast electronic current limiter. Coordinate inrush, ambient derating and upstream 6.3A fuse on bench."
U60,TPS54302DDCR,MORI_Custom:TI_DDC0006A_TPS54302,https://www.ti.com/lit/ds/symlink/tps54302.pdf,SLVSDG6C Rev C. 1GND 2SW 3VIN 4FB 5EN 6BOOT. EN internally pulled up; never tie EN to 3S VIN. 3A silicon rating is not the qualified harness/assembly rating.
L60,10uH / SRP7050TA-100M,MORI_Custom:Bourns_SRP7050TA_8p4_span_2p5_gap,https://www.bourns.com/docs/product-datasheets/srp7050ta.pdf,"P3 manufacturer drawing visually checked;2.5mm is gap, pad2.95x3.5mm,centres+/-2.725mm. NOT_TESTED."
C60,22u / 25V / X7R,MORI_Custom:C_1210_3225Metric__P3_C60__P3R1_C60,https://product.samsungsem.com/mlcc/CL32B226KAJNNN.do,22uF +/-10%. Effective capacitance at bias and temperature must be qualified; nominal capacitance is not guaranteed in-circuit capacitance.
C66,22u / 25V / X7R,Capacitor_SMD:C_1210_3225Metric,https://product.samsungsem.com/mlcc/CL32B226KAJNNN.do,22uF +/-10%. Effective capacitance at bias and temperature must be qualified; nominal capacitance is not guaranteed in-circuit capacitance.
C63,22u / 25V / X7R,MORI_Custom:C_1210_3225Metric__P5_C63,https://product.samsungsem.com/mlcc/CL32B226KAJNNN.do,22uF +/-10%. Effective capacitance at bias and temperature must be qualified; nominal capacitance is not guaranteed in-circuit capacitance.
C64,22u / 25V / X7R,Capacitor_SMD:C_1210_3225Metric,https://product.samsungsem.com/mlcc/CL32B226KAJNNN.do,22uF +/-10%. Effective capacitance at bias and temperature must be qualified; nominal capacitance is not guaranteed in-circuit capacitance.
C61,100n / 50V / X7R,MORI_Custom:C_0603_1608Metric__P5_C61,https://www.murata.com/en-us/products/productdetail?partno=GRM188R71H104KA93D,"Exact suffix and domestic small-quantity quotation remain to be checked. Cboot must connect BOOT to SW, not GND."
C62,100n / 50V / X7R,Capacitor_SMD:C_0603_1608Metric,https://www.murata.com/en-us/products/productdetail?partno=GRM188R71H104KA93D,"Exact suffix and domestic small-quantity quotation remain to be checked. Cboot must connect BOOT to SW, not GND."
C65,75p / 50V / C0G,MORI_Custom:C_0603_1608Metric__P5_C65,https://www.murata.com/en-us/products/productdetail?partno=GRM1885C1H750JA01D,"Feedforward across upper feedback resistor, following TI 5V ceramic-output reference. Re-tune only from stability/step-load evidence."
R60,100k / 0.1%,Resistor_SMD:R_0603_1608Metric,https://www.yageogroup.com/component-documentation/download/specsheet/RT0603BRD07100KL,"Nominal 0.596V reference gives 5.0772V setpoint; full voltage tolerance is calculated, not assumed exactly5.000V."
R61,13.3k / 0.1%,Resistor_SMD:R_0603_1608Metric,https://www.yageogroup.com/component-documentation/download/specsheet/RT0603BRD0713K3L,"Nominal 0.596V reference gives 5.0772V setpoint; full voltage tolerance is calculated, not assumed exactly5.000V."
J17,MOTION 5V OUT / 1+ 2GND,MORI_Custom:JST_PH_B2B-PH-K_1x02_P2.00mm_Vertical__P4_PH_ANNULUS,https://www.jst-mfg.com/product/pdf/eng/ePH.pdf,P4 PH 2.0 mm. PHR-2 / SPH-002T-P0.5S. Signal pin numbering unchanged. Check both mating views; never wire by color alone.
JP60,SERVICE OFF / OPEN=ON,MORI_Custom:PinHeader_1x02_P2.54mm_Vertical__P3_JP60__P3R1_JP60,https://www.we-online.com/components/products/datasheet/61300211121.pdf,Normally open header. Bridge 1-2 only in maintenance cradle to disable this one rail. Motion supply loss removes ARM and robot balance. No automatic MCU-controlled power cycling.
TP60,+5V_MOTION,MORI_Custom:TestPoint_Pad_D1.5mm__P3_TP60,,Electrical test access defined; position and fixture coverage intentionally not frozen.
TP61,GND,MORI_Custom:TestPoint_Pad_D1.5mm__P5_TP61,,Electrical test access defined; position and fixture coverage intentionally not frozen.
F70,2A / 125V / very fast,MORI_Custom:Fuse_Littelfuse-NANO2-451_453__P5_F70,https://www.littelfuse.com/assetdocs/fuse-451-and-453-datasheet?assetguid=533cd5cc-956c-4243-867f-6ab5a62f6ba1,"Input branch fuse, not a fast electronic current limiter. Coordinate inrush, ambient derating and upstream 6.3A fuse on bench."
U70,TPS54302DDCR,MORI_Custom:TI_DDC0006A_TPS54302,https://www.ti.com/lit/ds/symlink/tps54302.pdf,SLVSDG6C Rev C. 1GND 2SW 3VIN 4FB 5EN 6BOOT. EN internally pulled up; never tie EN to 3S VIN. 3A silicon rating is not the qualified harness/assembly rating.
L70,10uH / SRP7050TA-100M,MORI_Custom:Bourns_SRP7050TA_8p4_span_2p5_gap,https://www.bourns.com/docs/product-datasheets/srp7050ta.pdf,"P3 manufacturer drawing visually checked;2.5mm is gap, pad2.95x3.5mm,centres+/-2.725mm. NOT_TESTED."
C70,22u / 25V / X7R,MORI_Custom:C_1210_3225Metric__P3_C70,https://product.samsungsem.com/mlcc/CL32B226KAJNNN.do,22uF +/-10%. Effective capacitance at bias and temperature must be qualified; nominal capacitance is not guaranteed in-circuit capacitance.
C76,22u / 25V / X7R,Capacitor_SMD:C_1210_3225Metric,https://product.samsungsem.com/mlcc/CL32B226KAJNNN.do,22uF +/-10%. Effective capacitance at bias and temperature must be qualified; nominal capacitance is not guaranteed in-circuit capacitance.
C73,22u / 25V / X7R,Capacitor_SMD:C_1210_3225Metric,https://product.samsungsem.com/mlcc/CL32B226KAJNNN.do,22uF +/-10%. Effective capacitance at bias and temperature must be qualified; nominal capacitance is not guaranteed in-circuit capacitance.
C74,22u / 25V / X7R,MORI_Custom:C_1210_3225Metric__P3_C74,https://product.samsungsem.com/mlcc/CL32B226KAJNNN.do,22uF +/-10%. Effective capacitance at bias and temperature must be qualified; nominal capacitance is not guaranteed in-circuit capacitance.
C71,100n / 50V / X7R,MORI_Custom:C_0603_1608Metric__P5_C71,https://www.murata.com/en-us/products/productdetail?partno=GRM188R71H104KA93D,"Exact suffix and domestic small-quantity quotation remain to be checked. Cboot must connect BOOT to SW, not GND."
C72,100n / 50V / X7R,Capacitor_SMD:C_0603_1608Metric,https://www.murata.com/en-us/products/productdetail?partno=GRM188R71H104KA93D,"Exact suffix and domestic small-quantity quotation remain to be checked. Cboot must connect BOOT to SW, not GND."
C75,75p / 50V / C0G,MORI_Custom:C_0603_1608Metric__P3R1_C75,https://www.murata.com/en-us/products/productdetail?partno=GRM1885C1H750JA01D,"Feedforward across upper feedback resistor, following TI 5V ceramic-output reference. Re-tune only from stability/step-load evidence."
R70,100k / 0.1%,Resistor_SMD:R_0603_1608Metric,https://www.yageogroup.com/component-documentation/download/specsheet/RT0603BRD07100KL,"Nominal 0.596V reference gives 5.0772V setpoint; full voltage tolerance is calculated, not assumed exactly5.000V."
R71,13.3k / 0.1%,MORI_Custom:R_0603_1608Metric__P3_R71,https://www.yageogroup.com/component-documentation/download/specsheet/RT0603BRD0713K3L,"Nominal 0.596V reference gives 5.0772V setpoint; full voltage tolerance is calculated, not assumed exactly5.000V."
J18,CAM 5V OUT / 1+ 2GND,Connector_JST:JST_XH_B2B-XH-A_1x02_P2.50mm_Vertical,https://www.jst-mfg.com/product/pdf/eng/eXH.pdf,"To qualified CAM USB power pigtail, NOT BAT connector. Target1.5A sustained/2A peak. USB-C source/CC/polarity and cable resistance still require qualification. Disconnect robot5V for host USB."
JP70,SERVICE OFF / OPEN=ON,MORI_Custom:PinHeader_1x02_P2.54mm_Vertical__P5_JP70,https://www.we-online.com/components/products/datasheet/61300211121.pdf,Normally open header. Bridge 1-2 only in maintenance cradle to disable this one rail. Motion supply loss removes ARM and robot balance. No automatic MCU-controlled power cycling.
TP70,+5V_CAM,MORI_Custom:TestPoint_Pad_D1.5mm__P3R1_TP70,,Electrical test access defined; position and fixture coverage intentionally not frozen.
TP71,GND,MORI_Custom:TestPoint_Pad_D1.5mm__P5_TP71,,Electrical test access defined; position and fixture coverage intentionally not frozen.
Q90,AO4407A,Package_SO:SOIC-8_3.9x4.9mm_P1.27mm,https://www.aosmd.com/sites/default/files/res/datasheets/AO4407A.pdf,"Main load switch source=PACK_FUSED, drain=BAT_IN. Q1 remains reverse protection with common drains. Power OFF requires Q90 off; not a safety-rated isolator."
R90,100k,Resistor_SMD:R_0603_1608Metric,,Gate-source pull-up defaults master OFF with rear harness open.
R91,10k,Resistor_SMD:R_0603_1608Metric,,"Gate return current limited; rear switch carries <1.3mA at12.6V, not actuator current."
D90,"BZT52H-C10,115",Diode_SMD:D_SOD-123F,,Cathode pin1 to source. Gate clamp; low-current zener tolerance must be checked.
J19,REAR MASTER / 1RETURN 2GND,MORI_Custom:JST_PH_B2B-PH-K_1x02_P2.00mm_Vertical__P4_PH_ANNULUS__P5_J19,https://www.jst-mfg.com/product/pdf/eng/ePH.pdf,"JST B2B-PH-K-S(LF)(SN),C131337; PHR-2/SPH-002T-P0.5S; rear J3.1/2. RETURN may sit at pack voltage while OFF."
