board,net,source_sha256,segments,before_mm,after_mm,widths_mm,note,diagnostic_view,native_DRC,physical_tests
motion,/+3V3,834b8bb26930ba07778ad8b1a4fc0325f2989c92b8b31b6732b9dfe812732146,33,39.2736,39.2736,"[0.2, 0.5]",铜线与过孔不变；本轮仅标记和原理图T接点。,net_review/motion/PLUS3V3.svg,PASS,NOT_TESTED
motion,/+5V_MOTION,834b8bb26930ba07778ad8b1a4fc0325f2989c92b8b31b6732b9dfe812732146,6,24.762,24.762,[0.5],铜线与过孔不变；本轮仅标记和原理图T接点。,net_review/motion/PLUS5V_MOTION.svg,PASS,NOT_TESTED
motion,/ARM_CLK,834b8bb26930ba07778ad8b1a4fc0325f2989c92b8b31b6732b9dfe812732146,6,7.2707,7.2707,[0.2],铜线与过孔不变；本轮仅标记和原理图T接点。,net_review/motion/ARM_CLK.svg,PASS,NOT_TESTED
motion,/ARM_FEEDBACK,834b8bb26930ba07778ad8b1a4fc0325f2989c92b8b31b6732b9dfe812732146,4,14.7762,14.7762,[0.2],铜线与过孔不变；本轮仅标记和原理图T接点。,net_review/motion/ARM_FEEDBACK.svg,PASS,NOT_TESTED
motion,/ARM_Q,834b8bb26930ba07778ad8b1a4fc0325f2989c92b8b31b6732b9dfe812732146,23,51.0677,51.0677,[0.2],铜线与过孔不变；本轮仅标记和原理图T接点。,net_review/motion/ARM_Q.svg,PASS,NOT_TESTED
motion,/ARM_Q_N,834b8bb26930ba07778ad8b1a4fc0325f2989c92b8b31b6732b9dfe812732146,16,18.1658,18.1658,[0.2],铜线与过孔不变；本轮仅标记和原理图T接点。,net_review/motion/ARM_Q_N.svg,PASS,NOT_TESTED
motion,/BAT_ADC,834b8bb26930ba07778ad8b1a4fc0325f2989c92b8b31b6732b9dfe812732146,2,7.4411,7.4411,[0.2],铜线与过孔不变；本轮仅标记和原理图T接点。,net_review/motion/BAT_ADC.svg,PASS,NOT_TESTED
motion,/BAT_ADC_IN,834b8bb26930ba07778ad8b1a4fc0325f2989c92b8b31b6732b9dfe812732146,18,57.0459,57.0459,[0.2],铜线与过孔不变；本轮仅标记和原理图T接点。,net_review/motion/BAT_ADC_IN.svg,PASS,NOT_TESTED
motion,/CAM_3V3,834b8bb26930ba07778ad8b1a4fc0325f2989c92b8b31b6732b9dfe812732146,10,18.8864,18.8864,[0.2],铜线与过孔不变；本轮仅标记和原理图T接点。,net_review/motion/CAM_3V3.svg,PASS,NOT_TESTED
motion,/CAM_RX,834b8bb26930ba07778ad8b1a4fc0325f2989c92b8b31b6732b9dfe812732146,3,8.8821,8.8821,[0.2],铜线与过孔不变；本轮仅标记和原理图T接点。,net_review/motion/CAM_RX.svg,PASS,NOT_TESTED
motion,/CAM_RX_BUF,834b8bb26930ba07778ad8b1a4fc0325f2989c92b8b31b6732b9dfe812732146,4,6.0262,6.0262,[0.2],铜线与过孔不变；本轮仅标记和原理图T接点。,net_review/motion/CAM_RX_BUF.svg,PASS,NOT_TESTED
motion,/CAM_TX,834b8bb26930ba07778ad8b1a4fc0325f2989c92b8b31b6732b9dfe812732146,8,20.7568,20.7568,[0.2],铜线与过孔不变；本轮仅标记和原理图T接点。,net_review/motion/CAM_TX.svg,PASS,NOT_TESTED
motion,/CHG_N,834b8bb26930ba07778ad8b1a4fc0325f2989c92b8b31b6732b9dfe812732146,19,67.8991,67.8991,[0.2],铜线与过孔不变；本轮仅标记和原理图T接点。,net_review/motion/CHG_N.svg,PASS,NOT_TESTED
motion,/CLR_N,834b8bb26930ba07778ad8b1a4fc0325f2989c92b8b31b6732b9dfe812732146,32,90.0609,90.0609,[0.2],铜线与过孔不变；本轮仅标记和原理图T接点。,net_review/motion/CLR_N.svg,PASS,NOT_TESTED
motion,/CURRENT_ADC,834b8bb26930ba07778ad8b1a4fc0325f2989c92b8b31b6732b9dfe812732146,4,7.8408,7.8408,[0.2],铜线与过孔不变；本轮仅标记和原理图T接点。,net_review/motion/CURRENT_ADC.svg,PASS,NOT_TESTED
motion,/CURRENT_ADC_IN,834b8bb26930ba07778ad8b1a4fc0325f2989c92b8b31b6732b9dfe812732146,19,86.8568,86.8568,[0.2],铜线与过孔不变；本轮仅标记和原理图T接点。,net_review/motion/CURRENT_ADC_IN.svg,PASS,NOT_TESTED
motion,/FAULT_N,834b8bb26930ba07778ad8b1a4fc0325f2989c92b8b31b6732b9dfe812732146,16,66.7063,66.7063,[0.2],铜线与过孔不变；本轮仅标记和原理图T接点。,net_review/motion/FAULT_N.svg,PASS,NOT_TESTED
motion,/GND,834b8bb26930ba07778ad8b1a4fc0325f2989c92b8b31b6732b9dfe812732146,26,25.7381,25.7381,[0.2],铜线与过孔不变；本轮仅标记和原理图T接点。,net_review/motion/GND.svg,PASS,NOT_TESTED
motion,/HEAD_BUS,834b8bb26930ba07778ad8b1a4fc0325f2989c92b8b31b6732b9dfe812732146,14,52.9045,52.9045,[0.2],铜线与过孔不变；本轮仅标记和原理图T接点。,net_review/motion/HEAD_BUS.svg,PASS,NOT_TESTED
motion,/HEAD_OE_N,834b8bb26930ba07778ad8b1a4fc0325f2989c92b8b31b6732b9dfe812732146,6,15.6593,15.6593,[0.2],铜线与过孔不变；本轮仅标记和原理图T接点。,net_review/motion/HEAD_OE_N.svg,PASS,NOT_TESTED
motion,/HEAD_OE_REQ_N,834b8bb26930ba07778ad8b1a4fc0325f2989c92b8b31b6732b9dfe812732146,8,11.4894,11.4894,[0.2],铜线与过孔不变；本轮仅标记和原理图T接点。,net_review/motion/HEAD_OE_REQ_N.svg,PASS,NOT_TESTED
motion,/HEAD_RX,834b8bb26930ba07778ad8b1a4fc0325f2989c92b8b31b6732b9dfe812732146,3,6.3347,6.3347,[0.2],铜线与过孔不变；本轮仅标记和原理图T接点。,net_review/motion/HEAD_RX.svg,PASS,NOT_TESTED
motion,/HEAD_TX,834b8bb26930ba07778ad8b1a4fc0325f2989c92b8b31b6732b9dfe812732146,2,8.1828,8.1828,[0.2],铜线与过孔不变；本轮仅标记和原理图T接点。,net_review/motion/HEAD_TX.svg,PASS,NOT_TESTED
motion,/HEAD_TX_BUF,834b8bb26930ba07778ad8b1a4fc0325f2989c92b8b31b6732b9dfe812732146,5,5.4658,5.4658,[0.2],铜线与过孔不变；本轮仅标记和原理图T接点。,net_review/motion/HEAD_TX_BUF.svg,PASS,NOT_TESTED
motion,/IMU_CS,834b8bb26930ba07778ad8b1a4fc0325f2989c92b8b31b6732b9dfe812732146,14,43.2136,43.2136,[0.2],铜线与过孔不变；本轮仅标记和原理图T接点。,net_review/motion/IMU_CS.svg,PASS,NOT_TESTED
motion,/IMU_CS_M,834b8bb26930ba07778ad8b1a4fc0325f2989c92b8b31b6732b9dfe812732146,4,5.5198,5.5198,[0.2],铜线与过孔不变；本轮仅标记和原理图T接点。,net_review/motion/IMU_CS_M.svg,PASS,NOT_TESTED
motion,/IMU_DRDY,834b8bb26930ba07778ad8b1a4fc0325f2989c92b8b31b6732b9dfe812732146,9,39.9901,39.9901,[0.2],铜线与过孔不变；本轮仅标记和原理图T接点。,net_review/motion/IMU_DRDY.svg,PASS,NOT_TESTED
motion,/IMU_MISO,834b8bb26930ba07778ad8b1a4fc0325f2989c92b8b31b6732b9dfe812732146,8,39.9447,39.9447,[0.2],铜线与过孔不变；本轮仅标记和原理图T接点。,net_review/motion/IMU_MISO.svg,PASS,NOT_TESTED
motion,/IMU_MOSI,834b8bb26930ba07778ad8b1a4fc0325f2989c92b8b31b6732b9dfe812732146,11,33.6535,33.6535,[0.2],铜线与过孔不变；本轮仅标记和原理图T接点。,net_review/motion/IMU_MOSI.svg,PASS,NOT_TESTED
motion,/IMU_MOSI_M,834b8bb26930ba07778ad8b1a4fc0325f2989c92b8b31b6732b9dfe812732146,2,3.1247,3.1247,[0.2],铜线与过孔不变；本轮仅标记和原理图T接点。,net_review/motion/IMU_MOSI_M.svg,PASS,NOT_TESTED
motion,/IMU_SCK,834b8bb26930ba07778ad8b1a4fc0325f2989c92b8b31b6732b9dfe812732146,11,43.6057,43.6057,[0.2],铜线与过孔不变；本轮仅标记和原理图T接点。,net_review/motion/IMU_SCK.svg,PASS,NOT_TESTED
motion,/IMU_SCK_M,834b8bb26930ba07778ad8b1a4fc0325f2989c92b8b31b6732b9dfe812732146,2,3.6616,3.6616,[0.2],铜线与过孔不变；本轮仅标记和原理图T接点。,net_review/motion/IMU_SCK_M.svg,PASS,NOT_TESTED
motion,/LINK_RX,834b8bb26930ba07778ad8b1a4fc0325f2989c92b8b31b6732b9dfe812732146,6,9.6814,9.6814,[0.2],铜线与过孔不变；本轮仅标记和原理图T接点。,net_review/motion/LINK_RX.svg,PASS,NOT_TESTED
motion,/LINK_TX,834b8bb26930ba07778ad8b1a4fc0325f2989c92b8b31b6732b9dfe812732146,4,10.1233,10.1233,[0.2],铜线与过孔不变；本轮仅标记和原理图T接点。,net_review/motion/LINK_TX.svg,PASS,NOT_TESTED
motion,/LOOP_3V3,834b8bb26930ba07778ad8b1a4fc0325f2989c92b8b31b6732b9dfe812732146,7,18.8282,18.8282,[0.2],铜线与过孔不变；本轮仅标记和原理图T接点。,net_review/motion/LOOP_3V3.svg,PASS,NOT_TESTED
motion,/NRST,834b8bb26930ba07778ad8b1a4fc0325f2989c92b8b31b6732b9dfe812732146,2,4.9583,4.9583,[0.2],铜线与过孔不变；本轮仅标记和原理图T接点。,net_review/motion/NRST.svg,PASS,NOT_TESTED
motion,/S288_BUS,834b8bb26930ba07778ad8b1a4fc0325f2989c92b8b31b6732b9dfe812732146,8,31.4492,31.4492,[0.2],铜线与过孔不变；本轮仅标记和原理图T接点。,net_review/motion/S288_BUS.svg,PASS,NOT_TESTED
motion,/S288_OE_N,834b8bb26930ba07778ad8b1a4fc0325f2989c92b8b31b6732b9dfe812732146,10,10.8023,10.8023,[0.2],铜线与过孔不变；本轮仅标记和原理图T接点。,net_review/motion/S288_OE_N.svg,PASS,NOT_TESTED
motion,/S288_OE_REQ_N,834b8bb26930ba07778ad8b1a4fc0325f2989c92b8b31b6732b9dfe812732146,13,23.7073,23.7073,[0.2],铜线与过孔不变；本轮仅标记和原理图T接点。,net_review/motion/S288_OE_REQ_N.svg,PASS,NOT_TESTED
motion,/S288_RX,834b8bb26930ba07778ad8b1a4fc0325f2989c92b8b31b6732b9dfe812732146,6,6.2245,6.2245,[0.2],铜线与过孔不变；本轮仅标记和原理图T接点。,net_review/motion/S288_RX.svg,PASS,NOT_TESTED
motion,/S288_TX,834b8bb26930ba07778ad8b1a4fc0325f2989c92b8b31b6732b9dfe812732146,9,11.6809,11.6809,[0.2],铜线与过孔不变；本轮仅标记和原理图T接点。,net_review/motion/S288_TX.svg,PASS,NOT_TESTED
motion,/S288_TX_BUF,834b8bb26930ba07778ad8b1a4fc0325f2989c92b8b31b6732b9dfe812732146,1,1.925,1.925,[0.2],铜线与过孔不变；本轮仅标记和原理图T接点。,net_review/motion/S288_TX_BUF.svg,PASS,NOT_TESTED
motion,/USER_KEY_N,834b8bb26930ba07778ad8b1a4fc0325f2989c92b8b31b6732b9dfe812732146,21,51.6554,51.6554,[0.2],铜线与过孔不变；本轮仅标记和原理图T接点。,net_review/motion/USER_KEY_N.svg,PASS,NOT_TESTED
motion,/WHEEL_ADC,834b8bb26930ba07778ad8b1a4fc0325f2989c92b8b31b6732b9dfe812732146,3,5.2169,5.2169,[0.2],铜线与过孔不变；本轮仅标记和原理图T接点。,net_review/motion/WHEEL_ADC.svg,PASS,NOT_TESTED
motion,/WHEEL_ADC_IN,834b8bb26930ba07778ad8b1a4fc0325f2989c92b8b31b6732b9dfe812732146,17,78.2437,78.2437,[0.2],铜线与过孔不变；本轮仅标记和原理图T接点。,net_review/motion/WHEEL_ADC_IN.svg,PASS,NOT_TESTED
power,/+3V3,12310ac29f20f4dbef1052a8f9412dd45e623a25e36e2a43953dcf4929926166,17,20.5206,20.5206,[0.2],原电气通道保留；少数可行自由转角处理，见UUID差异。,net_review/power/PLUS3V3.svg,PASS,NOT_TESTED
power,/+5V_CAM,12310ac29f20f4dbef1052a8f9412dd45e623a25e36e2a43953dcf4929926166,31,69.1171,62.1395,"[0.2, 0.8]",负载宽铜不变，取样与测试点支路局部整理。,net_review/power/PLUS5V_CAM.svg,PASS,NOT_TESTED
power,/+5V_MOTION,12310ac29f20f4dbef1052a8f9412dd45e623a25e36e2a43953dcf4929926166,28,45.1698,51.4402,"[0.2, 0.8]",负载宽铜不变，反馈取样单独细线；不把细线当载流主干。,net_review/power/PLUS5V_MOTION.svg,PASS,NOT_TESTED
power,/ARM_Q,12310ac29f20f4dbef1052a8f9412dd45e623a25e36e2a43953dcf4929926166,41,133.6422,133.6422,[0.2],原电气通道保留；少数可行自由转角处理，见UUID差异。,net_review/power/ARM_Q.svg,PASS,NOT_TESTED
power,/BAT_ADC,12310ac29f20f4dbef1052a8f9412dd45e623a25e36e2a43953dcf4929926166,11,21.7475,21.7475,[0.2],原电气通道保留；少数可行自由转角处理，见UUID差异。,net_review/power/BAT_ADC.svg,PASS,NOT_TESTED
power,/BAT_IN,12310ac29f20f4dbef1052a8f9412dd45e623a25e36e2a43953dcf4929926166,3,9.37,9.37,"[1.2, 2.0]",原电气通道保留；少数可行自由转角处理，见UUID差异。,net_review/power/BAT_IN.svg,PASS,NOT_TESTED
power,/BAT_MON,12310ac29f20f4dbef1052a8f9412dd45e623a25e36e2a43953dcf4929926166,45,125.4964,125.4964,"[0.2, 0.4, 0.8, 1.0, 2.0]",原电气通道保留；少数可行自由转角处理，见UUID差异。,net_review/power/BAT_MON.svg,PASS,NOT_TESTED
power,/BAT_REV,12310ac29f20f4dbef1052a8f9412dd45e623a25e36e2a43953dcf4929926166,11,15.1624,14.8695,"[0.2, 1.2, 2.0]",原电气通道保留；少数可行自由转角处理，见UUID差异。,net_review/power/BAT_REV.svg,PASS,NOT_TESTED
power,/C5_BOOT,12310ac29f20f4dbef1052a8f9412dd45e623a25e36e2a43953dcf4929926166,1,2.751,2.175,[0.2],原电气通道保留；少数可行自由转角处理，见UUID差异。,net_review/power/C5_BOOT.svg,PASS,NOT_TESTED
power,/C5_EN,12310ac29f20f4dbef1052a8f9412dd45e623a25e36e2a43953dcf4929926166,12,23.8358,22.967,[0.2],U70外侧到JP70，保留与FB/功率节点隔离。,net_review/power/C5_EN.svg,PASS,NOT_TESTED
power,/C5_FB,12310ac29f20f4dbef1052a8f9412dd45e623a25e36e2a43953dcf4929926166,5,9.1594,6.8624,[0.2],反馈组靠近U70，C75摆位消除出口短台阶。,net_review/power/C5_FB.svg,PASS,NOT_TESTED
power,/C5_SW,12310ac29f20f4dbef1052a8f9412dd45e623a25e36e2a43953dcf4929926166,8,9.0152,16.4071,"[0.5, 0.6, 0.8]",芯片外侧F→B→F到电感；无IC下方SW穿越。,net_review/power/C5_SW.svg,PASS,NOT_TESTED
power,/C5_VIN,12310ac29f20f4dbef1052a8f9412dd45e623a25e36e2a43953dcf4929926166,13,20.1377,17.1335,"[0.6, 0.8]",F70至U70，0.6mm最小显式通道；顶层输入电容连接。,net_review/power/C5_VIN.svg,PASS,NOT_TESTED
power,/CHG_BASE,12310ac29f20f4dbef1052a8f9412dd45e623a25e36e2a43953dcf4929926166,6,6.3557,6.3557,[0.2],原电气通道保留；少数可行自由转角处理，见UUID差异。,net_review/power/CHG_BASE.svg,PASS,NOT_TESTED
power,/CHG_N,12310ac29f20f4dbef1052a8f9412dd45e623a25e36e2a43953dcf4929926166,37,72.3497,87.6669,[0.2],受EN路径影响的局部信号重连；联锁拓扑不变。,net_review/power/CHG_N.svg,PASS,NOT_TESTED
power,/CURRENT_ADC,12310ac29f20f4dbef1052a8f9412dd45e623a25e36e2a43953dcf4929926166,40,145.7978,145.7978,[0.2],原电气通道保留；少数可行自由转角处理，见UUID差异。,net_review/power/CURRENT_ADC.svg,PASS,NOT_TESTED
power,/FAULT_N,12310ac29f20f4dbef1052a8f9412dd45e623a25e36e2a43953dcf4929926166,29,68.0013,68.0013,[0.2],原电气通道保留；少数可行自由转角处理，见UUID差异。,net_review/power/FAULT_N.svg,PASS,NOT_TESTED
power,/GND,12310ac29f20f4dbef1052a8f9412dd45e623a25e36e2a43953dcf4929926166,90,78.2931,130.4781,"[0.2, 0.5, 0.6, 0.8]",两路输入电容负端明确F.Cu连接；In1安静地为R13局部偏离。,net_review/power/GND.svg,PASS,NOT_TESTED
power,/H6_IN,12310ac29f20f4dbef1052a8f9412dd45e623a25e36e2a43953dcf4929926166,6,19.6991,19.6991,[1.0],原电气通道保留；少数可行自由转角处理，见UUID差异。,net_review/power/H6_IN.svg,PASS,NOT_TESTED
power,/H_BRAKE_GATE,12310ac29f20f4dbef1052a8f9412dd45e623a25e36e2a43953dcf4929926166,23,63.2531,63.2531,[0.2],原电气通道保留；少数可行自由转角处理，见UUID差异。,net_review/power/H_BRAKE_GATE.svg,PASS,NOT_TESTED
power,/H_BUS,12310ac29f20f4dbef1052a8f9412dd45e623a25e36e2a43953dcf4929926166,7,11.3413,11.3413,[0.2],原电气通道保留；少数可行自由转角处理，见UUID差异。,net_review/power/H_BUS.svg,PASS,NOT_TESTED
power,/H_DUMP_D,12310ac29f20f4dbef1052a8f9412dd45e623a25e36e2a43953dcf4929926166,4,11.7586,11.7586,[1.0],原电气通道保留；少数可行自由转角处理，见UUID差异。,net_review/power/H_DUMP_D.svg,PASS,NOT_TESTED
power,/H_GATE,12310ac29f20f4dbef1052a8f9412dd45e623a25e36e2a43953dcf4929926166,8,10.0732,10.0732,[0.2],原电气通道保留；少数可行自由转角处理，见UUID差异。,net_review/power/H_GATE.svg,PASS,NOT_TESTED
power,/H_GATE_LOW,12310ac29f20f4dbef1052a8f9412dd45e623a25e36e2a43953dcf4929926166,12,20.3222,20.3222,[0.2],原电气通道保留；少数可行自由转角处理，见UUID差异。,net_review/power/H_GATE_LOW.svg,PASS,NOT_TESTED
power,/H_OVSENSE,12310ac29f20f4dbef1052a8f9412dd45e623a25e36e2a43953dcf4929926166,17,30.1367,30.1367,[0.2],原电气通道保留；少数可行自由转角处理，见UUID差异。,net_review/power/H_OVSENSE.svg,PASS,NOT_TESTED
power,/H_PRE,12310ac29f20f4dbef1052a8f9412dd45e623a25e36e2a43953dcf4929926166,12,29.7411,29.7411,"[1.0, 1.2]",原电气通道保留；少数可行自由转角处理，见UUID差异。,net_review/power/H_PRE.svg,PASS,NOT_TESTED
power,/H_REF,12310ac29f20f4dbef1052a8f9412dd45e623a25e36e2a43953dcf4929926166,18,36.5899,36.5899,[0.2],原电气通道保留；少数可行自由转角处理，见UUID差异。,net_review/power/H_REF.svg,PASS,NOT_TESTED
power,/H_SENSE,12310ac29f20f4dbef1052a8f9412dd45e623a25e36e2a43953dcf4929926166,22,27.1873,27.1873,[0.2],原电气通道保留；少数可行自由转角处理，见UUID差异。,net_review/power/H_SENSE.svg,PASS,NOT_TESTED
power,/H_VM,12310ac29f20f4dbef1052a8f9412dd45e623a25e36e2a43953dcf4929926166,38,87.6032,87.6032,"[0.2, 0.8, 1.0, 1.2]",原电气通道保留；少数可行自由转角处理，见UUID差异。,net_review/power/H_VM.svg,PASS,NOT_TESTED
power,/KELVIN_N,12310ac29f20f4dbef1052a8f9412dd45e623a25e36e2a43953dcf4929926166,3,4.6946,4.6946,[0.381],原电气通道保留；少数可行自由转角处理，见UUID差异。,net_review/power/KELVIN_N.svg,PASS,NOT_TESTED
power,/KELVIN_P,12310ac29f20f4dbef1052a8f9412dd45e623a25e36e2a43953dcf4929926166,4,4.1767,4.1767,[0.381],原电气通道保留；少数可行自由转角处理，见UUID差异。,net_review/power/KELVIN_P.svg,PASS,NOT_TESTED
power,/M5_BOOT,12310ac29f20f4dbef1052a8f9412dd45e623a25e36e2a43953dcf4929926166,1,2.751,1.675,[0.2],原电气通道保留；少数可行自由转角处理，见UUID差异。,net_review/power/M5_BOOT.svg,PASS,NOT_TESTED
power,/M5_EN,12310ac29f20f4dbef1052a8f9412dd45e623a25e36e2a43953dcf4929926166,18,40.5476,36.9983,[0.2],为降压重排重新组织；R60旁两处严格0.5mm倒角例外。,net_review/power/M5_EN.svg,PASS,NOT_TESTED
power,/M5_FB,12310ac29f20f4dbef1052a8f9412dd45e623a25e36e2a43953dcf4929926166,5,15.0465,6.2786,[0.2],反馈电阻/电容靠近U60，节点无过孔。,net_review/power/M5_FB.svg,PASS,NOT_TESTED
power,/M5_SW,12310ac29f20f4dbef1052a8f9412dd45e623a25e36e2a43953dcf4929926166,8,7.9036,16.6571,"[0.5, 0.6, 0.8]",芯片外侧F→B→F到电感；bootstrap也走外侧。,net_review/power/M5_SW.svg,PASS,NOT_TESTED
power,/M5_VIN,12310ac29f20f4dbef1052a8f9412dd45e623a25e36e2a43953dcf4929926166,13,18.3968,19.8083,"[0.6, 0.8]",F60至U60，0.6mm最小显式通道；顶层输入电容连接。,net_review/power/M5_VIN.svg,PASS,NOT_TESTED
power,/MASTER_GATE,12310ac29f20f4dbef1052a8f9412dd45e623a25e36e2a43953dcf4929926166,8,12.8419,12.8419,[0.2],原电气通道保留；少数可行自由转角处理，见UUID差异。,net_review/power/MASTER_GATE.svg,PASS,NOT_TESTED
power,/MASTER_RETURN,12310ac29f20f4dbef1052a8f9412dd45e623a25e36e2a43953dcf4929926166,4,6.5138,6.5138,[0.2],原电气通道保留；少数可行自由转角处理，见UUID差异。,net_review/power/MASTER_RETURN.svg,PASS,NOT_TESTED
power,/PACK_FUSED,12310ac29f20f4dbef1052a8f9412dd45e623a25e36e2a43953dcf4929926166,16,31.0306,31.0306,"[0.2, 2.0]",原电气通道保留；少数可行自由转角处理，见UUID差异。,net_review/power/PACK_FUSED.svg,PASS,NOT_TESTED
power,/REV_GATE,12310ac29f20f4dbef1052a8f9412dd45e623a25e36e2a43953dcf4929926166,6,11.81,11.81,[0.2],原电气通道保留；少数可行自由转角处理，见UUID差异。,net_review/power/REV_GATE.svg,PASS,NOT_TESTED
power,/VBUS_CHARGE,12310ac29f20f4dbef1052a8f9412dd45e623a25e36e2a43953dcf4929926166,7,8.5132,8.5132,[0.2],原电气通道保留；少数可行自由转角处理，见UUID差异。,net_review/power/VBUS_CHARGE.svg,PASS,NOT_TESTED
power,/W9_IN,12310ac29f20f4dbef1052a8f9412dd45e623a25e36e2a43953dcf4929926166,7,11.3881,11.3881,[1.5],原电气通道保留；少数可行自由转角处理，见UUID差异。,net_review/power/W9_IN.svg,PASS,NOT_TESTED
power,/WHEEL_ADC,12310ac29f20f4dbef1052a8f9412dd45e623a25e36e2a43953dcf4929926166,49,99.6511,128.6825,[0.2],重排跨区域采样路径，不走被移动元件本体下；纹波耦合需实测。,net_review/power/WHEEL_ADC.svg,PASS,NOT_TESTED
power,/W_BRAKE_GATE,12310ac29f20f4dbef1052a8f9412dd45e623a25e36e2a43953dcf4929926166,12,21.3738,21.3738,[0.2],原电气通道保留；少数可行自由转角处理，见UUID差异。,net_review/power/W_BRAKE_GATE.svg,PASS,NOT_TESTED
power,/W_BUS,12310ac29f20f4dbef1052a8f9412dd45e623a25e36e2a43953dcf4929926166,16,46.548,46.548,[0.2],原电气通道保留；少数可行自由转角处理，见UUID差异。,net_review/power/W_BUS.svg,PASS,NOT_TESTED
power,/W_DUMP_D,12310ac29f20f4dbef1052a8f9412dd45e623a25e36e2a43953dcf4929926166,7,20.2864,20.2864,[1.0],原电气通道保留；少数可行自由转角处理，见UUID差异。,net_review/power/W_DUMP_D.svg,PASS,NOT_TESTED
power,/W_GATE,12310ac29f20f4dbef1052a8f9412dd45e623a25e36e2a43953dcf4929926166,7,8.0769,8.0769,[0.2],原电气通道保留；少数可行自由转角处理，见UUID差异。,net_review/power/W_GATE.svg,PASS,NOT_TESTED
power,/W_GATE_LOW,12310ac29f20f4dbef1052a8f9412dd45e623a25e36e2a43953dcf4929926166,2,3.2163,3.2163,[0.2],原电气通道保留；少数可行自由转角处理，见UUID差异。,net_review/power/W_GATE_LOW.svg,PASS,NOT_TESTED
power,/W_OVSENSE,12310ac29f20f4dbef1052a8f9412dd45e623a25e36e2a43953dcf4929926166,7,14.1946,14.1946,[0.2],原电气通道保留；少数可行自由转角处理，见UUID差异。,net_review/power/W_OVSENSE.svg,PASS,NOT_TESTED
power,/W_PRE,12310ac29f20f4dbef1052a8f9412dd45e623a25e36e2a43953dcf4929926166,6,13.2989,13.2989,"[0.2, 1.2, 1.5]",原电气通道保留；少数可行自由转角处理，见UUID差异。,net_review/power/W_PRE.svg,PASS,NOT_TESTED
power,/W_REF,12310ac29f20f4dbef1052a8f9412dd45e623a25e36e2a43953dcf4929926166,15,20.0483,20.0483,[0.2],原电气通道保留；少数可行自由转角处理，见UUID差异。,net_review/power/W_REF.svg,PASS,NOT_TESTED
power,/W_SENSE,12310ac29f20f4dbef1052a8f9412dd45e623a25e36e2a43953dcf4929926166,19,54.0414,54.0414,[0.2],原电气通道保留；少数可行自由转角处理，见UUID差异。,net_review/power/W_SENSE.svg,PASS,NOT_TESTED
power,/W_VM,12310ac29f20f4dbef1052a8f9412dd45e623a25e36e2a43953dcf4929926166,43,95.9973,95.9973,"[0.2, 0.8, 1.2, 1.5]",原电气通道保留；少数可行自由转角处理，见UUID差异。,net_review/power/W_VM.svg,PASS,NOT_TESTED
