board,reference,xy_mm,rotation_deg,side,footprint,fab_projection_mm,native_body_and_pad_bounds_mm,vendor_full_height_mm,physical_tests
MORI_motion_P5R5,C1,"[32.0, 11.75]",90.0,B,Capacitor_SMD:C_0603_1608Metric,"[31.6, 10.950000000000001, 32.400000000000006, 12.549999999999999]","[31.525, 10.525, 32.475, 12.975]",,NOT_TESTED
MORI_motion_P5R5,C10,"[15.0, 28.0]",0.0,B,MORI_Custom:C_0603_1608Metric__P5_C10,"[14.200000000000001, 27.6, 15.799999999999999, 28.4]","[13.775, 27.525, 16.225, 28.475]",,NOT_TESTED
MORI_motion_P5R5,C11,"[18.4, 28.0]",0.0,B,MORI_Custom:C_0603_1608Metric__P5_C11,"[17.6, 27.6, 19.2, 28.4]","[17.175, 27.525, 19.625, 28.475]",,NOT_TESTED
MORI_motion_P5R5,C12,"[8.0, 21.0]",180.0,B,Capacitor_SMD:C_0603_1608Metric,"[7.2, 20.6, 8.799999999999999, 21.4]","[6.775, 20.525, 9.225, 21.475]",,NOT_TESTED
MORI_motion_P5R5,C2,"[24.25, 22.75]",0.0,B,Capacitor_SMD:C_0603_1608Metric,"[23.45, 22.35, 25.05, 23.15]","[23.025, 22.275, 25.475, 23.225]",,NOT_TESTED
MORI_motion_P5R5,C3,"[22.5, 12.25]",0.0,B,MORI_Custom:C_0603_1608Metric__P5_C3,"[21.7, 11.850000000000001, 23.3, 12.649999999999999]","[21.275, 11.775, 23.725, 12.725]",,NOT_TESTED
MORI_motion_P5R5,C4,"[42.5, 9.25]",90.0,B,Capacitor_SMD:C_0603_1608Metric,"[42.099999999999994, 8.450000000000001, 42.900000000000006, 10.049999999999999]","[42.025, 8.025, 42.975, 10.475]",,NOT_TESTED
MORI_motion_P5R5,C5,"[14.5, 10.25]",0.0,B,Capacitor_SMD:C_0603_1608Metric,"[13.700000000000001, 9.850000000000001, 15.299999999999999, 10.649999999999999]","[13.275, 9.775, 15.725, 10.725]",,NOT_TESTED
MORI_motion_P5R5,C6,"[8.0, 15.0]",0.0,B,Capacitor_SMD:C_0603_1608Metric,"[7.2, 14.600000000000001, 8.799999999999999, 15.399999999999999]","[6.775, 14.525, 9.225, 15.475]",,NOT_TESTED
MORI_motion_P5R5,C7,"[42.5, 12.0]",0.0,B,Capacitor_SMD:C_0603_1608Metric,"[41.699999999999996, 11.600000000000001, 43.300000000000004, 12.399999999999999]","[41.275, 11.525, 43.725, 12.475]",,NOT_TESTED
MORI_motion_P5R5,C8,"[45.5, 7.6]",-90.0,B,Capacitor_SMD:C_0603_1608Metric,"[45.099999999999994, 6.8, 45.900000000000006, 8.399999999999999]","[45.025, 6.375, 45.975, 8.825]",,NOT_TESTED
MORI_motion_P5R5,C9,"[11.9, 28.0]",0.0,B,Capacitor_SMD:C_0603_1608Metric,"[11.100000000000001, 27.6, 12.7, 28.4]","[10.675, 27.525, 13.125, 28.475]",,NOT_TESTED
MORI_motion_P5R5,D1,"[30.0, 21.0]",90.0,B,Diode_SMD:D_SOD-123,"[29.1, 19.6, 30.9, 22.4]","[29.05, 18.9, 30.95, 23.1]",,NOT_TESTED
MORI_motion_P5R5,D2,"[13.0, 15.5]",90.0,B,Diode_SMD:D_SOD-123,"[12.100000000000001, 14.100000000000001, 13.899999999999999, 16.9]","[12.05, 13.4, 13.95, 17.6]",,NOT_TESTED
MORI_motion_P5R5,D3,"[27.0, 17.5]",90.0,B,MORI_Custom:D_SOD-123__P5_D3,"[26.1, 16.1, 27.9, 18.9]","[26.05, 15.4, 27.95, 19.6]",,NOT_TESTED
MORI_motion_P5R5,H1,"[2.5, 2.5]",0.0,F,MountingHole:MountingHole_2.2mm_M2,,"[1.4, 1.4, 3.6, 3.6]",,NOT_TESTED
MORI_motion_P5R5,H2,"[2.5, 32.5]",0.0,F,MountingHole:MountingHole_2.2mm_M2,,"[1.4, 31.4, 3.6, 33.6]",,NOT_TESTED
MORI_motion_P5R5,H3,"[67.5, 2.5]",0.0,F,MountingHole:MountingHole_2.2mm_M2,,"[66.4, 1.4, 68.6, 3.6]",,NOT_TESTED
MORI_motion_P5R5,H4,"[67.5, 32.5]",0.0,F,MountingHole:MountingHole_2.2mm_M2,,"[66.4, 31.4, 68.6, 33.6]",,NOT_TESTED
MORI_motion_P5R5,J1,"[58.5, 3.0]",0.0,F,MORI_Custom:JST_PH_B2B-PH-K_1x02_P2.00mm_Vertical__P4_PH_ANNULUS__P5_J1,"[56.14, 0.89, 62.45, 5.8]","[56.09, 0.84, 62.5, 5.85]",,NOT_TESTED
MORI_motion_P5R5,J2,"[51.0, 3.0]",0.0,F,MORI_Custom:JST_PH_B2B-PH-K_1x02_P2.00mm_Vertical__P4_PH_ANNULUS,"[48.64, 0.89, 54.95, 5.8]","[48.59, 0.84, 55.0, 5.85]",,NOT_TESTED
MORI_motion_P5R5,J3,"[62.0, 18.0]",0.0,F,MORI_Custom:JST_PH_B3B-PH-K_1x03_P2.00mm_Vertical__P4_PH_ANNULUS,"[59.64, 15.89, 67.95, 20.8]","[59.59, 15.84, 68.0, 20.85]",,NOT_TESTED
MORI_motion_P5R5,J4,"[50.5, 25.0]",0.0,F,MORI_Custom:JST_PH_B8B-PH-K_1x08_P2.00mm_Vertical__P4_PH_ANNULUS__P5_J4,"[48.14, 22.89, 66.45, 27.8]","[48.09, 22.84, 66.5, 27.85]",,NOT_TESTED
MORI_motion_P5R5,J5,"[50.5, 18.0]",0.0,F,MORI_Custom:JST_PH_B4B-PH-K_1x04_P2.00mm_Vertical__P4_PH_ANNULUS,"[48.14, 15.89, 58.45, 20.8]","[48.09, 15.84, 58.5, 20.85]",,NOT_TESTED
MORI_motion_P5R5,J6,"[51.0, 31.3]",0.0,F,MORI_Custom:JST_PH_B2B-PH-K_1x02_P2.00mm_Vertical__P4_PH_ANNULUS,"[48.64, 29.19, 54.95, 34.1]","[48.59, 29.14, 55.0, 34.15]",,NOT_TESTED
MORI_motion_P5R5,J7,"[50.5, 10.0]",0.0,F,MORI_Custom:JST_PH_B8B-PH-K_1x08_P2.00mm_Vertical__P4_PH_ANNULUS__P3R1_J7,"[48.14, 7.89, 66.45, 12.799999999999999]","[48.09, 7.84, 66.5, 12.85]",,NOT_TESTED
MORI_motion_P5R5,J8,"[58.5, 31.3]",0.0,F,MORI_Custom:JST_PH_B2B-PH-K_1x02_P2.00mm_Vertical__P4_PH_ANNULUS,"[56.14, 29.19, 62.45, 34.1]","[56.09, 29.14, 62.5, 34.15]",,NOT_TESTED
MORI_motion_P5R5,R1,"[32.299999, 8.75]",0.0,B,Resistor_SMD:R_0603_1608Metric,"[31.499999, 8.3375, 33.099999000000004, 9.1625]","[31.074999, 8.275, 33.524999, 9.225]",,NOT_TESTED
MORI_motion_P5R5,R10,"[26.5, 27.0]",0.0,B,Resistor_SMD:R_0603_1608Metric,"[25.7, 26.587500000000002, 27.3, 27.412499999999998]","[25.275, 26.525, 27.725, 27.475]",,NOT_TESTED
MORI_motion_P5R5,R11,"[29.5, 27.0]",90.0,B,MORI_Custom:R_0603_1608Metric__P5_R11,"[29.087500000000002, 26.2, 29.912499999999998, 27.8]","[29.025, 25.775, 29.975, 28.225]",,NOT_TESTED
MORI_motion_P5R5,R12,"[23.5, 27.0]",90.0,B,Resistor_SMD:R_0603_1608Metric,"[23.087500000000002, 26.2, 23.912499999999998, 27.8]","[23.025, 25.775, 23.975, 28.225]",,NOT_TESTED
MORI_motion_P5R5,R13,"[45.5, 19.5]",90.0,B,Resistor_SMD:R_0603_1608Metric,"[45.0875, 18.7, 45.9125, 20.3]","[45.025, 18.275, 45.975, 20.725]",,NOT_TESTED
MORI_motion_P5R5,R14,"[11.125, 25.0]",-90.0,B,Resistor_SMD:R_0603_1608Metric,"[10.7125, 24.2, 11.5375, 25.8]","[10.65, 23.775, 11.6, 26.225]",,NOT_TESTED
MORI_motion_P5R5,R15,"[14.225, 25.0]",-90.0,B,Resistor_SMD:R_0603_1608Metric,"[13.8125, 24.2, 14.6375, 25.8]","[13.75, 23.775, 14.7, 26.225]",,NOT_TESTED
MORI_motion_P5R5,R16,"[17.625, 25.0]",-90.0,B,Resistor_SMD:R_0603_1608Metric,"[17.212500000000002, 24.2, 18.037499999999998, 25.8]","[17.15, 23.775, 18.1, 26.225]",,NOT_TESTED
MORI_motion_P5R5,R17,"[16.0, 17.0]",0.0,B,Resistor_SMD:R_0603_1608Metric,"[15.200000000000001, 16.587500000000002, 16.8, 17.412499999999998]","[14.775, 16.525, 17.225, 17.475]",,NOT_TESTED
MORI_motion_P5R5,R18,"[28.0, 21.5]",-90.0,B,Resistor_SMD:R_0603_1608Metric,"[27.587500000000002, 20.7, 28.412499999999998, 22.3]","[27.525, 20.275, 28.475, 22.725]",,NOT_TESTED
MORI_motion_P5R5,R19,"[33.0, 16.0]",-90.0,B,Resistor_SMD:R_0603_1608Metric,"[32.5875, 15.200000000000001, 33.4125, 16.8]","[32.525, 14.775, 33.475, 17.225]",,NOT_TESTED
MORI_motion_P5R5,R2,"[24.5, 19.0]",90.0,B,Resistor_SMD:R_0603_1608Metric,"[24.087500000000002, 18.2, 24.912499999999998, 19.8]","[24.025, 17.775, 24.975, 20.225]",,NOT_TESTED
MORI_motion_P5R5,R3,"[15.0, 7.5]",-90.0,B,Resistor_SMD:R_0603_1608Metric,"[14.5875, 6.7, 15.4125, 8.299999999999999]","[14.525, 6.275, 15.475, 8.725]",,NOT_TESTED
MORI_motion_P5R5,R4,"[17.5, 7.5]",0.0,B,Resistor_SMD:R_0603_1608Metric,"[16.7, 7.0874999999999995, 18.3, 7.9125000000000005]","[16.275, 7.025, 18.725, 7.975]",,NOT_TESTED
MORI_motion_P5R5,R5,"[7.0, 10.25]",180.0,B,Resistor_SMD:R_0603_1608Metric,"[6.2, 9.8375, 7.8, 10.6625]","[5.775, 9.775, 8.225, 10.725]",,NOT_TESTED
MORI_motion_P5R5,R6,"[42.0, 26.0]",0.0,B,Resistor_SMD:R_0603_1608Metric,"[41.199999999999996, 25.587500000000002, 42.800000000000004, 26.412499999999998]","[40.775, 25.525, 43.225, 26.475]",,NOT_TESTED
MORI_motion_P5R5,R7,"[11.5, 21.0]",0.0,B,Resistor_SMD:R_0603_1608Metric,"[10.700000000000001, 20.587500000000002, 12.299999999999999, 21.412499999999998]","[10.275, 20.525, 12.725, 21.475]",,NOT_TESTED
MORI_motion_P5R5,R8,"[47.0, 29.0]",90.0,B,Resistor_SMD:R_0603_1608Metric,"[46.5875, 28.2, 47.4125, 29.8]","[46.525, 27.775, 47.475, 30.225]",,NOT_TESTED
MORI_motion_P5R5,R9,"[45.0, 13.75]",0.0,B,Resistor_SMD:R_0603_1608Metric,"[44.199999999999996, 13.3375, 45.800000000000004, 14.1625]","[43.775, 13.275, 46.225, 14.225]",,NOT_TESTED
MORI_motion_P5R5,U1,"[28.0, 9.0]",0.0,B,MORI_Custom:TI_DCU0008A_0p85x0p30,"[26.85, 8.0, 29.15, 10.0]","[26.025, 7.95, 29.975, 10.05]",,NOT_TESTED
MORI_motion_P5R5,U100,"[6.0, 0.89]",0.0,F,MORI_Custom:WeAct_F4_64Pin_V11,"[6.0, 0.89, 47.6, 34.11]","[5.95, 0.84, 47.65, 34.16]",,NOT_TESTED
MORI_motion_P5R5,U2,"[21.0, 23.5]",90.0,B,MORI_Custom:TI_DCU0008A_0p85x0p30__P5_U2,"[20.0, 22.35, 22.0, 24.65]","[19.95, 21.525, 22.05, 25.475]",,NOT_TESTED
MORI_motion_P5R5,U3,"[19.0, 11.5]",90.0,B,MORI_Custom:TI_DCU0008A_0p85x0p30__P5_U3,"[18.0, 10.350000000000001, 20.0, 12.649999999999999]","[17.95, 9.525, 20.05, 13.475]",,NOT_TESTED
MORI_motion_P5R5,U4,"[39.0, 10.0]",0.0,B,MORI_Custom:TI_DCU0008A_0p85x0p30,"[37.849999999999994, 9.0, 40.150000000000006, 11.0]","[37.025, 8.95, 40.975, 11.05]",,NOT_TESTED
MORI_motion_P5R5,U5,"[11.0, 9.5]",-90.0,B,MORI_Custom:TI_DCU0008A_0p85x0p30__P5_U5,"[10.0, 8.350000000000001, 12.0, 10.649999999999999]","[9.95, 7.525, 12.05, 11.475]",,NOT_TESTED
MORI_motion_P5R5,U6,"[8.0, 18.0]",180.0,B,Package_TO_SOT_SMD:SOT-23,"[7.35, 16.55, 8.649999999999999, 19.45]","[6.325, 16.5, 9.675, 19.5]",,NOT_TESTED
MORI_imu_P5R4,C1,"[12.5, 11.7]",-90.0,F,Capacitor_SMD:C_0603_1608Metric,"[12.100000000000001, 10.9, 12.899999999999999, 12.5]","[12.025, 10.475, 12.975, 12.925]",,NOT_TESTED
MORI_imu_P5R4,C2,"[12.5, 14.25]",180.0,F,Capacitor_SMD:C_0603_1608Metric,"[11.700000000000001, 13.850000000000001, 13.299999999999999, 14.649999999999999]","[11.275, 13.775, 13.725, 14.725]",,NOT_TESTED
MORI_imu_P5R4,C3,"[9.0, 12.5]",0.0,F,Capacitor_SMD:C_0603_1608Metric,"[8.200000000000001, 12.100000000000001, 9.799999999999999, 12.899999999999999]","[7.775, 12.025, 10.225, 12.975]",,NOT_TESTED
MORI_imu_P5R4,H1,"[2.5, 12.5]",0.0,F,MountingHole:MountingHole_2.2mm_M2,,"[1.4, 11.4, 3.6, 13.6]",,NOT_TESTED
MORI_imu_P5R4,H2,"[17.5, 12.5]",0.0,F,MountingHole:MountingHole_2.2mm_M2,,"[16.4, 11.4, 18.6, 13.6]",,NOT_TESTED
MORI_imu_P5R4,J1,"[3.0, 3.5]",0.0,F,MORI_Custom:JST_PH_B8B-PH-K_1x08_P2.00mm_Vertical__P4_PH_ANNULUS__P5_J1,"[0.64, 1.3900000000000001, 18.95, 6.3]","[0.59, 1.34, 19.0, 6.35]",,NOT_TESTED
MORI_imu_P5R4,R1,"[5.9, 8.65]",180.0,F,Resistor_SMD:R_0603_1608Metric,"[5.1, 8.2375, 6.7, 9.0625]","[4.675, 8.175, 7.125, 9.125]",,NOT_TESTED
MORI_imu_P5R4,R2,"[15.9, 8.4]",-90.0,F,Resistor_SMD:R_0603_1608Metric,"[15.4875, 7.6, 16.3125, 9.2]","[15.425, 7.175, 16.375, 9.625]",,NOT_TESTED
MORI_imu_P5R4,U1,"[10.0, 9.6]",0.0,F,MORI_Custom:TDK_ICM42688P_LGA14_3x2p5__P2_U1__P3R1_U1,"[8.5, 8.350000000000001, 11.5, 10.85]","[8.45, 8.3, 11.55, 10.9]",,NOT_TESTED
MORI_power_P5R5,C1,"[38.5, 21.5]",90.0,F,Capacitor_SMD:C_0603_1608Metric,"[38.099999999999994, 20.7, 38.900000000000006, 22.3]","[38.025, 20.275, 38.975, 22.725]",,NOT_TESTED
MORI_power_P5R5,C10,"[52.0, 22.0]",0.0,F,MORI_Custom:CP_Radial_D10.0mm_P5.00mm__P2_C10__P3_C10__P5_C10,"[49.5, 17.0, 59.5, 27.0]","[49.45, 16.95, 59.55, 27.05]",,NOT_TESTED
MORI_power_P5R5,C2,"[38.0, 11.0]",90.0,F,MORI_Custom:C_0603_1608Metric__P3_C2,"[37.599999999999994, 10.200000000000001, 38.400000000000006, 11.799999999999999]","[37.525, 9.775, 38.475, 12.225]",,NOT_TESTED
MORI_power_P5R5,C20,"[71.0, 14.0]",90.0,F,Capacitor_SMD:C_0603_1608Metric,"[70.6, 13.200000000000001, 71.4, 14.799999999999999]","[70.525, 12.775, 71.475, 15.225]",,NOT_TESTED
MORI_power_P5R5,C21,"[70.5, 22.0]",0.0,F,Capacitor_SMD:C_0603_1608Metric,"[69.7, 21.6, 71.3, 22.4]","[69.275, 21.525, 71.725, 22.475]",,NOT_TESTED
MORI_power_P5R5,C30,"[53.0, 44.0]",0.0,F,MORI_Custom:CP_Radial_D10.0mm_P5.00mm__P3_C30__P5_C30,"[50.5, 39.0, 60.5, 49.0]","[50.45, 38.95, 60.55, 49.05]",,NOT_TESTED
MORI_power_P5R5,C40,"[70.5, 32.595]",0.0,F,MORI_Custom:C_0603_1608Metric__P5_C40,"[69.7, 32.195, 71.3, 32.995000000000005]","[69.275, 32.12, 71.725, 33.07]",,NOT_TESTED
MORI_power_P5R5,C41,"[71.0, 38.5]",0.0,F,Capacitor_SMD:C_0603_1608Metric,"[70.2, 38.099999999999994, 71.8, 38.900000000000006]","[69.775, 38.025, 72.225, 38.975]",,NOT_TESTED
MORI_power_P5R5,C60,"[22.5, 30.6]",-90.0,F,MORI_Custom:C_1210_3225Metric__P3_C60__P3R1_C60,"[21.25, 29.0, 23.75, 32.2]","[21.15, 28.55, 23.85, 32.65]",,NOT_TESTED
MORI_power_P5R5,C61,"[23.2, 26.0]",90.0,F,MORI_Custom:C_0603_1608Metric__P5_C61,"[22.8, 25.2, 23.599999999999998, 26.8]","[22.725, 24.775, 23.675, 27.225]",,NOT_TESTED
MORI_power_P5R5,C62,"[28.35, 22.6]",90.0,F,Capacitor_SMD:C_0603_1608Metric,"[27.95, 21.8, 28.75, 23.4]","[27.875, 21.375, 28.825, 23.825]",,NOT_TESTED
MORI_power_P5R5,C63,"[10.0, 23.0]",90.0,F,MORI_Custom:C_1210_3225Metric__P5_C63,"[8.75, 21.400000000000002, 11.25, 24.599999999999998]","[8.65, 20.95, 11.35, 25.05]",,NOT_TESTED
MORI_power_P5R5,C64,"[10.0, 28.0]",-90.0,F,Capacitor_SMD:C_1210_3225Metric,"[8.75, 26.400000000000002, 11.25, 29.599999999999998]","[8.65, 25.95, 11.35, 30.05]",,NOT_TESTED
MORI_power_P5R5,C65,"[29.7, 31.65]",180.0,F,MORI_Custom:C_0603_1608Metric__P5_C65,"[28.900000000000002, 31.25, 30.5, 32.050000000000004]","[28.475, 31.175, 30.925, 32.125]",,NOT_TESTED
MORI_power_P5R5,C66,"[26.5, 30.6]",-90.0,F,Capacitor_SMD:C_1210_3225Metric,"[25.25, 29.0, 27.75, 32.2]","[25.15, 28.55, 27.85, 32.65]",,NOT_TESTED
MORI_power_P5R5,C70,"[22.5, 44.4]",-90.0,F,MORI_Custom:C_1210_3225Metric__P3_C70,"[21.25, 42.8, 23.75, 46.0]","[21.15, 42.35, 23.85, 46.45]",,NOT_TESTED
MORI_power_P5R5,C71,"[22.45, 40.0]",90.0,F,MORI_Custom:C_0603_1608Metric__P5_C71,"[22.05, 39.199999999999996, 22.849999999999998, 40.800000000000004]","[21.975, 38.775, 22.925, 41.225]",,NOT_TESTED
MORI_power_P5R5,C72,"[27.6, 36.1]",90.0,F,Capacitor_SMD:C_0603_1608Metric,"[27.2, 35.3, 28.0, 36.900000000000006]","[27.125, 34.875, 28.075, 37.325]",,NOT_TESTED
MORI_power_P5R5,C73,"[10.0, 37.0]",90.0,F,Capacitor_SMD:C_1210_3225Metric,"[8.75, 35.4, 11.25, 38.6]","[8.65, 34.95, 11.35, 39.05]",,NOT_TESTED
MORI_power_P5R5,C74,"[10.0, 42.0]",-90.0,F,MORI_Custom:C_1210_3225Metric__P3_C74,"[8.75, 40.4, 11.25, 43.6]","[8.65, 39.95, 11.35, 44.05]",,NOT_TESTED
MORI_power_P5R5,C75,"[29.7, 45.9232]",180.0,F,MORI_Custom:C_0603_1608Metric__P3R1_C75,"[28.900000000000002, 45.523199999999996, 30.5, 46.3232]","[28.475, 45.4482, 30.925, 46.3982]",,NOT_TESTED
MORI_power_P5R5,C76,"[26.5, 44.4]",-90.0,F,Capacitor_SMD:C_1210_3225Metric,"[25.25, 42.8, 27.75, 46.0]","[25.15, 42.35, 27.85, 46.45]",,NOT_TESTED
MORI_power_P5R5,D1,"[26.0, 17.5]",180.0,F,Diode_SMD:D_SOD-123F,"[24.6, 16.6, 27.4, 18.4]","[24.05, 16.55, 27.95, 18.45]",,NOT_TESTED
MORI_power_P5R5,D10,"[44.0, 13.5]",180.0,F,MORI_Custom:D_SMC__P3_D10__P5_D10,"[40.449999999999996, 10.4, 47.550000000000004, 16.599999999999998]","[39.35, 10.35, 48.65, 16.65]",,NOT_TESTED
MORI_power_P5R5,D20,"[73.0, 9.5]",0.0,F,Diode_SMD:D_SOD-123F,"[71.6, 8.600000000000001, 74.4, 10.399999999999999]","[71.05, 8.55, 74.95, 10.45]",,NOT_TESTED
MORI_power_P5R5,D30,"[36.0, 35.0]",-90.0,F,MORI_Custom:D_SMC__P5_D30,"[32.9, 31.45, 39.1, 38.550000000000004]","[32.85, 30.35, 39.15, 39.65]",,NOT_TESTED
MORI_power_P5R5,D40,"[59.5, 51.0]",0.0,F,MORI_Custom:D_SOD-123F__P5_D40,"[57.279999999999994, 49.989999999999995, 61.160000000000004, 51.900000000000006]","[57.23, 49.94, 61.45, 51.95]",,NOT_TESTED
MORI_power_P5R5,D90,"[8.5, 10.5]",180.0,F,Diode_SMD:D_SOD-123F,"[7.1, 9.600000000000001, 9.899999999999999, 11.399999999999999]","[6.55, 9.55, 10.45, 11.45]",,NOT_TESTED
MORI_power_P5R5,F60,"[34.0, 23.0]",180.0,F,Fuse:Fuse_Littelfuse-NANO2-451_453,"[30.95, 21.655, 37.050000000000004, 24.345]","[30.565, 21.425, 37.435, 24.575]",,NOT_TESTED
MORI_power_P5R5,F70,"[30.5, 37.0]",-90.0,F,MORI_Custom:Fuse_Littelfuse-NANO2-451_453__P5_F70,"[29.155, 33.949999999999996, 31.845, 40.050000000000004]","[28.925, 33.565, 32.075, 40.435]",,NOT_TESTED
MORI_power_P5R5,H1,"[3.0, 3.0]",0.0,F,MountingHole:MountingHole_2.2mm_M2,,"[1.9, 1.9, 4.1, 4.1]",,NOT_TESTED
MORI_power_P5R5,H2,"[3.0, 52.0]",0.0,F,MountingHole:MountingHole_2.2mm_M2,,"[1.9, 50.9, 4.1, 53.1]",,NOT_TESTED
MORI_power_P5R5,H3,"[77.0, 3.0]",0.0,F,MountingHole:MountingHole_2.2mm_M2,,"[75.9, 1.9, 78.1, 4.1]",,NOT_TESTED
MORI_power_P5R5,H4,"[77.0, 52.0]",0.0,F,MountingHole:MountingHole_2.2mm_M2,,"[75.9, 50.9, 78.1, 53.1]",,NOT_TESTED
MORI_power_P5R5,J1,"[9.0, 6.0]",0.0,F,MORI_Custom:AMASS_XT30UPB-M_1x02_P5.0mm_Vertical__P3_J1,"[6.3999999999999995, 3.4, 16.599999999999998, 8.6]","[6.35, 3.35, 16.65, 8.65]",,NOT_TESTED
MORI_power_P5R5,J10,"[44.5, 27.0]",-90.0,F,MORI_Custom:JST_PH_B8B-PH-K_1x08_P2.00mm_Vertical__P4_PH_ANNULUS__P5_J10,"[41.699999999999996, 24.64, 46.61, 42.95]","[41.65, 24.59, 46.66, 43.0]",,NOT_TESTED
MORI_power_P5R5,J11,"[61.0, 6.0]",0.0,F,MORI_Custom:AMASS_XT30UPB-M_1x02_P5.0mm_Vertical__P5R5_DUMP,"[58.4, 3.4, 68.60000000000001, 8.6]","[58.35, 3.35, 68.65, 8.65]",,NOT_TESTED
MORI_power_P5R5,J12,"[65.0, 50.0]",0.0,F,MORI_Custom:AMASS_XT30UPB-M_1x02_P5.0mm_Vertical__P2_J12__P5_J12__P5R5_DUMP,"[62.4, 47.4, 72.60000000000001, 52.6]","[62.35, 47.35, 72.65, 52.65]",,NOT_TESTED
MORI_power_P5R5,J13,"[75.0, 34.0]",90.0,F,MORI_Custom:JST_PH_B2B-PH-K_1x02_P2.00mm_Vertical__P4_PH_ANNULUS,"[72.89, 30.05, 77.8, 36.36]","[72.84, 30.0, 77.85, 36.41]",,NOT_TESTED
MORI_power_P5R5,J14,"[75.0, 43.0]",90.0,F,MORI_Custom:JST_PH_B3B-PH-K_1x03_P2.00mm_Vertical__P4_PH_ANNULUS,"[72.89, 37.05, 77.8, 45.36]","[72.84, 37.0, 77.85, 45.41]",,NOT_TESTED
MORI_power_P5R5,J15,"[4.5, 31.0]",90.0,F,MORI_Custom:JST_PH_B2B-PH-K_1x02_P2.00mm_Vertical__P4_PH_ANNULUS__P3R1_J15,"[2.3899999999999997, 27.05, 7.3, 33.36]","[2.34, 27.0, 7.35, 33.41]",,NOT_TESTED
MORI_power_P5R5,J16,"[4.5, 46.0]",90.0,F,MORI_Custom:JST_PH_B2B-PH-K_1x02_P2.00mm_Vertical__P4_PH_ANNULUS__P3R1_J16,"[2.3899999999999997, 42.05, 7.3, 48.36]","[2.34, 42.0, 7.35, 48.41]",,NOT_TESTED
MORI_power_P5R5,J17,"[4.5, 24.0]",90.0,F,MORI_Custom:JST_PH_B2B-PH-K_1x02_P2.00mm_Vertical__P4_PH_ANNULUS,"[2.3899999999999997, 20.05, 7.3, 26.36]","[2.34, 20.0, 7.35, 26.41]",,NOT_TESTED
MORI_power_P5R5,J18,"[13.0, 50.0]",0.0,F,Connector_JST:JST_XH_B2B-XH-A_1x02_P2.50mm_Vertical,"[10.55, 47.65, 17.95, 53.400000000000006]","[10.5, 47.6, 18.0, 53.45]",,NOT_TESTED
MORI_power_P5R5,J19,"[4.5, 17.0]",90.0,F,MORI_Custom:JST_PH_B2B-PH-K_1x02_P2.00mm_Vertical__P4_PH_ANNULUS__P5_J19,"[2.3899999999999997, 13.05, 7.3, 19.36]","[2.34, 13.0, 7.35, 19.41]",,NOT_TESTED
MORI_power_P5R5,J2,"[22.0, 6.0]",0.0,F,MORI_Custom:AMASS_XT30UPB-M_1x02_P5.0mm_Vertical__P3_J2__P5_J2,"[19.400000000000002, 3.4, 29.599999999999998, 8.6]","[19.35, 3.35, 29.65, 8.65]",,NOT_TESTED
MORI_power_P5R5,J3,"[35.0, 6.0]",0.0,F,MORI_Custom:AMASS_XT30UPB-M_1x02_P5.0mm_Vertical__P3R1_J3,"[32.4, 3.4, 42.6, 8.6]","[32.35, 3.35, 42.65, 8.65]",,NOT_TESTED
MORI_power_P5R5,J4,"[25.0, 50.0]",0.0,F,MORI_Custom:AMASS_XT30UPB-M_1x02_P5.0mm_Vertical__P2_J4__P3_J4__P3R1_J4,"[22.400000000000002, 47.4, 32.6, 52.6]","[22.35, 47.35, 32.65, 52.65]",,NOT_TESTED
MORI_power_P5R5,J5,"[40.0, 50.0]",0.0,F,MORI_Custom:AMASS_XT30UPB-M_1x02_P5.0mm_Vertical__P2_J5__P3_J5__P5_J5,"[37.4, 47.4, 47.6, 52.6]","[37.35, 47.35, 47.65, 52.65]",,NOT_TESTED
MORI_power_P5R5,J6,"[48.0, 6.0]",0.0,F,MORI_Custom:AMASS_XT30UPB-M_1x02_P5.0mm_Vertical__P3_J6__P3R1_J6,"[45.4, 3.4, 55.6, 8.6]","[45.35, 3.35, 55.65, 8.65]",,NOT_TESTED
MORI_power_P5R5,J7,"[75.0, 19.0]",90.0,F,MORI_Custom:JST_XH_B3B-XH-A_1x03_P2.50mm_Vertical__P2_J7__P3_J7__P5_J7,"[72.64999999999999, 11.55, 78.4, 21.45]","[72.6, 11.5, 78.45, 21.5]",,NOT_TESTED
MORI_power_P5R5,J8,"[63.0, 26.0]",0.0,F,MORI_Custom:JST_XH_B3B-XH-A_1x03_P2.50mm_Vertical__P2_J8__P5_J8,"[60.55, 23.650000000000002, 70.45, 29.4]","[60.5, 23.6, 70.5, 29.45]",,NOT_TESTED
MORI_power_P5R5,J9,"[64.0, 42.5]",0.0,F,MORI_Custom:JST_XH_B3B-XH-A_1x03_P2.50mm_Vertical__P5_J9,"[61.55, 40.15, 71.45, 45.900000000000006]","[61.5, 40.1, 71.5, 45.95]",,NOT_TESTED
MORI_power_P5R5,JP60,"[5.0, 39.5]",-90.0,F,MORI_Custom:PinHeader_1x02_P2.54mm_Vertical__P3_JP60__P3R1_JP60,"[1.19, 38.23, 6.2700000000000005, 40.77]","[1.14, 38.18, 6.32, 40.82]",,NOT_TESTED
MORI_power_P5R5,JP70,"[36.5, 44.5]",90.0,F,MORI_Custom:PinHeader_1x02_P2.54mm_Vertical__P5_JP70,"[35.23, 43.23, 40.31, 45.77]","[35.18, 43.18, 40.36, 45.82]",,NOT_TESTED
MORI_power_P5R5,L60,"[16.5, 24.0]",180.0,F,MORI_Custom:Bourns_SRP7050TA_8p4_span_2p5_gap,"[13.0, 20.55, 20.0, 27.45]","[12.3, 20.5, 20.7, 27.5]",,NOT_TESTED
MORI_power_P5R5,L70,"[16.5, 38.0]",180.0,F,MORI_Custom:Bourns_SRP7050TA_8p4_span_2p5_gap,"[13.0, 34.55, 20.0, 41.45]","[12.3, 34.5, 20.7, 41.5]",,NOT_TESTED
MORI_power_P5R5,Q1,"[23.0, 12.0]",180.0,F,MORI_Custom:SOIC-8_3.9x4.9mm_P1.27mm__P5_Q1,"[21.05, 9.55, 24.95, 14.45]","[19.55, 9.5, 26.45, 14.5]",,NOT_TESTED
MORI_power_P5R5,Q10,"[53.0, 12.5]",0.0,F,Package_SO:SOIC-8_3.9x4.9mm_P1.27mm,"[51.05, 10.05, 54.95, 14.95]","[49.55, 10.0, 56.45, 15.0]",,NOT_TESTED
MORI_power_P5R5,Q11,"[42.0, 19.0]",90.0,F,MORI_Custom:SOT-23__P5_Q11,"[40.55, 18.35, 43.45, 19.65]","[40.5, 17.325, 43.5, 20.675]",,NOT_TESTED
MORI_power_P5R5,Q20,"[71.5, 6.5]",180.0,F,Package_TO_SOT_SMD:SOT-23,"[70.85, 5.05, 72.15, 7.95]","[69.825, 5.0, 73.175, 8.0]",,NOT_TESTED
MORI_power_P5R5,Q30,"[51.0, 34.0]",-90.0,F,MORI_Custom:SOIC-8_3.9x4.9mm_P1.27mm__P5_Q30,"[48.55, 32.05, 53.45, 35.95]","[48.5, 30.55, 53.5, 37.45]",,NOT_TESTED
MORI_power_P5R5,Q31,"[56.0, 36.0]",90.0,F,Package_TO_SOT_SMD:SOT-23,"[54.55, 35.349999999999994, 57.45, 36.650000000000006]","[54.5, 34.325, 57.5, 37.675]",,NOT_TESTED
MORI_power_P5R5,Q40,"[55.5, 51.5]",-90.0,F,Package_TO_SOT_SMD:SOT-23,"[54.05, 50.849999999999994, 56.95, 52.150000000000006]","[54.0, 49.825, 57.0, 53.175]",,NOT_TESTED
MORI_power_P5R5,Q50,"[13.5, 44.0]",90.0,F,MORI_Custom:SOT-23__P5_Q50,"[12.05, 43.349999999999994, 14.95, 44.650000000000006]","[12.0, 42.325, 15.0, 45.675]",,NOT_TESTED
MORI_power_P5R5,Q90,"[14.5, 12.0]",0.0,F,Package_SO:SOIC-8_3.9x4.9mm_P1.27mm,"[12.55, 9.55, 16.45, 14.45]","[11.05, 9.5, 17.95, 14.5]",,NOT_TESTED
MORI_power_P5R5,R1,"[22.0, 17.5]",180.0,F,Resistor_SMD:R_0603_1608Metric,"[21.2, 17.087500000000002, 22.8, 17.912499999999998]","[20.775, 17.025, 23.225, 17.975]",,NOT_TESTED
MORI_power_P5R5,R10,"[47.0, 18.7]",90.0,F,MORI_Custom:R_0603_1608Metric__P5_R10,"[46.5875, 17.900000000000002, 47.4125, 19.5]","[46.525, 17.475, 47.475, 19.925]",,NOT_TESTED
MORI_power_P5R5,R11,"[45.0, 18.5]",90.0,F,MORI_Custom:R_0603_1608Metric__P5_R11,"[44.5875, 17.7, 45.4125, 19.3]","[44.525, 17.275, 45.475, 19.725]",,NOT_TESTED
MORI_power_P5R5,R2,"[33.0, 12.0]",0.0,F,Resistor_SMD:R_2512_6332Metric,"[29.85, 10.4, 36.150000000000006, 13.6]","[29.425, 10.325, 36.575, 13.675]",,NOT_TESTED
MORI_power_P5R5,R20,"[60.5, 10.0]",180.0,F,Resistor_SMD:R_0603_1608Metric,"[59.699999999999996, 9.5875, 61.300000000000004, 10.4125]","[59.275, 9.525, 61.725, 10.475]",,NOT_TESTED
MORI_power_P5R5,R21,"[62.0, 18.8]",-90.0,F,Resistor_SMD:R_0603_1608Metric,"[61.5875, 18.0, 62.4125, 19.599999999999998]","[61.525, 17.575, 62.475, 20.025]",,NOT_TESTED
MORI_power_P5R5,R22,"[62.0, 21.3]",0.0,F,MORI_Custom:R_0603_1608Metric__P5_R22,"[61.199999999999996, 20.8875, 62.800000000000004, 21.7125]","[60.775, 20.825, 63.225, 21.775]",,NOT_TESTED
MORI_power_P5R5,R23,"[70.5, 18.25]",180.0,F,Resistor_SMD:R_0603_1608Metric,"[69.7, 17.837500000000002, 71.3, 18.662499999999998]","[69.275, 17.775, 71.725, 18.725]",,NOT_TESTED
MORI_power_P5R5,R24,"[69.0, 19.8]",180.0,F,Resistor_SMD:R_0603_1608Metric,"[68.2, 19.3875, 69.8, 20.2125]","[67.775, 19.325, 70.225, 20.275]",,NOT_TESTED
MORI_power_P5R5,R25,"[65.5, 21.2]",0.0,F,Resistor_SMD:R_0603_1608Metric,"[64.7, 20.7875, 66.3, 21.6125]","[64.275, 20.725, 66.725, 21.675]",,NOT_TESTED
MORI_power_P5R5,R26,"[75.0, 25.5]",0.0,F,Resistor_SMD:R_0603_1608Metric,"[74.2, 25.087500000000002, 75.8, 25.912499999999998]","[73.775, 25.025, 76.225, 25.975]",,NOT_TESTED
MORI_power_P5R5,R3,"[30.0, 16.5]",0.0,F,Resistor_SMD:R_0603_1608Metric,"[29.2, 16.087500000000002, 30.8, 16.912499999999998]","[28.775, 16.025, 31.225, 16.975]",,NOT_TESTED
MORI_power_P5R5,R30,"[49.0, 29.5]",0.0,F,Resistor_SMD:R_0603_1608Metric,"[48.199999999999996, 29.087500000000002, 49.800000000000004, 29.912499999999998]","[47.775, 29.025, 50.225, 29.975]",,NOT_TESTED
MORI_power_P5R5,R31,"[48.5, 39.0]",0.0,F,MORI_Custom:R_0603_1608Metric__P5_R31,"[47.699999999999996, 38.5875, 49.300000000000004, 39.4125]","[47.275, 38.525, 49.725, 39.475]",,NOT_TESTED
MORI_power_P5R5,R4,"[38.0, 16.5]",-90.0,F,Resistor_SMD:R_0603_1608Metric,"[37.5875, 15.700000000000001, 38.4125, 17.3]","[37.525, 15.275, 38.475, 17.725]",,NOT_TESTED
MORI_power_P5R5,R40,"[58.0, 28.5]",0.0,F,Resistor_SMD:R_0603_1608Metric,"[57.199999999999996, 28.087500000000002, 58.800000000000004, 28.912499999999998]","[56.775, 28.025, 59.225, 28.975]",,NOT_TESTED
MORI_power_P5R5,R41,"[62.0, 38.5]",0.0,F,Resistor_SMD:R_0603_1608Metric,"[61.199999999999996, 38.0875, 62.800000000000004, 38.9125]","[60.775, 38.025, 63.225, 38.975]",,NOT_TESTED
MORI_power_P5R5,R42,"[66.5, 38.5]",0.0,F,Resistor_SMD:R_0603_1608Metric,"[65.7, 38.0875, 67.3, 38.9125]","[65.275, 38.025, 67.725, 38.975]",,NOT_TESTED
MORI_power_P5R5,R43,"[64.0, 30.7]",0.0,F,Resistor_SMD:R_0603_1608Metric,"[63.199999999999996, 30.2875, 64.8, 31.1125]","[62.775, 30.225, 65.225, 31.175]",,NOT_TESTED
MORI_power_P5R5,R44,"[72.6, 28.5]",0.0,F,Resistor_SMD:R_0603_1608Metric,"[71.8, 28.087500000000002, 73.4, 28.912499999999998]","[71.375, 28.025, 73.825, 28.975]",,NOT_TESTED
MORI_power_P5R5,R45,"[70.5, 36.5]",180.0,F,MORI_Custom:R_0603_1608Metric__P5_R45,"[69.7, 36.0875, 71.3, 36.9125]","[69.275, 36.025, 71.725, 36.975]",,NOT_TESTED
MORI_power_P5R5,R46,"[54.5, 28.8]",180.0,F,Resistor_SMD:R_0603_1608Metric,"[53.699999999999996, 28.3875, 55.300000000000004, 29.2125]","[53.275, 28.325, 55.725, 29.275]",,NOT_TESTED
MORI_power_P5R5,R50,"[39.5, 24.0]",0.0,F,Resistor_SMD:R_0603_1608Metric,"[38.699999999999996, 23.587500000000002, 40.300000000000004, 24.412499999999998]","[38.275, 23.525, 40.725, 24.475]",,NOT_TESTED
MORI_power_P5R5,R51,"[41.0, 22.0]",0.0,F,Resistor_SMD:R_0603_1608Metric,"[40.199999999999996, 21.587500000000002, 41.800000000000004, 22.412499999999998]","[39.775, 21.525, 42.225, 22.475]",,NOT_TESTED
MORI_power_P5R5,R52,"[45.5, 21.0]",180.0,F,Resistor_SMD:R_0603_1608Metric,"[44.699999999999996, 20.587500000000002, 46.300000000000004, 21.412499999999998]","[44.275, 20.525, 46.725, 21.475]",,NOT_TESTED
MORI_power_P5R5,R53,"[47.5, 24.5]",-90.0,F,Resistor_SMD:R_0603_1608Metric,"[47.0875, 23.7, 47.9125, 25.3]","[47.025, 23.275, 47.975, 25.725]",,NOT_TESTED
MORI_power_P5R5,R54,"[46.0, 45.5]",180.0,F,MORI_Custom:R_0603_1608Metric__P5_R54,"[45.199999999999996, 45.0875, 46.800000000000004, 45.9125]","[44.775, 45.025, 47.225, 45.975]",,NOT_TESTED
MORI_power_P5R5,R55,"[10.0, 45.5]",0.0,F,Resistor_SMD:R_0603_1608Metric,"[9.200000000000001, 45.0875, 10.799999999999999, 45.9125]","[8.775, 45.025, 11.225, 45.975]",,NOT_TESTED
MORI_power_P5R5,R56,"[16.2, 44.0]",90.0,F,MORI_Custom:R_0603_1608Metric__P5_R56,"[15.787500000000001, 43.199999999999996, 16.6125, 44.800000000000004]","[15.725, 42.775, 16.675, 45.225]",,NOT_TESTED
MORI_power_P5R5,R60,"[30.0, 28.55]",180.0,F,Resistor_SMD:R_0603_1608Metric,"[29.2, 28.1375, 30.8, 28.9625]","[28.775, 28.075, 31.225, 29.025]",,NOT_TESTED
MORI_power_P5R5,R61,"[30.0, 30.1]",0.0,F,Resistor_SMD:R_0603_1608Metric,"[29.2, 29.6875, 30.8, 30.5125]","[28.775, 29.625, 31.225, 30.575]",,NOT_TESTED
MORI_power_P5R5,R70,"[30.0, 42.55]",180.0,F,Resistor_SMD:R_0603_1608Metric,"[29.2, 42.137499999999996, 30.8, 42.962500000000006]","[28.775, 42.075, 31.225, 43.025]",,NOT_TESTED
MORI_power_P5R5,R71,"[30.0, 44.1]",0.0,F,MORI_Custom:R_0603_1608Metric__P3_R71,"[29.2, 43.6875, 30.8, 44.5125]","[28.775, 43.625, 31.225, 44.575]",,NOT_TESTED
MORI_power_P5R5,R90,"[5.5, 11.0]",90.0,F,Resistor_SMD:R_0603_1608Metric,"[5.0874999999999995, 10.200000000000001, 5.9125000000000005, 11.799999999999999]","[5.025, 9.775, 5.975, 12.225]",,NOT_TESTED
MORI_power_P5R5,R91,"[9.0, 17.5]",-90.0,F,Resistor_SMD:R_0603_1608Metric,"[8.5875, 16.7, 9.4125, 18.3]","[8.525, 16.275, 9.475, 18.725]",,NOT_TESTED
MORI_power_P5R5,TP60,"[9.5, 32.0]",0.0,F,MORI_Custom:TestPoint_Pad_D1.5mm__P3_TP60,,"[8.75, 31.25, 10.25, 32.75]",,NOT_TESTED
MORI_power_P5R5,TP61,"[12.5, 32.0]",0.0,F,MORI_Custom:TestPoint_Pad_D1.5mm__P5_TP61,,"[11.75, 31.25, 13.25, 32.75]",,NOT_TESTED
MORI_power_P5R5,TP70,"[35.0, 51.0]",0.0,F,MORI_Custom:TestPoint_Pad_D1.5mm__P3R1_TP70,,"[34.25, 50.25, 35.75, 51.75]",,NOT_TESTED
MORI_power_P5R5,TP71,"[34.5, 48.0]",0.0,F,MORI_Custom:TestPoint_Pad_D1.5mm__P5_TP71,,"[33.75, 47.25, 35.25, 48.75]",,NOT_TESTED
MORI_power_P5R5,U1,"[34.0, 18.5]",0.0,F,MORI_Custom:SOT-23-5__P5_U1,"[33.199999999999996, 17.05, 34.800000000000004, 19.95]","[32.2, 17.0, 35.8, 20.0]",,NOT_TESTED
MORI_power_P5R5,U20,"[66.0, 14.0]",-90.0,F,MORI_Custom:SOIC-8_3.9x4.9mm_P1.27mm__P5_U20,"[63.55, 12.05, 68.45, 15.95]","[63.5, 10.55, 68.5, 17.45]",,NOT_TESTED
MORI_power_P5R5,U21,"[59.5, 13.5]",-90.0,F,Package_TO_SOT_SMD:SOT-23,"[58.05, 12.850000000000001, 60.95, 14.149999999999999]","[58.0, 11.825, 61.0, 15.175]",,NOT_TESTED
MORI_power_P5R5,U40,"[65.0, 34.5]",0.0,F,MORI_Custom:SOIC-8_3.9x4.9mm_P1.27mm__P5_U40,"[63.05, 32.05, 66.95, 36.95]","[61.55, 32.0, 68.45, 37.0]",,NOT_TESTED
MORI_power_P5R5,U41,"[58.5, 32.0]",180.0,F,MORI_Custom:SOT-23__P5_U41,"[57.849999999999994, 30.55, 59.150000000000006, 33.45]","[56.825, 30.5, 60.175, 33.5]",,NOT_TESTED
MORI_power_P5R5,U60,"[27.0, 26.0]",0.0,F,MORI_Custom:TI_DDC0006A_TPS54302,"[26.2, 24.55, 27.8, 27.45]","[25.1, 24.5, 28.9, 27.5]",,NOT_TESTED
MORI_power_P5R5,U70,"[26.25, 40.0]",0.0,F,MORI_Custom:TI_DDC0006A_TPS54302,"[25.45, 38.55, 27.05, 41.45]","[24.35, 38.5, 28.15, 41.5]",,NOT_TESTED
MORI_rear_P5R4,C1,"[4.3, 22.3]",-90.0,B,Capacitor_SMD:C_0603_1608Metric,"[3.9, 21.5, 4.7, 23.099999999999998]","[3.825, 21.075, 4.775, 23.525]",,NOT_TESTED
MORI_rear_P5R4,D1,"[3.9, 17.7]",180.0,B,MORI_Custom:D_SOD-123F__P5_D1,"[2.5, 16.8, 5.3, 18.599999999999998]","[1.95, 16.75, 5.85, 18.65]",,NOT_TESTED
MORI_rear_P5R4,D2,"[10.95, 9.85]",180.0,B,MORI_Custom:D_SOD-323__P5_D2,"[9.89, 9.15, 12.569999999999999, 10.709999999999999]","[9.6, 9.1, 12.62, 10.76]",,NOT_TESTED
MORI_rear_P5R4,D3,"[14.3, 9.5]",0.0,B,MORI_Custom:D_SOD-323__P5_D3,"[12.680000000000001, 8.64, 15.2, 10.36]","[12.63, 8.59, 15.65, 10.41]",,NOT_TESTED
MORI_rear_P5R4,F1,"[4.099999, 4.4]",90.0,B,MORI_Custom:Littelfuse_451_6.1x2.69_P4__P3R1_F1,"[2.7549989999999998, 1.35, 5.444999, 7.45]","[2.524999, 0.97, 5.674999, 7.83]",,NOT_TESTED
MORI_rear_P5R4,H1,"[3.0, 11.0]",0.0,F,MountingHole:MountingHole_2.2mm_M2,,"[1.9, 9.9, 4.1, 12.1]",,NOT_TESTED
MORI_rear_P5R4,H2,"[21.0, 11.0]",0.0,F,MountingHole:MountingHole_2.2mm_M2,,"[19.9, 9.9, 22.1, 12.1]",,NOT_TESTED
MORI_rear_P5R4,J2,"[19.0, 15.7]",-90.0,B,MORI_Custom:JST_PH_S5B-PH-K_1x05_P2.00mm_Horizontal__P4_ANNULUS__P5_J2,"[17.53, 13.75, 25.25, 25.77]","[17.48, 13.7, 25.3, 25.82]",,NOT_TESTED
MORI_rear_P5R4,J3,"[8.45, 19.5]",0.0,F,MORI_Custom:JST_PH_B4B-PH-K_1x04_P2.00mm_Vertical__P4_ANNULUS__P3R1_J3,"[6.09, 17.39, 16.4, 22.3]","[6.04, 17.34, 16.45, 22.35]",,NOT_TESTED
MORI_rear_P5R4,SW1,"[12.0, 12.9]",0.0,F,MORI_Custom:SOFNG_MS202V_G3_P4__P5_SW1,"[7.45, 11.15, 16.55, 14.649999999999999]","[7.4, 9.1, 16.6, 16.7]",,NOT_TESTED
MORI_rear_P5R4,USB1,"[12.0, 3.0]",0.0,B,MORI_Custom:USB_C_Receptacle_HRO_TYPE-C-31-M-12__P4_ANNULUS__P5_USB1,"[7.53, -0.6499999999999999, 16.47, 6.65]","[7.13, -0.7, 16.87, 7.77]",,NOT_TESTED
