board,id,type,net,layer,xy,uuids,detail,meaning
motion,C0001,OFFSET_ENDPOINTS,/S288_BUS,F.Cu,"[48.1584, 0.7112]","[""caf3e5a9-156f-4342-b329-0b4a30cc6887"", ""2f874599-135b-428b-af30-bd97ff377280""]","{""minimum_mm"": 0.04308131845707849}",Geometric hint only; trace UUID and native DRC/body/corner reports govern. Not an automatic clearance waiver.
motion,C0002,SHORT_SEGMENT,/GND,B.Cu,"[36.1696, 11.0304]","[""e530f3ad-5b87-4250-a5c3-7d79abe1ad55""]","{""length_mm"": 0.04400000000000048}",Geometric hint only; trace UUID and native DRC/body/corner reports govern. Not an automatic clearance waiver.
motion,C0003,OFFSET_ENDPOINTS,/GND,B.Cu,"[36.1696, 11.0744]","[""e530f3ad-5b87-4250-a5c3-7d79abe1ad55"", ""3e35c2b0-c453-470b-8e7b-c6944598d317""]","{""minimum_mm"": 0.04400000000000048}",Geometric hint only; trace UUID and native DRC/body/corner reports govern. Not an automatic clearance waiver.
motion,C0004,OFFSET_ENDPOINTS,/USER_KEY_N,F.Cu,"[48.4632, 28.956]","[""b8453239-4ed2-44be-a8cc-fff3aa8b9c79"", ""3c837259-1469-44de-a112-b4014490daf7""]","{""minimum_mm"": 0.05736061366477877}",Geometric hint only; trace UUID and native DRC/body/corner reports govern. Not an automatic clearance waiver.
motion,C0005,SHORT_SEGMENT,/+3V3,B.Cu,"[19.75, 9.95]","[""616340b3-551f-4771-93e9-a930d94f4d91""]","{""length_mm"": 0.1999999999999993}",Geometric hint only; trace UUID and native DRC/body/corner reports govern. Not an automatic clearance waiver.
motion,C0006,OFFSET_ENDPOINTS,/IMU_MISO,B.Cu,"[48.5, 28.15]","[""d907c636-d67f-404d-9dd3-9e32985cf0b1"", ""235189e0-9146-4e99-a015-d4ef318bab07""]","{""minimum_mm"": 0.037422987587844195}",Geometric hint only; trace UUID and native DRC/body/corner reports govern. Not an automatic clearance waiver.
motion,C0007,OFFSET_ENDPOINTS,/IMU_DRDY,B.Cu,"[48.5, 28.75]","[""cce88c78-e39d-499b-b1aa-7b5fc4c4b9c8"", ""a28ed1ac-fe65-429f-b31d-74b091f2c1ed""]","{""minimum_mm"": 0.036906368014205444}",Geometric hint only; trace UUID and native DRC/body/corner reports govern. Not an automatic clearance waiver.
motion,C0008,OFFSET_ENDPOINTS,/CAM_TX,F.Cu,"[48.4632, 15.0368]","[""ffed12d9-e04d-404a-a895-4744aab8dd04"", ""35ae97fc-efb0-4ada-a3b0-b514b45ee166""]","{""minimum_mm"": 0.05204305909532919}",Geometric hint only; trace UUID and native DRC/body/corner reports govern. Not an automatic clearance waiver.
motion,C0009,OFFSET_ENDPOINTS,/CAM_3V3,B.Cu,"[41.725, 12.0]","[""eb4fd377-2eb7-4ec2-8088-9d7149d99f9c"", ""8ea0eb38-5cc6-4b97-ac29-d1ea6d102425""]","{""minimum_mm"": 0.11372325708051234}",Geometric hint only; trace UUID and native DRC/body/corner reports govern. Not an automatic clearance waiver.
motion,C0010,OFFSET_ENDPOINTS,/HEAD_BUS,F.Cu,"[48.4632, 14.3256]","[""96d1bb59-24b3-4452-bc85-cfa33070286a"", ""9416ecb7-35d0-4c03-b026-f67647a74ef9""]","{""minimum_mm"": 0.044828562323589075}",Geometric hint only; trace UUID and native DRC/body/corner reports govern. Not an automatic clearance waiver.
motion,C0011,OFFSET_ENDPOINTS,/IMU_SCK_M,B.Cu,"[25.1817, 27.0067]","[""69d83d41-0a2f-4679-8016-4472cf3f4285"", ""1f9d7e7b-4118-4fff-85c6-45742eebef27""]","{""minimum_mm"": 0.009475230867897751}",Geometric hint only; trace UUID and native DRC/body/corner reports govern. Not an automatic clearance waiver.
motion,C0012,OFFSET_ENDPOINTS,/CHG_N,B.Cu,"[27.025599, 19.1008]","[""92020e6f-4be8-4dbb-98fa-58e2b40c4a08"", ""3cb6e421-00f4-4895-b291-0fdcef43fb42""]","{""minimum_mm"": 0.10159900000000022}",Geometric hint only; trace UUID and native DRC/body/corner reports govern. Not an automatic clearance waiver.
motion,C0013,SHORT_SEGMENT,/CLR_N,F.Cu,"[48.26, 28.1432]","[""fdcd0f53-8670-481f-9c5f-722ec8d1c106""]","{""length_mm"": 0.2032000000000025}",Geometric hint only; trace UUID and native DRC/body/corner reports govern. Not an automatic clearance waiver.
motion,C0014,OFFSET_ENDPOINTS,/CLR_N,F.Cu,"[48.4632, 28.1432]","[""fdcd0f53-8670-481f-9c5f-722ec8d1c106"", ""370f17d7-746c-4ea0-9b0c-1d6a06186e76""]","{""minimum_mm"": 0.056749273123097}",Geometric hint only; trace UUID and native DRC/body/corner reports govern. Not an automatic clearance waiver.
motion,C0015,OFFSET_ENDPOINTS,/CLR_N,B.Cu,"[27.025599, 15.849599]","[""36b89055-9930-400d-b2c3-6b9acb68ec74"", ""23d8f828-c1ef-4f5b-bea0-f430e2154d5c""]","{""minimum_mm"": 0.025602140574568857}",Geometric hint only; trace UUID and native DRC/body/corner reports govern. Not an automatic clearance waiver.
motion,C0016,OFFSET_ENDPOINTS,/CLR_N,B.Cu,"[29.971999, 19.304]","[""f8e94817-cd34-462b-a659-d9a9e661b56c"", ""59de2d0a-79c8-46b0-93a3-e3fd26fdf267""]","{""minimum_mm"": 0.0538521680250689}",Geometric hint only; trace UUID and native DRC/body/corner reports govern. Not an automatic clearance waiver.
motion,C0017,OFFSET_ENDPOINTS,/FAULT_N,F.Cu,"[29.362399, 8.026399]","[""c8d052d9-db95-4af5-a293-f9f1f1c066ef"", ""598ea122-3393-413d-87d9-8a2c1a487a46""]","{""minimum_mm"": 0.143683390832065}",Geometric hint only; trace UUID and native DRC/body/corner reports govern. Not an automatic clearance waiver.
motion,C0018,OFFSET_ENDPOINTS,/FAULT_N,F.Cu,"[29.362399, 8.026399]","[""c8d052d9-db95-4af5-a293-f9f1f1c066ef"", ""5dfeb838-d612-4b7d-88f8-d5dc38aa63e9""]","{""minimum_mm"": 0.143683390832065}",Geometric hint only; trace UUID and native DRC/body/corner reports govern. Not an automatic clearance waiver.
motion,C0019,SHORT_SEGMENT,/S288_TX,B.Cu,"[25.6478, 9.4179]","[""8b246c98-31f2-4993-991b-8d8003b62105""]","{""length_mm"": 0.1673014644287379}",Geometric hint only; trace UUID and native DRC/body/corner reports govern. Not an automatic clearance waiver.
motion,C0020,SHORT_SEGMENT,/S288_TX,B.Cu,"[25.7661, 9.2996]","[""b7a5f6d0-9209-4a1b-8b7c-15161f002372""]","{""length_mm"": 0.16159999999999997}",Geometric hint only; trace UUID and native DRC/body/corner reports govern. Not an automatic clearance waiver.
motion,C0021,OFFSET_ENDPOINTS,/S288_TX,B.Cu,"[25.95, 9.25]","[""e91fd35b-5b37-4d5b-aa52-eb077d0830b3"", ""b7a5f6d0-9209-4a1b-8b7c-15161f002372""]","{""minimum_mm"": 0.05438244201945962}",Geometric hint only; trace UUID and native DRC/body/corner reports govern. Not an automatic clearance waiver.
motion,C0022,OFFSET_ENDPOINTS,/LOOP_3V3,F.Cu,"[48.4632, 28.549599]","[""955b3492-9b18-4969-9481-41974dcd37f5"", ""0ca7b4d8-7c06-4a79-9787-8f89b0600f8a""]","{""minimum_mm"": 0.03680218473134392}",Geometric hint only; trace UUID and native DRC/body/corner reports govern. Not an automatic clearance waiver.
motion,C0023,SHORT_SEGMENT,/ARM_Q,F.Cu,"[52.0192, 7.8232]","[""c2fb2ace-dd9c-4a68-938c-476bdb078357""]","{""length_mm"": 0.14368409793710507}",Geometric hint only; trace UUID and native DRC/body/corner reports govern. Not an automatic clearance waiver.
motion,C0024,OFFSET_ENDPOINTS,/ARM_Q,F.Cu,"[52.0192, 7.8232]","[""c2fb2ace-dd9c-4a68-938c-476bdb078357"", ""7069d5bf-ee70-4a44-869c-d14328a4c164""]","{""minimum_mm"": 0.14368409793710507}",Geometric hint only; trace UUID and native DRC/body/corner reports govern. Not an automatic clearance waiver.
motion,C0025,OFFSET_ENDPOINTS,/ARM_Q,F.Cu,"[52.0192, 7.8232]","[""da29de7b-5853-48b3-b96e-58afe7ffa2eb"", ""7069d5bf-ee70-4a44-869c-d14328a4c164""]","{""minimum_mm"": 0.14368409793710507}",Geometric hint only; trace UUID and native DRC/body/corner reports govern. Not an automatic clearance waiver.
motion,C0026,OFFSET_ENDPOINTS,/ARM_Q,F.Cu,"[52.0192, 7.8232]","[""da29de7b-5853-48b3-b96e-58afe7ffa2eb"", ""c2fb2ace-dd9c-4a68-938c-476bdb078357""]","{""minimum_mm"": 0.14368409793710507}",Geometric hint only; trace UUID and native DRC/body/corner reports govern. Not an automatic clearance waiver.
motion,C0027,SHORT_SEGMENT,/BAT_ADC_IN,B.Cu,"[58.0136, 7.8232]","[""d01a68e7-ab5d-484b-9afc-acb7c83038e5""]","{""length_mm"": 0.14368409793710507}",Geometric hint only; trace UUID and native DRC/body/corner reports govern. Not an automatic clearance waiver.
motion,C0028,OFFSET_ENDPOINTS,/BAT_ADC_IN,B.Cu,"[57.912, 7.7216]","[""d01a68e7-ab5d-484b-9afc-acb7c83038e5"", ""11d71d40-9637-4216-aefb-423f8216f327""]","{""minimum_mm"": 0.14368409793710507}",Geometric hint only; trace UUID and native DRC/body/corner reports govern. Not an automatic clearance waiver.
motion,C0029,OFFSET_ENDPOINTS,/BAT_ADC_IN,B.Cu,"[57.912, 7.7216]","[""dc949350-0bfe-4e93-887f-4aee8c20df6a"", ""11d71d40-9637-4216-aefb-423f8216f327""]","{""minimum_mm"": 0.14368409793710507}",Geometric hint only; trace UUID and native DRC/body/corner reports govern. Not an automatic clearance waiver.
motion,C0030,OFFSET_ENDPOINTS,/BAT_ADC_IN,B.Cu,"[57.912, 7.7216]","[""dc949350-0bfe-4e93-887f-4aee8c20df6a"", ""d01a68e7-ab5d-484b-9afc-acb7c83038e5""]","{""minimum_mm"": 0.14368409793710507}",Geometric hint only; trace UUID and native DRC/body/corner reports govern. Not an automatic clearance waiver.
motion,C0031,SHORT_SEGMENT,/WHEEL_ADC_IN,B.Cu,"[62.5856, 0.8128]","[""9fbd9032-4b18-4799-a19d-dd3ff35a69be""]","{""length_mm"": 0.1436848050456291}",Geometric hint only; trace UUID and native DRC/body/corner reports govern. Not an automatic clearance waiver.
motion,C0032,OFFSET_ENDPOINTS,/WHEEL_ADC_IN,B.Cu,"[62.5856, 0.8128]","[""9fbd9032-4b18-4799-a19d-dd3ff35a69be"", ""3dff4447-0e62-4489-bd72-a8f797911fcb""]","{""minimum_mm"": 0.1436848050456291}",Geometric hint only; trace UUID and native DRC/body/corner reports govern. Not an automatic clearance waiver.
motion,C0033,OFFSET_ENDPOINTS,/WHEEL_ADC_IN,B.Cu,"[62.5856, 0.8128]","[""dcc2166e-f2cc-499e-ae00-59055e0adec9"", ""3dff4447-0e62-4489-bd72-a8f797911fcb""]","{""minimum_mm"": 0.1436848050456291}",Geometric hint only; trace UUID and native DRC/body/corner reports govern. Not an automatic clearance waiver.
motion,C0034,OFFSET_ENDPOINTS,/WHEEL_ADC_IN,B.Cu,"[62.5856, 0.8128]","[""dcc2166e-f2cc-499e-ae00-59055e0adec9"", ""9fbd9032-4b18-4799-a19d-dd3ff35a69be""]","{""minimum_mm"": 0.1436848050456291}",Geometric hint only; trace UUID and native DRC/body/corner reports govern. Not an automatic clearance waiver.
motion,C0035,OFFSET_ENDPOINTS,/WHEEL_ADC_IN,B.Cu,"[15.0, 24.175]","[""e5446051-bb73-482b-afc7-e2bc4f76d0df"", ""da6172d4-2f35-4bfe-9b06-61f51efd829d""]","{""minimum_mm"": 0.03725410582741128}",Geometric hint only; trace UUID and native DRC/body/corner reports govern. Not an automatic clearance waiver.
motion,C0036,SHORT_SEGMENT,/CURRENT_ADC_IN,B.Cu,"[62.5856, 34.1376]","[""1d26a990-65cf-4173-8c38-f3bf29d6b3de""]","{""length_mm"": 0.14368480504562753}",Geometric hint only; trace UUID and native DRC/body/corner reports govern. Not an automatic clearance waiver.
motion,C0037,OFFSET_ENDPOINTS,/CURRENT_ADC_IN,B.Cu,"[62.483999, 34.2392]","[""3ff136e3-affb-4462-9485-cb32635eb09b"", ""1d26a990-65cf-4173-8c38-f3bf29d6b3de""]","{""minimum_mm"": 0.14368480504562753}",Geometric hint only; trace UUID and native DRC/body/corner reports govern. Not an automatic clearance waiver.
motion,C0038,SHORT_SEGMENT,/CURRENT_ADC_IN,B.Cu,"[18.1864, 24.180799]","[""71abcd91-60c9-452e-ba08-2cb2079d6a5f""]","{""length_mm"": 0.20319999999999894}",Geometric hint only; trace UUID and native DRC/body/corner reports govern. Not an automatic clearance waiver.
motion,C0039,OFFSET_ENDPOINTS,/CURRENT_ADC_IN,B.Cu,"[62.5856, 34.1376]","[""dd9b34e3-d109-4c6e-847b-cd45e96dd2e4"", ""1d26a990-65cf-4173-8c38-f3bf29d6b3de""]","{""minimum_mm"": 0.14368480504562753}",Geometric hint only; trace UUID and native DRC/body/corner reports govern. Not an automatic clearance waiver.
motion,C0040,OFFSET_ENDPOINTS,/CURRENT_ADC_IN,B.Cu,"[62.5856, 34.1376]","[""dd9b34e3-d109-4c6e-847b-cd45e96dd2e4"", ""3ff136e3-affb-4462-9485-cb32635eb09b""]","{""minimum_mm"": 0.14368480504562753}",Geometric hint only; trace UUID and native DRC/body/corner reports govern. Not an automatic clearance waiver.
motion,C0041,SHORT_SEGMENT,/S288_OE_N,F.Cu,"[20.828, 8.4328]","[""3df51ed9-177c-4945-96c9-b2c4e39f765b""]","{""length_mm"": 0.16263935563079343}",Geometric hint only; trace UUID and native DRC/body/corner reports govern. Not an automatic clearance waiver.
motion,C0042,NON_45,/S288_OE_N,F.Cu,"[20.828, 8.4328]","[""3df51ed9-177c-4945-96c9-b2c4e39f765b""]","{""delta_mm"": [-0.10159999999999769, -0.12700000000000067]}",Geometric hint only; trace UUID and native DRC/body/corner reports govern. Not an automatic clearance waiver.
motion,C0043,SHORT_SEGMENT,/S288_OE_N,B.Cu,"[20.7264, 8.3]","[""69002e29-3966-4784-bf71-89172026f314""]","{""length_mm"": 0.005799999999998917}",Geometric hint only; trace UUID and native DRC/body/corner reports govern. Not an automatic clearance waiver.
motion,C0044,OFFSET_ENDPOINTS,/S288_OE_N,B.Cu,"[20.7264, 8.3]","[""ebc48156-fb19-4193-b821-f26a7ef8db2d"", ""69002e29-3966-4784-bf71-89172026f314""]","{""minimum_mm"": 0.005799999999998917}",Geometric hint only; trace UUID and native DRC/body/corner reports govern. Not an automatic clearance waiver.
power,C0001,SHORT_SEGMENT,/GND,F.Cu,"[26.5, 32.3]","[""25750b58-4677-4505-8a5e-68ce4df2eb74""]","{""length_mm"": 0.22499999999999432}",Geometric hint only; trace UUID and native DRC/body/corner reports govern. Not an automatic clearance waiver.
power,C0002,SHORT_SEGMENT,/GND,F.Cu,"[31.8, 29.5]","[""2f310466-6983-4dc1-a638-07b8af0481bf""]","{""length_mm"": 0.1000009999999989}",Geometric hint only; trace UUID and native DRC/body/corner reports govern. Not an automatic clearance waiver.
power,C0003,OFFSET_ENDPOINTS,/GND,F.Cu,"[31.8, 29.600001]","[""54c110d5-471c-4eb2-92e3-9f3725aac881"", ""2f310466-6983-4dc1-a638-07b8af0481bf""]","{""minimum_mm"": 0.1000009999999989}",Geometric hint only; trace UUID and native DRC/body/corner reports govern. Not an automatic clearance waiver.
power,C0004,SHORT_SEGMENT,/GND,F.Cu,"[20.4, 41.4]","[""6878e74e-32ff-48de-8c77-415a04e180ea""]","{""length_mm"": 0.20000000000000284}",Geometric hint only; trace UUID and native DRC/body/corner reports govern. Not an automatic clearance waiver.
power,C0005,OVERLAP_PARALLEL,/GND,F.Cu,"[20.4, 32.075]","[""77921a1f-776f-43df-80f5-d6fdd75a6f2b"", ""02e28d4a-c5c9-4c06-8550-7edd085d8bf4""]","{""separation_mm"": 0.0, ""overlap_mm"": 1.3000000000000043}",Geometric hint only; trace UUID and native DRC/body/corner reports govern. Not an automatic clearance waiver.
power,C0006,SHORT_SEGMENT,/GND,F.Cu,"[31.8, 43.600001]","[""8eda0e65-4804-4247-ba28-284b5ac7b93a""]","{""length_mm"": 0.1000009999999989}",Geometric hint only; trace UUID and native DRC/body/corner reports govern. Not an automatic clearance waiver.
power,C0007,OFFSET_ENDPOINTS,/GND,F.Cu,"[31.8, 43.5]","[""8eda0e65-4804-4247-ba28-284b5ac7b93a"", ""028c53ec-d81a-4cbd-a751-80d764765f71""]","{""minimum_mm"": 0.1000009999999989}",Geometric hint only; trace UUID and native DRC/body/corner reports govern. Not an automatic clearance waiver.
power,C0008,SHORT_SEGMENT,/GND,F.Cu,"[26.5, 46.100001]","[""985c2910-1034-4c31-8db1-96f59824bbef""]","{""length_mm"": 0.2250009999999989}",Geometric hint only; trace UUID and native DRC/body/corner reports govern. Not an automatic clearance waiver.
power,C0009,OVERLAP_PARALLEL,/GND,F.Cu,"[20.4, 41.6]","[""ca0b8f22-bd2b-499d-ab9c-8f7c9f231099"", ""3e6ef5c8-b044-4525-8a6d-95686d470e91""]","{""separation_mm"": 0.0, ""overlap_mm"": 1.2999999999999972}",Geometric hint only; trace UUID and native DRC/body/corner reports govern. Not an automatic clearance waiver.
power,C0010,SHORT_SEGMENT,/GND,F.Cu,"[22.5, 45.875]","[""d74e23f2-8a94-4670-a497-c95ff7f75435""]","{""length_mm"": 0.2250009999999989}",Geometric hint only; trace UUID and native DRC/body/corner reports govern. Not an automatic clearance waiver.
power,C0011,OFFSET_ENDPOINTS,/BAT_MON,F.Cu,"[30.099999, 6.0]","[""8606a0a0-ef56-47cf-a6e7-48fea0e8df5d"", ""5ee63494-a2bf-4d6d-a668-24c0ea520c07""]","{""minimum_mm"": 0.0250343763653102}",Geometric hint only; trace UUID and native DRC/body/corner reports govern. Not an automatic clearance waiver.
power,C0012,OFFSET_ENDPOINTS,/BAT_MON,F.Cu,"[37.55, 23.0]","[""9541b80b-ca7b-4590-a7d0-31eddb58d372"", ""75227cc4-2596-4bca-ae91-effc6bb9984e""]","{""minimum_mm"": 0.125}",Geometric hint only; trace UUID and native DRC/body/corner reports govern. Not an automatic clearance waiver.
power,C0013,OFFSET_ENDPOINTS,/BAT_MON,F.Cu,"[30.5, 33.449999]","[""a1534866-92b3-4bc7-84bc-ccc4ad99075c"", ""47649ba7-2058-404a-9fb7-d577bc16ff40""]","{""minimum_mm"": 0.030934007192729714}",Geometric hint only; trace UUID and native DRC/body/corner reports govern. Not an automatic clearance waiver.
power,C0014,NON_45,/BAT_MON,B.Cu,"[30.6324, 6.5024]","[""058b4dc8-af61-405f-bc27-09164c0b6a2d""]","{""delta_mm"": [0.7619989999999994, 1.7272010000000009]}",Geometric hint only; trace UUID and native DRC/body/corner reports govern. Not an automatic clearance waiver.
power,C0015,NON_45,/BAT_MON,B.Cu,"[31.851599, 15.697199]","[""1c6f6782-d17d-42f1-82bd-1b0d21ece8a2""]","{""delta_mm"": [0.1524000000000001, 5.029201000000002]}",Geometric hint only; trace UUID and native DRC/body/corner reports govern. Not an automatic clearance waiver.
power,C0016,NON_45,/BAT_MON,B.Cu,"[34.29, 28.7528]","[""764d1dc5-1e9e-4fd1-bfce-8af1fb7798e7""]","{""delta_mm"": [-2.184401000000001, 2.235199999999999]}",Geometric hint only; trace UUID and native DRC/body/corner reports govern. Not an automatic clearance waiver.
power,C0017,SHORT_SEGMENT,/BAT_MON,B.Cu,"[34.29, 28.6512]","[""d94a9f0e-cee9-4c1e-b1b5-d017b8d2a5c0""]","{""length_mm"": 0.10160000000000124}",Geometric hint only; trace UUID and native DRC/body/corner reports govern. Not an automatic clearance waiver.
power,C0018,OFFSET_ENDPOINTS,/BAT_MON,B.Cu,"[34.29, 28.6512]","[""d94a9f0e-cee9-4c1e-b1b5-d017b8d2a5c0"", ""764d1dc5-1e9e-4fd1-bfce-8af1fb7798e7""]","{""minimum_mm"": 0.10160000000000124}",Geometric hint only; trace UUID and native DRC/body/corner reports govern. Not an automatic clearance waiver.
power,C0019,OFFSET_ENDPOINTS,/BAT_MON,B.Cu,"[34.29, 28.6512]","[""d94a9f0e-cee9-4c1e-b1b5-d017b8d2a5c0"", ""8327b31e-1f9f-42c7-bd84-e34112de0ad2""]","{""minimum_mm"": 0.10160000000000124}",Geometric hint only; trace UUID and native DRC/body/corner reports govern. Not an automatic clearance waiver.
power,C0020,OFFSET_ENDPOINTS,/BAT_MON,B.Cu,"[34.29, 28.6512]","[""ec33fb72-71fa-4f11-b9b2-0c2678e0b14a"", ""764d1dc5-1e9e-4fd1-bfce-8af1fb7798e7""]","{""minimum_mm"": 0.10160000000000124}",Geometric hint only; trace UUID and native DRC/body/corner reports govern. Not an automatic clearance waiver.
power,C0021,OFFSET_ENDPOINTS,/BAT_MON,B.Cu,"[34.29, 28.6512]","[""ec33fb72-71fa-4f11-b9b2-0c2678e0b14a"", ""8327b31e-1f9f-42c7-bd84-e34112de0ad2""]","{""minimum_mm"": 0.10160000000000124}",Geometric hint only; trace UUID and native DRC/body/corner reports govern. Not an automatic clearance waiver.
power,C0022,OFFSET_ENDPOINTS,/BAT_MON,B.Cu,"[34.29, 28.6512]","[""ec33fb72-71fa-4f11-b9b2-0c2678e0b14a"", ""d94a9f0e-cee9-4c1e-b1b5-d017b8d2a5c0""]","{""minimum_mm"": 0.10160000000000124}",Geometric hint only; trace UUID and native DRC/body/corner reports govern. Not an automatic clearance waiver.
power,C0023,SHORT_SEGMENT,/PACK_FUSED,F.Cu,"[6.2992, 12.5984]","[""9b445aec-8cb5-4acd-a7c8-310b89a7dbee""]","{""length_mm"": 0.10159900000000022}",Geometric hint only; trace UUID and native DRC/body/corner reports govern. Not an automatic clearance waiver.
power,C0024,OFFSET_ENDPOINTS,/PACK_FUSED,F.Cu,"[6.400799, 12.5984]","[""9b445aec-8cb5-4acd-a7c8-310b89a7dbee"", ""341af6d9-80d1-4522-a120-cf07e372860a""]","{""minimum_mm"": 0.10159900000000022}",Geometric hint only; trace UUID and native DRC/body/corner reports govern. Not an automatic clearance waiver.
power,C0025,OVERLAP_PARALLEL,/PACK_FUSED,F.Cu,"[8.9408, 12.5984]","[""ce6caf02-366c-43f9-8b7f-a178cbdf6700"", ""67818f67-1c0f-45a9-999d-e30ace41f044""]","{""separation_mm"": 1.0417108831988742, ""overlap_mm"": 0.6824992241425807}",Geometric hint only; trace UUID and native DRC/body/corner reports govern. Not an automatic clearance waiver.
power,C0026,OFFSET_ENDPOINTS,/VBUS_CHARGE,F.Cu,"[8.675, 45.5]","[""7d5f0df6-5b83-40d1-b4ee-9d28c117c4b8"", ""1247ed17-af54-4cf7-bc38-98715a4c7e69""]","{""minimum_mm"": 0.042464573470131925}",Geometric hint only; trace UUID and native DRC/body/corner reports govern. Not an automatic clearance waiver.
power,C0027,SHORT_SEGMENT,/VBUS_CHARGE,B.Cu,"[4.9784, 48.361599]","[""841081c2-1b52-44ea-9d68-5db96d5ce32c""]","{""length_mm"": 0.14368480504562942}",Geometric hint only; trace UUID and native DRC/body/corner reports govern. Not an automatic clearance waiver.
power,C0028,OFFSET_ENDPOINTS,/VBUS_CHARGE,B.Cu,"[4.9784, 48.361599]","[""841081c2-1b52-44ea-9d68-5db96d5ce32c"", ""7f2e882c-5a5f-4c3b-80e2-8a2cb3c53a55""]","{""minimum_mm"": 0.14368480504562942}",Geometric hint only; trace UUID and native DRC/body/corner reports govern. Not an automatic clearance waiver.
power,C0029,OFFSET_ENDPOINTS,/VBUS_CHARGE,B.Cu,"[4.9784, 48.361599]","[""a0825d9a-6a7f-4e67-ae34-283f4e00bdf1"", ""7f2e882c-5a5f-4c3b-80e2-8a2cb3c53a55""]","{""minimum_mm"": 0.14368480504562942}",Geometric hint only; trace UUID and native DRC/body/corner reports govern. Not an automatic clearance waiver.
power,C0030,OFFSET_ENDPOINTS,/VBUS_CHARGE,B.Cu,"[4.9784, 48.361599]","[""a0825d9a-6a7f-4e67-ae34-283f4e00bdf1"", ""841081c2-1b52-44ea-9d68-5db96d5ce32c""]","{""minimum_mm"": 0.14368480504562942}",Geometric hint only; trace UUID and native DRC/body/corner reports govern. Not an automatic clearance waiver.
power,C0031,OFFSET_ENDPOINTS,/CHG_BASE,F.Cu,"[12.55, 44.9375]","[""cdd927f2-fc09-41cc-8dea-36b47111a436"", ""9bf98776-ca70-40a9-8678-0d6e00c96845""]","{""minimum_mm"": 0.05710263217225632}",Geometric hint only; trace UUID and native DRC/body/corner reports govern. Not an automatic clearance waiver.
power,C0032,OFFSET_ENDPOINTS,/CHG_N,B.Cu,"[8.3, 38.8]","[""e4967f87-822e-4b75-a6ee-382ad5f1066a"", ""2c4e7f87-6032-4eb6-a9c0-701252ab3a0f""]","{""minimum_mm"": 0.03314841777521206}",Geometric hint only; trace UUID and native DRC/body/corner reports govern. Not an automatic clearance waiver.
power,C0033,SHORT_SEGMENT,/CHG_N,B.Cu,"[3.5, 33.9]","[""ee0a8cde-ddf6-4306-bee7-5421daf1928d""]","{""length_mm"": 0.06568597733154363}",Geometric hint only; trace UUID and native DRC/body/corner reports govern. Not an automatic clearance waiver.
power,C0034,OFFSET_ENDPOINTS,/CHG_N,B.Cu,"[3.5, 33.9]","[""ee0a8cde-ddf6-4306-bee7-5421daf1928d"", ""0f2a8817-64c9-4648-8df0-cf2eff998fe5""]","{""minimum_mm"": 0.06568597733154363}",Geometric hint only; trace UUID and native DRC/body/corner reports govern. Not an automatic clearance waiver.
power,C0035,OFFSET_ENDPOINTS,/CHG_N,B.Cu,"[3.454399, 33.9344]","[""f81e706f-d895-44e9-91c0-5d1d79a1f928"", ""0f2a8817-64c9-4648-8df0-cf2eff998fe5""]","{""minimum_mm"": 0.09283299258884249}",Geometric hint only; trace UUID and native DRC/body/corner reports govern. Not an automatic clearance waiver.
power,C0036,OFFSET_ENDPOINTS,/CHG_N,B.Cu,"[3.454399, 33.9344]","[""f81e706f-d895-44e9-91c0-5d1d79a1f928"", ""ee0a8cde-ddf6-4306-bee7-5421daf1928d""]","{""minimum_mm"": 0.057121022408565675}",Geometric hint only; trace UUID and native DRC/body/corner reports govern. Not an automatic clearance waiver.
power,C0037,SHORT_SEGMENT,/+3V3,F.Cu,"[44.5008, 24.180799]","[""71e0d4ea-c36c-40ae-b8c1-49944dce03e7""]","{""length_mm"": 0.20320099999999996}",Geometric hint only; trace UUID and native DRC/body/corner reports govern. Not an automatic clearance waiver.
power,C0038,OFFSET_ENDPOINTS,/+3V3,F.Cu,"[44.5, 24.14]","[""9264a888-e38f-4267-8c6a-59b8cff4e401"", ""71e0d4ea-c36c-40ae-b8c1-49944dce03e7""]","{""minimum_mm"": 0.04080684257572474}",Geometric hint only; trace UUID and native DRC/body/corner reports govern. Not an automatic clearance waiver.
power,C0039,SHORT_SEGMENT,/+3V3,F.Cu,"[38.2016, 21.9456]","[""e7e2a870-3c3d-46b1-bc35-7af11def5af9""]","{""length_mm"": 0.2032000000000025}",Geometric hint only; trace UUID and native DRC/body/corner reports govern. Not an automatic clearance waiver.
power,C0040,OFFSET_ENDPOINTS,/+3V3,B.Cu,"[46.6344, 24.485599]","[""75fbbe96-3879-4b06-939b-88c795165b11"", ""4f02a796-c788-4c8b-9105-ac270e15982e""]","{""minimum_mm"": 0.14368480504562506}",Geometric hint only; trace UUID and native DRC/body/corner reports govern. Not an automatic clearance waiver.
power,C0041,SHORT_SEGMENT,/+3V3,B.Cu,"[46.6344, 24.485599]","[""fe2fb82b-a061-4bdb-95fe-febe574750cb""]","{""length_mm"": 0.14368480504562506}",Geometric hint only; trace UUID and native DRC/body/corner reports govern. Not an automatic clearance waiver.
power,C0042,OFFSET_ENDPOINTS,/+3V3,B.Cu,"[46.6344, 24.485599]","[""fe2fb82b-a061-4bdb-95fe-febe574750cb"", ""4f02a796-c788-4c8b-9105-ac270e15982e""]","{""minimum_mm"": 0.14368480504562506}",Geometric hint only; trace UUID and native DRC/body/corner reports govern. Not an automatic clearance waiver.
power,C0043,OFFSET_ENDPOINTS,/+3V3,B.Cu,"[46.736, 24.5872]","[""fe2fb82b-a061-4bdb-95fe-febe574750cb"", ""75fbbe96-3879-4b06-939b-88c795165b11""]","{""minimum_mm"": 0.14368480504562506}",Geometric hint only; trace UUID and native DRC/body/corner reports govern. Not an automatic clearance waiver.
power,C0044,SHORT_SEGMENT,/+5V_CAM,F.Cu,"[35.9664, 46.6344]","[""2479c73e-4029-4ad9-8ad6-5c5f79f5b0a4""]","{""length_mm"": 0.10160100000000227}",Geometric hint only; trace UUID and native DRC/body/corner reports govern. Not an automatic clearance waiver.
power,C0045,OFFSET_ENDPOINTS,/+5V_CAM,F.Cu,"[35.9664, 46.6344]","[""2479c73e-4029-4ad9-8ad6-5c5f79f5b0a4"", ""14cc246d-104b-46e0-a536-79458ea8b9c3""]","{""minimum_mm"": 0.10160100000000227}",Geometric hint only; trace UUID and native DRC/body/corner reports govern. Not an automatic clearance waiver.
power,C0046,OFFSET_ENDPOINTS,/+5V_CAM,F.Cu,"[30.784799, 42.5704]","[""b70a1fe8-443c-41d4-baa9-4ec22fc1ecdc"", ""260f7497-ced6-43cd-8555-3e36a1343d7d""]","{""minimum_mm"": 0.04508082076670817}",Geometric hint only; trace UUID and native DRC/body/corner reports govern. Not an automatic clearance waiver.
power,C0047,OFFSET_ENDPOINTS,/+5V_CAM,F.Cu,"[10.058399, 49.9872]","[""c9bbca98-47a7-4b0d-9e10-bc4b8c71cab0"", ""9a3a5559-0525-4f27-a635-7bdac0a7fdb2""]","{""minimum_mm"": 0.015309578733588526}",Geometric hint only; trace UUID and native DRC/body/corner reports govern. Not an automatic clearance waiver.
power,C0048,OFFSET_ENDPOINTS,/+5V_CAM,F.Cu,"[35.9664, 46.6344]","[""e12bda44-0d3c-40d1-8495-4c8b740bab91"", ""14cc246d-104b-46e0-a536-79458ea8b9c3""]","{""minimum_mm"": 0.10160100000000227}",Geometric hint only; trace UUID and native DRC/body/corner reports govern. Not an automatic clearance waiver.
power,C0049,OFFSET_ENDPOINTS,/+5V_CAM,F.Cu,"[35.9664, 46.6344]","[""e12bda44-0d3c-40d1-8495-4c8b740bab91"", ""2479c73e-4029-4ad9-8ad6-5c5f79f5b0a4""]","{""minimum_mm"": 0.10160100000000227}",Geometric hint only; trace UUID and native DRC/body/corner reports govern. Not an automatic clearance waiver.
power,C0050,SHORT_SEGMENT,/+5V_CAM,B.Cu,"[36.9824, 47.6504]","[""1d64bef1-67a2-4266-bedb-360f11d75dd1""]","{""length_mm"": 0.1436840979371032}",Geometric hint only; trace UUID and native DRC/body/corner reports govern. Not an automatic clearance waiver.
power,C0051,OFFSET_ENDPOINTS,/+5V_CAM,B.Cu,"[36.9824, 47.6504]","[""c6e16e58-8c61-49e2-af51-8dfe1e7ea4ba"", ""1d64bef1-67a2-4266-bedb-360f11d75dd1""]","{""minimum_mm"": 0.1436840979371032}",Geometric hint only; trace UUID and native DRC/body/corner reports govern. Not an automatic clearance waiver.
power,C0052,SHORT_SEGMENT,/+5V_MOTION,F.Cu,"[30.2, 31.9]","[""2b7812f4-ef24-4a95-b71c-f232e9a2410c""]","{""length_mm"": 0.20000000000000284}",Geometric hint only; trace UUID and native DRC/body/corner reports govern. Not an automatic clearance waiver.
power,C0053,OFFSET_ENDPOINTS,/+5V_MOTION,F.Cu,"[13.8, 28.4]","[""367d027c-36ad-4b3d-aeac-43d9c427d5eb"", ""20bd755f-950a-4fef-8b09-99b9970fd335""]","{""minimum_mm"": 0.05112460074171859}",Geometric hint only; trace UUID and native DRC/body/corner reports govern. Not an automatic clearance waiver.
power,C0054,OFFSET_ENDPOINTS,/+5V_MOTION,F.Cu,"[30.5, 31.6]","[""e8861576-e7fa-49dd-8435-8af239d7732c"", ""c85d72cd-d7d7-4daf-91bd-a78b758d7d58""]","{""minimum_mm"": 0.05590169943749157}",Geometric hint only; trace UUID and native DRC/body/corner reports govern. Not an automatic clearance waiver.
power,C0055,FOLDBACK,/+5V_MOTION,F.Cu,"[10.0, 26.525]","[""416457a7-d5f1-4958-b673-70c9260994ac"", ""ed259718-5041-48be-a2ab-2ede1a1e46ad""]","{""angle_degrees"": 45.00000000000003}",Geometric hint only; trace UUID and native DRC/body/corner reports govern. Not an automatic clearance waiver.
power,C0056,NON_45,/W_BRAKE_GATE,F.Cu,"[71.628, 9.5504]","[""ebf48bed-a491-4fd1-8253-c7ff46a1beba""]","{""delta_mm"": [-2.946399999999997, 2.539999]}",Geometric hint only; trace UUID and native DRC/body/corner reports govern. Not an automatic clearance waiver.
power,C0057,FOLDBACK,/M5_VIN,F.Cu,"[25.65, 26.95]","[""3d7c4371-00df-478c-96e0-1a87d799d33b"", ""87dbc568-7439-4254-a2ab-d66d99f70cbd""]","{""angle_degrees"": 44.999999999999844}",Geometric hint only; trace UUID and native DRC/body/corner reports govern. Not an automatic clearance waiver.
power,C0058,SHORT_SEGMENT,/ARM_Q,F.Cu,"[46.837599, 28.3464]","[""24202a21-d226-46d1-b02e-61320534dc67""]","{""length_mm"": 0.14368339083206624}",Geometric hint only; trace UUID and native DRC/body/corner reports govern. Not an automatic clearance waiver.
power,C0059,OFFSET_ENDPOINTS,/ARM_Q,F.Cu,"[46.736, 28.448]","[""24202a21-d226-46d1-b02e-61320534dc67"", ""182e70de-1166-41bd-9cae-dfffcfd52ffb""]","{""minimum_mm"": 0.14368339083206624}",Geometric hint only; trace UUID and native DRC/body/corner reports govern. Not an automatic clearance waiver.
power,C0060,OFFSET_ENDPOINTS,/ARM_Q,F.Cu,"[47.3456, 45.5168]","[""419252aa-fec3-45d7-86aa-5eaa26ccfdcb"", ""1c7bd9be-d58a-49d8-bb45-19a80b81f86d""]","{""minimum_mm"": 0.02658194876226902}",Geometric hint only; trace UUID and native DRC/body/corner reports govern. Not an automatic clearance waiver.
power,C0061,OFFSET_ENDPOINTS,/ARM_Q,F.Cu,"[46.736, 28.448]","[""be329b14-62d0-4816-a18b-3a47b5c27a2d"", ""182e70de-1166-41bd-9cae-dfffcfd52ffb""]","{""minimum_mm"": 0.14368339083206624}",Geometric hint only; trace UUID and native DRC/body/corner reports govern. Not an automatic clearance waiver.
power,C0062,OFFSET_ENDPOINTS,/ARM_Q,F.Cu,"[46.736, 28.448]","[""be329b14-62d0-4816-a18b-3a47b5c27a2d"", ""24202a21-d226-46d1-b02e-61320534dc67""]","{""minimum_mm"": 0.14368339083206624}",Geometric hint only; trace UUID and native DRC/body/corner reports govern. Not an automatic clearance waiver.
power,C0063,OFFSET_ENDPOINTS,/ARM_Q,F.Cu,"[44.5008, 28.956]","[""e8047520-245f-450b-b1e5-1041e6c65a86"", ""4313b1f3-553d-4c8f-b820-292bb28cf6a1""]","{""minimum_mm"": 0.044007272126320655}",Geometric hint only; trace UUID and native DRC/body/corner reports govern. Not an automatic clearance waiver.
power,C0064,NON_45,/W_SENSE,F.Cu,"[61.3664, 20.9296]","[""4ab0fd68-48e6-4471-bda4-187495e01ec3""]","{""delta_mm"": [0.6336000000000013, -1.3046000000000006]}",Geometric hint only; trace UUID and native DRC/body/corner reports govern. Not an automatic clearance waiver.
power,C0065,FOLDBACK,/W_SENSE,F.Cu,"[62.0, 19.625]","[""18248c10-3320-4ba9-9373-99698c1999fc"", ""4ab0fd68-48e6-4471-bda4-187495e01ec3""]","{""angle_degrees"": 25.904274333010818}",Geometric hint only; trace UUID and native DRC/body/corner reports govern. Not an automatic clearance waiver.
power,C0066,SHORT_SEGMENT,/W_SENSE,B.Cu,"[58.3184, 3.2512]","[""8d6f73ea-257f-4fab-a666-3973b868844c""]","{""length_mm"": 0.14368409793710477}",Geometric hint only; trace UUID and native DRC/body/corner reports govern. Not an automatic clearance waiver.
power,C0067,OFFSET_ENDPOINTS,/W_SENSE,B.Cu,"[58.2168, 3.3528]","[""8d6f73ea-257f-4fab-a666-3973b868844c"", ""65c53615-9765-49bc-af0a-90ba68e48c1d""]","{""minimum_mm"": 0.14368409793710477}",Geometric hint only; trace UUID and native DRC/body/corner reports govern. Not an automatic clearance waiver.
power,C0068,SHORT_SEGMENT,/W_SENSE,B.Cu,"[58.2168, 8.636]","[""c6ec2578-3a64-4a65-bc48-73f358b993f2""]","{""length_mm"": 0.1436840979371057}",Geometric hint only; trace UUID and native DRC/body/corner reports govern. Not an automatic clearance waiver.
power,C0069,OFFSET_ENDPOINTS,/W_SENSE,B.Cu,"[58.2168, 8.636]","[""c6ec2578-3a64-4a65-bc48-73f358b993f2"", ""4934c3b3-c18c-4811-a078-b7d90dc35c94""]","{""minimum_mm"": 0.1436840979371057}",Geometric hint only; trace UUID and native DRC/body/corner reports govern. Not an automatic clearance waiver.
power,C0070,OFFSET_ENDPOINTS,/W_SENSE,B.Cu,"[58.2168, 8.636]","[""ff2ebae0-c9b5-4927-9215-ad40393c706d"", ""4934c3b3-c18c-4811-a078-b7d90dc35c94""]","{""minimum_mm"": 0.1436840979371057}",Geometric hint only; trace UUID and native DRC/body/corner reports govern. Not an automatic clearance waiver.
power,C0071,OFFSET_ENDPOINTS,/W_SENSE,B.Cu,"[58.2168, 3.3528]","[""ff2ebae0-c9b5-4927-9215-ad40393c706d"", ""65c53615-9765-49bc-af0a-90ba68e48c1d""]","{""minimum_mm"": 0.14368409793710477}",Geometric hint only; trace UUID and native DRC/body/corner reports govern. Not an automatic clearance waiver.
power,C0072,OFFSET_ENDPOINTS,/W_SENSE,B.Cu,"[58.2168, 3.3528]","[""ff2ebae0-c9b5-4927-9215-ad40393c706d"", ""8d6f73ea-257f-4fab-a666-3973b868844c""]","{""minimum_mm"": 0.14368409793710477}",Geometric hint only; trace UUID and native DRC/body/corner reports govern. Not an automatic clearance waiver.
power,C0073,OFFSET_ENDPOINTS,/W_SENSE,B.Cu,"[58.2168, 8.636]","[""ff2ebae0-c9b5-4927-9215-ad40393c706d"", ""c6ec2578-3a64-4a65-bc48-73f358b993f2""]","{""minimum_mm"": 0.1436840979371057}",Geometric hint only; trace UUID and native DRC/body/corner reports govern. Not an automatic clearance waiver.
power,C0074,OFFSET_ENDPOINTS,/H_OVSENSE,F.Cu,"[56.0832, 32.003999]","[""2bdad104-267a-4864-b750-bc005c901e6f"", ""191b6f3f-8238-41e9-a882-0322366453c5""]","{""minimum_mm"": 0.10159900000000022}",Geometric hint only; trace UUID and native DRC/body/corner reports govern. Not an automatic clearance waiver.
power,C0075,SHORT_SEGMENT,/H_OVSENSE,F.Cu,"[64.312799, 39.8272]","[""33fee06c-e0cf-4dce-93ba-79718e32cb8d""]","{""length_mm"": 0.1436840979371082}",Geometric hint only; trace UUID and native DRC/body/corner reports govern. Not an automatic clearance waiver.
power,C0076,NON_45,/H_OVSENSE,F.Cu,"[69.088, 35.1536]","[""3afd7c83-099e-416c-be7e-8c0108591fde""]","{""delta_mm"": [0.6096000000000004, 1.6255990000000011]}",Geometric hint only; trace UUID and native DRC/body/corner reports govern. Not an automatic clearance waiver.
power,C0077,OFFSET_ENDPOINTS,/H_OVSENSE,F.Cu,"[64.312799, 39.8272]","[""43239ed0-769a-49bc-8271-745a65a87580"", ""33fee06c-e0cf-4dce-93ba-79718e32cb8d""]","{""minimum_mm"": 0.1436840979371082}",Geometric hint only; trace UUID and native DRC/body/corner reports govern. Not an automatic clearance waiver.
power,C0078,SHORT_SEGMENT,/H_OVSENSE,F.Cu,"[56.184799, 32.003999]","[""59802687-1a6c-44c7-9ed1-e2d4f1e161df""]","{""length_mm"": 0.10159900000000022}",Geometric hint only; trace UUID and native DRC/body/corner reports govern. Not an automatic clearance waiver.
power,C0079,OFFSET_ENDPOINTS,/H_OVSENSE,F.Cu,"[56.0832, 32.003999]","[""59802687-1a6c-44c7-9ed1-e2d4f1e161df"", ""191b6f3f-8238-41e9-a882-0322366453c5""]","{""minimum_mm"": 0.10159900000000022}",Geometric hint only; trace UUID and native DRC/body/corner reports govern. Not an automatic clearance waiver.
power,C0080,OFFSET_ENDPOINTS,/H_OVSENSE,F.Cu,"[56.184799, 32.003999]","[""59802687-1a6c-44c7-9ed1-e2d4f1e161df"", ""2bdad104-267a-4864-b750-bc005c901e6f""]","{""minimum_mm"": 0.10159900000000022}",Geometric hint only; trace UUID and native DRC/body/corner reports govern. Not an automatic clearance waiver.
power,C0081,OFFSET_ENDPOINTS,/H_OVSENSE,F.Cu,"[69.1, 35.135]","[""7da3eaae-4095-4a5c-be88-72a669c990f0"", ""3afd7c83-099e-416c-be7e-8c0108591fde""]","{""minimum_mm"": 0.022135040094835703}",Geometric hint only; trace UUID and native DRC/body/corner reports govern. Not an automatic clearance waiver.
power,C0082,OFFSET_ENDPOINTS,/H_VM,F.Cu,"[69.725, 32.595]","[""859cc1fd-0ba2-4d34-acea-2b0e3631fc01"", ""5d7b7a6f-024c-4585-bbe6-6754ffc0dfc8""]","{""minimum_mm"": 0.12328243833166136}",Geometric hint only; trace UUID and native DRC/body/corner reports govern. Not an automatic clearance waiver.
power,C0083,OFFSET_ENDPOINTS,/H_VM,F.Cu,"[70.0, 31.699999]","[""a107f663-616b-41a5-9b8f-011a3674333c"", ""91e8ffd0-d164-4fb4-a634-187fa6a83c02""]","{""minimum_mm"": 0.0025298221281288076}",Geometric hint only; trace UUID and native DRC/body/corner reports govern. Not an automatic clearance waiver.
power,C0084,FOLDBACK,/H_VM,F.Cu,"[52.905, 37.375]","[""4f19586b-d8e5-4395-96cd-3ddcfd0b075f"", ""8efe39bf-862e-42f4-94bd-6739de04fba0""]","{""angle_degrees"": 45.00000000000001}",Geometric hint only; trace UUID and native DRC/body/corner reports govern. Not an automatic clearance waiver.
power,C0085,SHORT_SEGMENT,/H_VM,B.Cu,"[71.9328, 39.623999]","[""29a429a3-1671-48f9-ace6-acd861ee7b57""]","{""length_mm"": 0.20320100000000707}",Geometric hint only; trace UUID and native DRC/body/corner reports govern. Not an automatic clearance waiver.
power,C0086,SHORT_SEGMENT,/H_VM,B.Cu,"[65.6844, 39.623999]","[""5cfa2dd6-5a0f-485a-82de-0429edabf86f""]","{""length_mm"": 0.1524000000000001}",Geometric hint only; trace UUID and native DRC/body/corner reports govern. Not an automatic clearance waiver.
power,C0087,OFFSET_ENDPOINTS,/H_VM,B.Cu,"[65.8368, 39.623999]","[""763e0a8f-45b0-43a4-bbb8-2111c4e9e436"", ""5cfa2dd6-5a0f-485a-82de-0429edabf86f""]","{""minimum_mm"": 0.1524000000000001}",Geometric hint only; trace UUID and native DRC/body/corner reports govern. Not an automatic clearance waiver.
power,C0088,OFFSET_ENDPOINTS,/H_VM,B.Cu,"[71.6788, 39.623999]","[""8f239ff3-ca32-45cb-9506-b01836bd0948"", ""29a429a3-1671-48f9-ace6-acd861ee7b57""]","{""minimum_mm"": 0.05079899999999782}",Geometric hint only; trace UUID and native DRC/body/corner reports govern. Not an automatic clearance waiver.
power,C0089,OFFSET_ENDPOINTS,/H_VM,B.Cu,"[65.6844, 39.623999]","[""b0a72515-d85e-4c00-8ac6-5038eab6a3ec"", ""5cfa2dd6-5a0f-485a-82de-0429edabf86f""]","{""minimum_mm"": 0.1524000000000001}",Geometric hint only; trace UUID and native DRC/body/corner reports govern. Not an automatic clearance waiver.
power,C0090,OFFSET_ENDPOINTS,/H_VM,B.Cu,"[65.6844, 39.623999]","[""b0a72515-d85e-4c00-8ac6-5038eab6a3ec"", ""763e0a8f-45b0-43a4-bbb8-2111c4e9e436""]","{""minimum_mm"": 0.1524000000000001}",Geometric hint only; trace UUID and native DRC/body/corner reports govern. Not an automatic clearance waiver.
power,C0091,OFFSET_ENDPOINTS,/H_VM,B.Cu,"[71.6788, 39.623999]","[""d176571a-2bf3-490c-97b0-6c51001ff4fe"", ""29a429a3-1671-48f9-ace6-acd861ee7b57""]","{""minimum_mm"": 0.05079899999999782}",Geometric hint only; trace UUID and native DRC/body/corner reports govern. Not an automatic clearance waiver.
power,C0092,OFFSET_ENDPOINTS,/H_BRAKE_GATE,F.Cu,"[61.6712, 30.6832]","[""b0dc8e9c-feb9-4dfa-80a0-f2928eb272ea"", ""1134ad84-0972-4ceb-97d0-fddc0a45db61""]","{""minimum_mm"": 0.02539900000000017}",Geometric hint only; trace UUID and native DRC/body/corner reports govern. Not an automatic clearance waiver.
power,C0093,NON_45,/H_BRAKE_GATE,B.Cu,"[62.483999, 30.6832]","[""f6edc33a-ac02-4636-a43f-af00fb68edc5""]","{""delta_mm"": [-0.8127989999999983, 0.02539900000000017]}",Geometric hint only; trace UUID and native DRC/body/corner reports govern. Not an automatic clearance waiver.
power,C0094,OVERLAP_PARALLEL,/C5_VIN,F.Cu,"[24.9, 40.95]","[""30ba6c1d-460d-4189-b5a8-237c949d6c16"", ""08cdf530-28a8-4001-b264-61bc4c809196""]","{""separation_mm"": 0.4499999999999993, ""overlap_mm"": 0.29999999999999716}",Geometric hint only; trace UUID and native DRC/body/corner reports govern. Not an automatic clearance waiver.
power,C0095,NON_45,/C5_VIN,F.Cu,"[24.9, 42.824999]","[""ee922b16-177e-4abc-a2c5-6e89305d95c6""]","{""delta_mm"": [1.6000000000000014, 0.1000009999999989]}",Geometric hint only; trace UUID and native DRC/body/corner reports govern. Not an automatic clearance waiver.
power,C0096,NON_45,/C5_VIN,F.Cu,"[22.45, 40.775]","[""f5c04e49-aa15-41ab-9826-10c3ff5e3749""]","{""delta_mm"": [0.05000000000000071, 1.4500000000000028]}",Geometric hint only; trace UUID and native DRC/body/corner reports govern. Not an automatic clearance waiver.
power,C0097,FOLDBACK,/C5_VIN,F.Cu,"[22.45, 40.775]","[""00cc9aec-020a-4e42-852f-2dd2d259bded"", ""f5c04e49-aa15-41ab-9826-10c3ff5e3749""]","{""angle_degrees"": 43.025065989117884}",Geometric hint only; trace UUID and native DRC/body/corner reports govern. Not an automatic clearance waiver.
power,C0098,FOLDBACK,/C5_VIN,F.Cu,"[24.9, 40.95]","[""24362a95-1c09-4ddb-b846-f9ffb119913b"", ""30ba6c1d-460d-4189-b5a8-237c949d6c16""]","{""angle_degrees"": 45.00000000000001}",Geometric hint only; trace UUID and native DRC/body/corner reports govern. Not an automatic clearance waiver.
power,C0099,SHORT_SEGMENT,/C5_VIN,B.Cu,"[24.55, 41.8]","[""8bf33c55-e884-4250-bfa9-a5ccec734527""]","{""length_mm"": 0.14142135623731153}",Geometric hint only; trace UUID and native DRC/body/corner reports govern. Not an automatic clearance waiver.
power,C0100,OFFSET_ENDPOINTS,/C5_VIN,B.Cu,"[24.45, 41.9]","[""8bf33c55-e884-4250-bfa9-a5ccec734527"", ""7bb5ded4-befd-4e0d-a021-0041c27f25b3""]","{""minimum_mm"": 0.14142135623731153}",Geometric hint only; trace UUID and native DRC/body/corner reports govern. Not an automatic clearance waiver.
power,C0101,OFFSET_ENDPOINTS,/W_BUS,B.Cu,"[78.5368, 11.4808]","[""80160d36-a8b4-4e0b-a642-2be7b6ae69c4"", ""50597ed5-ad63-4f79-8a33-6af7a6ec1b24""]","{""minimum_mm"": 0.14368409793710948}",Geometric hint only; trace UUID and native DRC/body/corner reports govern. Not an automatic clearance waiver.
power,C0102,SHORT_SEGMENT,/W_BUS,B.Cu,"[78.4352, 21.6408]","[""891910c6-3dc7-4fc1-a313-08078996698b""]","{""length_mm"": 0.14368480504563005}",Geometric hint only; trace UUID and native DRC/body/corner reports govern. Not an automatic clearance waiver.
power,C0103,OFFSET_ENDPOINTS,/W_BUS,B.Cu,"[78.4352, 21.6408]","[""891910c6-3dc7-4fc1-a313-08078996698b"", ""80160d36-a8b4-4e0b-a642-2be7b6ae69c4""]","{""minimum_mm"": 0.14368480504563005}",Geometric hint only; trace UUID and native DRC/body/corner reports govern. Not an automatic clearance waiver.
power,C0104,OFFSET_ENDPOINTS,/W_BUS,B.Cu,"[77.9272, 36.474399]","[""9d3d6342-1d5c-457e-abba-967801c03e79"", ""8733a440-8ab9-4d95-87f1-db9e539aaa4d""]","{""minimum_mm"": 0.14368480504563258}",Geometric hint only; trace UUID and native DRC/body/corner reports govern. Not an automatic clearance waiver.
power,C0105,SHORT_SEGMENT,/W_BUS,B.Cu,"[77.8256, 36.576]","[""a9a35c24-1156-4079-be2d-74d0ec95f807""]","{""length_mm"": 0.14368480504563258}",Geometric hint only; trace UUID and native DRC/body/corner reports govern. Not an automatic clearance waiver.
power,C0106,OFFSET_ENDPOINTS,/W_BUS,B.Cu,"[77.9272, 36.474399]","[""a9a35c24-1156-4079-be2d-74d0ec95f807"", ""8733a440-8ab9-4d95-87f1-db9e539aaa4d""]","{""minimum_mm"": 0.14368480504563258}",Geometric hint only; trace UUID and native DRC/body/corner reports govern. Not an automatic clearance waiver.
power,C0107,OFFSET_ENDPOINTS,/W_BUS,B.Cu,"[77.8256, 36.576]","[""a9a35c24-1156-4079-be2d-74d0ec95f807"", ""9d3d6342-1d5c-457e-abba-967801c03e79""]","{""minimum_mm"": 0.14368480504563258}",Geometric hint only; trace UUID and native DRC/body/corner reports govern. Not an automatic clearance waiver.
power,C0108,OFFSET_ENDPOINTS,/W_BUS,B.Cu,"[78.4352, 21.6408]","[""dd1875db-9f68-41db-bf97-46271504fd02"", ""80160d36-a8b4-4e0b-a642-2be7b6ae69c4""]","{""minimum_mm"": 0.14368480504563005}",Geometric hint only; trace UUID and native DRC/body/corner reports govern. Not an automatic clearance waiver.
power,C0109,OFFSET_ENDPOINTS,/W_BUS,B.Cu,"[78.4352, 21.6408]","[""dd1875db-9f68-41db-bf97-46271504fd02"", ""891910c6-3dc7-4fc1-a313-08078996698b""]","{""minimum_mm"": 0.14368480504563005}",Geometric hint only; trace UUID and native DRC/body/corner reports govern. Not an automatic clearance waiver.
power,C0110,SHORT_SEGMENT,/W_BUS,B.Cu,"[78.5368, 11.4808]","[""e8bc0f41-874c-48c8-ab13-14ef95d7665a""]","{""length_mm"": 0.14368409793710948}",Geometric hint only; trace UUID and native DRC/body/corner reports govern. Not an automatic clearance waiver.
power,C0111,OFFSET_ENDPOINTS,/W_BUS,B.Cu,"[78.5368, 11.4808]","[""e8bc0f41-874c-48c8-ab13-14ef95d7665a"", ""50597ed5-ad63-4f79-8a33-6af7a6ec1b24""]","{""minimum_mm"": 0.14368409793710948}",Geometric hint only; trace UUID and native DRC/body/corner reports govern. Not an automatic clearance waiver.
power,C0112,OFFSET_ENDPOINTS,/W_BUS,B.Cu,"[78.4352, 11.3792]","[""e8bc0f41-874c-48c8-ab13-14ef95d7665a"", ""80160d36-a8b4-4e0b-a642-2be7b6ae69c4""]","{""minimum_mm"": 0.14368409793710948}",Geometric hint only; trace UUID and native DRC/body/corner reports govern. Not an automatic clearance waiver.
power,C0113,OFFSET_ENDPOINTS,/W_VM,F.Cu,"[62.0776, 17.3736]","[""93ef1ac8-b1e6-4156-9cc6-6b17e20dc15d"", ""5c65416d-fa57-4de1-bfec-90ae1b0a3c1c""]","{""minimum_mm"": 0.12768602116128394}",Geometric hint only; trace UUID and native DRC/body/corner reports govern. Not an automatic clearance waiver.
power,C0114,OFFSET_ENDPOINTS,/W_VM,F.Cu,"[65.532, 22.86]","[""bcd7d38b-84f9-411b-8fd7-e9071ea59099"", ""a654dc7a-095b-4673-9a6c-321fd43ae688""]","{""minimum_mm"": 0.0567965738491328}",Geometric hint only; trace UUID and native DRC/body/corner reports govern. Not an automatic clearance waiver.
power,C0115,OFFSET_ENDPOINTS,/W_VM,F.Cu,"[65.532, 22.86]","[""bcd7d38b-84f9-411b-8fd7-e9071ea59099"", ""b03dfe20-21fc-4452-95aa-d0a6630c194e""]","{""minimum_mm"": 0.0567965738491328}",Geometric hint only; trace UUID and native DRC/body/corner reports govern. Not an automatic clearance waiver.
power,C0116,OFFSET_ENDPOINTS,/W_VM,F.Cu,"[56.375, 10.595]","[""c855a017-1310-432a-bc70-b9018e8211fb"", ""270b68a8-0a36-4a25-a418-0e5bec08d88c""]","{""minimum_mm"": 0.025726251184343615}",Geometric hint only; trace UUID and native DRC/body/corner reports govern. Not an automatic clearance waiver.
power,C0117,NON_45,/W_VM,B.Cu,"[68.1736, 18.1864]","[""6a470c60-34fa-4b40-ba69-7cb521f11136""]","{""delta_mm"": [-0.2685999999999922, 0.013600000000000279]}",Geometric hint only; trace UUID and native DRC/body/corner reports govern. Not an automatic clearance waiver.
power,C0118,SHORT_SEGMENT,/W_VM,B.Cu,"[61.976, 16.8656]","[""7479da2b-b3fa-4904-9b44-e308d9196497""]","{""length_mm"": 0.1436840979371032}",Geometric hint only; trace UUID and native DRC/body/corner reports govern. Not an automatic clearance waiver.
power,C0119,OFFSET_ENDPOINTS,/W_VM,B.Cu,"[69.8928, 16.5]","[""a46618b0-8976-40ae-a341-aa2693d3edeb"", ""8c7ee716-2aaa-45c9-8604-06b3e988db32""]","{""minimum_mm"": 0.04157691667259881}",Geometric hint only; trace UUID and native DRC/body/corner reports govern. Not an automatic clearance waiver.
power,C0120,OFFSET_ENDPOINTS,/W_VM,B.Cu,"[69.8928, 16.5]","[""c38bd671-ad54-4a29-b525-fd4dac1656e0"", ""8c7ee716-2aaa-45c9-8604-06b3e988db32""]","{""minimum_mm"": 0.04157691667259881}",Geometric hint only; trace UUID and native DRC/body/corner reports govern. Not an automatic clearance waiver.
power,C0121,OFFSET_ENDPOINTS,/W_VM,B.Cu,"[62.0776, 16.764]","[""ce18f77a-3112-426f-aa08-a24981e4c566"", ""7479da2b-b3fa-4904-9b44-e308d9196497""]","{""minimum_mm"": 0.1436840979371057}",Geometric hint only; trace UUID and native DRC/body/corner reports govern. Not an automatic clearance waiver.
power,C0122,OFFSET_ENDPOINTS,/W_VM,B.Cu,"[62.0776, 16.764]","[""cf98fe77-fd23-43c4-8c01-1f09cbf823ee"", ""7479da2b-b3fa-4904-9b44-e308d9196497""]","{""minimum_mm"": 0.1436840979371057}",Geometric hint only; trace UUID and native DRC/body/corner reports govern. Not an automatic clearance waiver.
power,C0123,NON_45,/H_DUMP_D,F.Cu,"[65.0, 50.0]","[""3ae95368-2e5e-43e6-a75a-f2184f466547""]","{""delta_mm"": [-3.125601000000003, -0.01279999999999859]}",Geometric hint only; trace UUID and native DRC/body/corner reports govern. Not an automatic clearance waiver.
power,C0124,FOLDBACK,/W_REF,F.Cu,"[58.5216, 12.5984]","[""6a3306fa-dc42-4871-9181-7a902d753929"", ""d485bc51-cf8c-4be9-b781-cdbd089dbde1""]","{""angle_degrees"": 45.00002563341321}",Geometric hint only; trace UUID and native DRC/body/corner reports govern. Not an automatic clearance waiver.
power,C0125,OFFSET_ENDPOINTS,/FAULT_N,B.Cu,"[47.1932, 30.988]","[""5e33e18b-74e1-4fea-a47d-815062b4fc55"", ""3c1459b5-418e-4215-8f4a-74f4a9f71109""]","{""minimum_mm"": 0.050800999999999874}",Geometric hint only; trace UUID and native DRC/body/corner reports govern. Not an automatic clearance waiver.
power,C0126,SHORT_SEGMENT,/FAULT_N,B.Cu,"[66.4464, 20.0152]","[""ddc24603-87c6-4a7b-87c3-65e79d4ca28f""]","{""length_mm"": 0.14368409794406795}",Geometric hint only; trace UUID and native DRC/body/corner reports govern. Not an automatic clearance waiver.
power,C0127,NON_45,/FAULT_N,B.Cu,"[66.6242, 18.2626]","[""e34be0c0-eb2b-4d16-8642-7abc64a3c392""]","{""delta_mm"": [-0.17780000000000484, 1.752600000000001]}",Geometric hint only; trace UUID and native DRC/body/corner reports govern. Not an automatic clearance waiver.
power,C0128,OFFSET_ENDPOINTS,/FAULT_N,B.Cu,"[66.4464, 20.0152]","[""e34be0c0-eb2b-4d16-8642-7abc64a3c392"", ""ddc24603-87c6-4a7b-87c3-65e79d4ca28f""]","{""minimum_mm"": 0.14368409794406795}",Geometric hint only; trace UUID and native DRC/body/corner reports govern. Not an automatic clearance waiver.
power,C0129,OFFSET_ENDPOINTS,/FAULT_N,B.Cu,"[66.344799, 20.116799]","[""eecdac62-b268-4abf-a39a-b50e058c73ca"", ""ddc24603-87c6-4a7b-87c3-65e79d4ca28f""]","{""minimum_mm"": 0.14368409794406795}",Geometric hint only; trace UUID and native DRC/body/corner reports govern. Not an automatic clearance waiver.
power,C0130,OFFSET_ENDPOINTS,/FAULT_N,B.Cu,"[66.344799, 20.116799]","[""eecdac62-b268-4abf-a39a-b50e058c73ca"", ""e34be0c0-eb2b-4d16-8642-7abc64a3c392""]","{""minimum_mm"": 0.14368409794406795}",Geometric hint only; trace UUID and native DRC/body/corner reports govern. Not an automatic clearance waiver.
power,C0131,NON_45,/H_REF,F.Cu,"[65.024, 37.388799]","[""0aa2d2bd-b4c4-4418-abc8-a2bd395e8dcf""]","{""delta_mm"": [1.524000000000001, 0.30480100000000476]}",Geometric hint only; trace UUID and native DRC/body/corner reports govern. Not an automatic clearance waiver.
power,C0132,NON_45,/H_REF,F.Cu,"[60.1472, 29.8704]","[""9e80e96f-4b88-41c7-b865-f16409e0745a""]","{""delta_mm"": [-0.709699999999998, 3.079600000000003]}",Geometric hint only; trace UUID and native DRC/body/corner reports govern. Not an automatic clearance waiver.
power,C0133,OFFSET_ENDPOINTS,/H_REF,F.Cu,"[59.436, 29.1592]","[""bffbd910-a0c0-4cf3-9fde-96df6b42ca49"", ""8fb295fc-836a-41a7-bd96-81fdebb08b25""]","{""minimum_mm"": 0.046725083210197554}",Geometric hint only; trace UUID and native DRC/body/corner reports govern. Not an automatic clearance waiver.
power,C0134,OFFSET_ENDPOINTS,/H_GATE_LOW,F.Cu,"[49.825, 39.0]","[""35f44dcf-6744-45a9-bee8-4d6281684cb2"", ""25caa5fd-d24c-4684-a7d3-cafe359abf8c""]","{""minimum_mm"": 0.04345493298809982}",Geometric hint only; trace UUID and native DRC/body/corner reports govern. Not an automatic clearance waiver.
power,C0135,SHORT_SEGMENT,/H_GATE_LOW,B.Cu,"[48.4632, 31.9024]","[""013a57a5-5816-4b3c-bfb3-5170600f6642""]","{""length_mm"": 0.14368409794406795}",Geometric hint only; trace UUID and native DRC/body/corner reports govern. Not an automatic clearance waiver.
power,C0136,OFFSET_ENDPOINTS,/H_GATE_LOW,B.Cu,"[48.4632, 31.9024]","[""a174f0ef-172e-44b9-9d75-0eb0a92e496d"", ""013a57a5-5816-4b3c-bfb3-5170600f6642""]","{""minimum_mm"": 0.14368409794406795}",Geometric hint only; trace UUID and native DRC/body/corner reports govern. Not an automatic clearance waiver.
power,C0137,OFFSET_ENDPOINTS,/H_GATE_LOW,B.Cu,"[48.361599, 32.003999]","[""f060a467-cee8-4cb9-9ba1-56834f33d70d"", ""013a57a5-5816-4b3c-bfb3-5170600f6642""]","{""minimum_mm"": 0.14368409794406795}",Geometric hint only; trace UUID and native DRC/body/corner reports govern. Not an automatic clearance waiver.
power,C0138,OFFSET_ENDPOINTS,/H_GATE_LOW,B.Cu,"[48.361599, 32.003999]","[""f060a467-cee8-4cb9-9ba1-56834f33d70d"", ""a174f0ef-172e-44b9-9d75-0eb0a92e496d""]","{""minimum_mm"": 0.14368409794406795}",Geometric hint only; trace UUID and native DRC/body/corner reports govern. Not an automatic clearance waiver.
power,C0139,SHORT_SEGMENT,/H_GATE,F.Cu,"[48.666399, 31.9024]","[""06593d68-4f8b-4bde-8543-63147fd731e0""]","{""length_mm"": 0.2031989999999979}",Geometric hint only; trace UUID and native DRC/body/corner reports govern. Not an automatic clearance waiver.
power,C0140,SHORT_SEGMENT,/H_SENSE,F.Cu,"[59.436, 34.6456]","[""8828f9fb-7e28-4563-8211-87c7a5b0ccef""]","{""length_mm"": 0.2031989999999979}",Geometric hint only; trace UUID and native DRC/body/corner reports govern. Not an automatic clearance waiver.
power,C0141,OFFSET_ENDPOINTS,/CURRENT_ADC,F.Cu,"[48.4632, 41.4528]","[""dfefd931-c6c9-4237-b95f-988572230ebe"", ""2ad45450-e94b-4070-98e2-e1ac3556daab""]","{""minimum_mm"": 0.05679612662849575}",Geometric hint only; trace UUID and native DRC/body/corner reports govern. Not an automatic clearance waiver.
power,C0142,SHORT_SEGMENT,/M5_EN,F.Cu,"[6.604, 37.2872]","[""971ce48b-5f26-40b6-9380-416b9e0967c4""]","{""length_mm"": 0.1436833908320656}",Geometric hint only; trace UUID and native DRC/body/corner reports govern. Not an automatic clearance waiver.
power,C0143,OFFSET_ENDPOINTS,/M5_EN,F.Cu,"[6.604, 37.2872]","[""971ce48b-5f26-40b6-9380-416b9e0967c4"", ""8ff44995-908c-4ae7-bb5c-d111c54dd902""]","{""minimum_mm"": 0.1436833908320656}",Geometric hint only; trace UUID and native DRC/body/corner reports govern. Not an automatic clearance waiver.
power,C0144,SHORT_SEGMENT,/WHEEL_ADC,F.Cu,"[35.15, 46.75]","[""5e458751-8ba1-4851-9df1-fecf284491e5""]","{""length_mm"": 0.21213203435596226}",Geometric hint only; trace UUID and native DRC/body/corner reports govern. Not an automatic clearance waiver.
power,C0145,SHORT_SEGMENT,/WHEEL_ADC,B.Cu,"[20.5, 40.5]","[""751cd51d-bdf7-42db-b94a-b0a2e1695218""]","{""length_mm"": 0.20000000000000284}",Geometric hint only; trace UUID and native DRC/body/corner reports govern. Not an automatic clearance waiver.
power,C0146,SHORT_SEGMENT,/WHEEL_ADC,B.Cu,"[20.6, 40.4]","[""7b686ce7-bd17-45a4-8b77-ea707913ea91""]","{""length_mm"": 0.14142135623731153}",Geometric hint only; trace UUID and native DRC/body/corner reports govern. Not an automatic clearance waiver.
power,C0147,OFFSET_ENDPOINTS,/WHEEL_ADC,B.Cu,"[20.6, 40.4]","[""7b686ce7-bd17-45a4-8b77-ea707913ea91"", ""751cd51d-bdf7-42db-b94a-b0a2e1695218""]","{""minimum_mm"": 0.14142135623731153}",Geometric hint only; trace UUID and native DRC/body/corner reports govern. Not an automatic clearance waiver.
power,C0148,NON_45,/WHEEL_ADC,B.Cu,"[19.1008, 19.304]","[""cd029717-9c4e-41ad-a9c2-929700746492""]","{""delta_mm"": [2.8992000000000004, 2.896000000000001]}",Geometric hint only; trace UUID and native DRC/body/corner reports govern. Not an automatic clearance waiver.
power,C0149,OFFSET_ENDPOINTS,/WHEEL_ADC,B.Cu,"[20.6, 40.4]","[""de522c87-4a25-4ded-a4eb-7a90873fc5c7"", ""751cd51d-bdf7-42db-b94a-b0a2e1695218""]","{""minimum_mm"": 0.14142135623731153}",Geometric hint only; trace UUID and native DRC/body/corner reports govern. Not an automatic clearance waiver.
power,C0150,OFFSET_ENDPOINTS,/WHEEL_ADC,B.Cu,"[20.6, 40.4]","[""de522c87-4a25-4ded-a4eb-7a90873fc5c7"", ""7b686ce7-bd17-45a4-8b77-ea707913ea91""]","{""minimum_mm"": 0.14142135623731153}",Geometric hint only; trace UUID and native DRC/body/corner reports govern. Not an automatic clearance waiver.
