scenario,pitch_deg,yaw_deg,cable_friction_Nm,acceleration_rad_s2,total_pitch_Nm,vendor_2020_A0_rated_Nm_at6V,conservative_4p8V_rated_Nm,rated_ratio,total_yaw_Nm_at_up_to_10deg_body_lean,yaw_rated_ratio,version_match
light,-20,-60,0.01,5,0.013721697948846309,0.073549875,0.063743225,4.645432747290535,0.01139201414375838,5.59543064076378,NOT_TESTED
light,-20,-60,0.04,5,0.04372169794884631,0.073549875,0.063743225,1.4579311415256233,0.04139201414375838,1.5399884813194582,NOT_TESTED
light,0,0,0.01,5,0.01161133958062405,0.073549875,0.063743225,5.489739108687244,0.01192074362431663,5.347252403782331,NOT_TESTED
light,0,0,0.04,5,0.04161133958062405,0.073549875,0.063743225,1.5318714956651254,0.04192074362431663,1.5205652259237352,NOT_TESTED
light,25,60,0.01,5,0.015351227276064375,0.073549875,0.063743225,4.152321104605649,0.01188220714083893,5.364594661956001,NOT_TESTED
light,25,60,0.04,5,0.045351227276064374,0.073549875,0.063743225,1.4055457553988318,0.04188220714083893,1.5219643221200874,NOT_TESTED
nominal,-20,-60,0.01,5,0.014962263931795079,0.073549875,0.063743225,4.260266046005545,0.011788490854992869,5.407242180876982,NOT_TESTED
nominal,-20,-60,0.04,5,0.04496226393179508,0.073549875,0.063743225,1.4177049691424448,0.041788490854992866,1.5253775308897999,NOT_TESTED
nominal,0,0,0.01,5,0.012148452774165404,0.073549875,0.063743225,5.247024142494487,0.012383455388025662,5.147450610726738,NOT_TESTED
nominal,0,0,0.04,5,0.0421484527741654,0.073549875,0.063743225,1.5123502953131167,0.04238345538802566,1.503964799859357,NOT_TESTED
nominal,25,60,0.01,5,0.017134969701419166,0.073549875,0.063743225,3.7200663970080208,0.01258035995569262,5.066884033883001,NOT_TESTED
nominal,25,60,0.04,5,0.047134969701419165,0.073549875,0.063743225,1.3523552768525655,0.04258035995569262,1.497010008048983,NOT_TESTED
heavy,-20,-60,0.01,5,0.016699056307923354,0.073549875,0.063743225,3.817175283716791,0.012488750610543409,5.104051396957667,NOT_TESTED
heavy,-20,-60,0.04,5,0.046699056307923356,0.073549875,0.063743225,1.3649788676604324,0.04248875061054341,1.500237688424342,NOT_TESTED
heavy,0,0,0.01,5,0.012900411245123297,0.073549875,0.063743225,4.941177749205217,0.013031251857218302,4.891565729710857,NOT_TESTED
heavy,0,0,0.04,5,0.042900411245123296,0.073549875,0.063743225,1.4858418171281753,0.0430312518572183,1.4813239738296704,NOT_TESTED
heavy,25,60,0.01,5,0.019632209096915883,0.073549875,0.063743225,3.246869707088324,0.013557773896487787,4.701599649520119,NOT_TESTED
heavy,25,60,0.04,5,0.04963220909691588,0.073549875,0.063743225,1.2843116629269877,0.04355777389648779,1.4634178769438866,NOT_TESTED
