revision,id,category,purpose,quantity,quantity_unit,full_model,board_revision,specification,interface,source_ids,source_date,data_status,dimensions_mm,mass_g,mass_tolerance_g,shaft_hole_interface,connector_clearance_mm,mechanical_contract_keys,mounting_release,purchase_channel,purchase_option,unit_price_cny,currency,quote_date,stock_status,stock_quantity,tax_basis,shipping_basis,confirmation_status,selection_status,included_in,alternative_model,readaptation_requirement,missing,notes,ratings,subtotal_cny,price_status,exact_variant_match,procurement_evidence,schematic_references,included_components,source_urls,source_local_paths
V1.2-H0.5-P5R4,wheel_servo,actuator,左右轮执行器,2,piece,Unitree YS-342026-S288,,6.4–12.6 V；12 V空载16.5 rad/s；0.6 N·m为反向工况最大/堵转值,6 Mbps 8N1半双工TTL；集成驱动/双编码器,"[""HW12-U1"", ""HW12-U2"", ""HW12-U3""]",2026-09-22,VENDOR_DOCUMENTED,"{""vendor_axes"": ""W,H,D"", ""overall_whd"": [20, 34, 26], ""includes_plug_and_cable"": false}",19.5,,按原厂手册和结构独立承载轮轴方案校核；最终孔位未冻结,,"[""wheel_servo""]",False,,S288，不买J288；连接件与线材包含情况待核,,CNY,,UNKNOWN,,UNKNOWN,UNKNOWN；国内运费另列，不假设包邮,BLOCKED,PRIMARY_SPECIFIED_NOT_RELEASED,,,更换须重核供电、协议、包络、重量与成本；未授权自行改主路线,"[""国内精确规格价格/库存/税运"", ""连续扭矩-速度/温升曲线"", ""TTL阈值/方向释放/掉电状态"", ""固件版本与协议差异"", ""输出径向轴向承载与回差"", ""接插件净空""]",内驱不另购FOC板；反馈扭矩不证明有输出力矩传感器；最大扭矩不能设为无限时限幅。,"{""max_opposed_direction_stall_torque_Nm"": 0.6, ""continuous_torque_Nm"": null, ""no_load_speed_rad_s_at_12V"": 16.5, ""no_load_current_A_at_12V"": 0.27, ""standby_current_A_at_12V"": 0.05, ""nominal_gear_ratio"": 288.35, ""rotor_encoder_bits"": 15, ""output_angle_states"": 8192, ""quadrature_AB_multiplier"": null}",,UNCONFIRMED,,,,,,
V1.2-H0.5-P5R4,head_servo,actuator,yaw/pitch头部执行器,2,piece,FEETECH SCS0009,参考2020-11-23 A/0；采购修订未确认,6 V支路目标；并发峰值电流待核,独立半双工TTL 8N1；文档默认1 Mbps,"[""HW12-F1"", ""HW12-SPEC"", ""HW12-P2""]",2026-09-22,VENDOR_DOCUMENTED,"{""body_nominal"": [23.2, 12.1, 25.25], ""body_drawing"": [23.3, 12.1, 25.25], ""ear_span"": 32.5, ""ear_hole_pitch"": 28.5, ""ear_hole_diameter"": 2, ""output_total_depth"": 28.45, ""includes_plug_and_cable"": false}",13.2,1,20T/OD3.95；输出螺钉M2.0×4；5264-3P线15cm；1GND/2VCC/3TTL，观察方向待确认,,"[""yaw_servo"", ""pitch_servo""]",False,https://www.juxitech.com/zh-hant/collections/actuation/products/feetech-scs0009-serial-bus-servo,JuxiTech JX00099，网页型号FEETECH SCS0009；机械/电位器版本待核,103,CNY,2026-09-22,PUBLISHED_IN_STOCK,,UNKNOWN,UNKNOWN；国内运费另列，不假设包邮,BLOCKED_VARIANT_TAX_AND_SHIPPING,PRIMARY_SPECIFIED_NOT_RELEASED,,,更换须重核供电、协议、包络、重量与成本；未授权自行改主路线,"[""采购修订匹配/税运；国内103元型号报价已有"", ""保持电流/噪声/温升及原始A0连续额定的适用版本"", ""TTL阈值/寄存器与零点实测""]",文档位置300°/1024；位置/速度/负载/电压/温度回读尚未实测。名义23.2与图23.3冲突，不能冻结安装孔。 国内商家中国CNY页面显示103元/个、有货、深圳发货；网页编码器说明与旧原厂规格冲突，暂不据此采购。,"{""at6V"": {""rated_torque_Nm"": 0.073549875, ""rated_current_A"": 0.4, ""stall_torque_Nm"": 0.22555294999999997, ""stall_current_A"": 1.0, ""no_load_current_A"": 0.15}, ""at4p8V"": {""rated_torque_Nm"": 0.063743225, ""rated_current_A"": 0.3, ""stall_current_A"": 0.8}, ""position_feedback"": ""carbon potentiometer in2020A/0;300deg/1024, current sold revision not matched"", ""backlash_deg_documented_max"": 0.5}",206,PRIOR_RECORDED_QUOTE_RECHECK_REQUIRED,False,hardware/v1_2/procurement/SCS0009_JX00099_price_observation.json,,,,
V1.2-H0.5-P5R4,motion_mcu,controller,身体运动与本机保护,1,piece,WeAct STM32F4 64Pin CoreBoard V1.1 / STM32F412RET6,V1.1 2026-05-30; populated F412RET6 option,5V board input; local3.3V; 512KB flash /256KB SRAM; HSE8MHz -> SYSCLK96MHz proposed,USART1/2/6 + SPI1/EXTI0 + ADC1 + top SWD,"[""HW12-WEACT"", ""HW12-F412-RM"", ""HW12-F412-DS""]",2026-09-22,VENDOR_DOCUMENTED,"{""board_xy"": [41.6, 33.22], ""populated_height"": null, ""includes_cable"": false}",,,,,"[""motion_mcu""]",False,https://weactstudio.taobao.com/,64Pin V1.1 STM32F412RET6; not F411CEU6 BlackPill,,CNY,,UNKNOWN,,UNKNOWN,UNKNOWN；国内运费另列，不假设包邮,BLOCKED,EXPLICIT_ADAPTATION_PROTOTYPE,,,更换须重核供电、协议、包络、重量与成本；未授权自行改主路线,"[""国内所选规格报价与板修订"", ""完整堆叠高度/质量/插拔空间"", ""实物时钟与6Mbps物理链路""]",ADR-HW-V1_2-002.md; pinout/DMA frozen for prototype; no motor or application-count change.,,,UNCONFIRMED,,,"[""MORI_motion_P5R3:U100""]",,,
V1.2-H0.5-P5R4,body_imu,sensor,身体姿态反馈,1,piece,TDK ICM-42688-P / MORI_imu_P5R4 daughterboard,P5R4,"3.3V VDD/VDDIO; SPI1 initial6MHz, ODR1000Hz/DRDY timestamp target",SPI + DRDY/采集时间戳,"[""HW12-ICM"", ""HW12-PCB""]",2026-09-22,VENDOR_DOCUMENTED,"{""chip_xy"": [2.5, 3.0], ""designed_board_xy"": [20, 16], ""board_thickness"": 1.6, ""installed_height"": null}",,,,,"[""body_imu""]",False,,,,CNY,,UNKNOWN,,UNKNOWN,UNKNOWN；国内运费另列，不假设包邮,BLOCKED,PROTOTYPE_DISCRETE_IMU_BOARD,,,更换须重核供电、协议、包络、重量与成本；未授权自行改主路线,"[""最新量产手册/封装确认"", ""国内芯片报价与SMT打样"", ""轴向装配确认与数据延迟实测""]",本行只计ICM芯片；PCB、无源器件及贴装另列，不把整个子板与散件重复计价。LGA需回流服务，现有万用表/限流电源不是贴装设备。,,,UNCONFIRMED,,,"[""MORI_imu_P5R4:U1""]",,,
V1.2-H0.5-P5R4,interaction_cam,controller,头内交互主控、摄像头及板载音频,1,piece,Waveshare ESP32-S3-CAM-OV3660 / SKU33700,,系统稳压5 V输入；单节BAT口严禁接3S,ESP32-S3R8 16MB Flash/8MB PSRAM；OV3660 DVP；LCD QSPI；板载音频,"[""HW12-W1"", ""HW12-W2"", ""HW12-MECH-CAM33700_DRAWING""]",2026-09-22,VENDOR_DOCUMENTED,"{""board_width_mm"": 37, ""board_height_mm"": 37, ""mount_center_pitch_mm"": [32.6, 32.6], ""corner_radius_mm"": 2.25, ""hole_edge_offset_mm"": 2.2, ""mount_hole_diameter_mm"": null, ""pcb_thickness_mm"": null, ""populated_total_depth_mm"": null, ""usb_projection_mm"": null, ""microphone_coordinates_mm"": null, ""antenna_coordinates_mm"": null, ""mechanical_notes"": ""Board outline37x37, outer cornerR2.25 and four hole-center grid32.6x32.6 verified from official dimension image. Hole diameter, populated thickness, exact connector/mic/antenna positions are NOT documented. Y12mm remains clearly amber ALLOCATION ONLY; never reported as actual board thickness. No final CAM mount-hole diameter.""}",,,,,"[""cam_board""]",False,,,,CNY,,UNKNOWN,,UNKNOWN,UNKNOWN；国内运费另列，不假设包邮,BLOCKED,PRIMARY_SPECIFIED_NOT_RELEASED,,,更换须重核供电、协议、包络、重量与成本；未授权自行改主路线,"[""完整安装高度/孔径/净重/连接器麦克风天线位置"", ""DVP原装排线长度/接触面"", ""具体OV3660版国内价格"", ""相机+屏+音频压力测试""]",J11 UART与TF卡复用，首轮禁TF；CH32V003F4U6为板载I/O扩展辅助MCU。,,,UNCONFIRMED,,,,"[{""model"": ""OV3660"", ""quantity"": 1, ""role"": ""camera""}, {""model"": ""MEMS microphone"", ""quantity"": 2, ""role"": ""microphone""}, {""model"": ""ES7210"", ""quantity"": 1, ""role"": ""audio_adc""}, {""model"": ""ES8311"", ""quantity"": 1, ""role"": ""codec""}, {""model"": ""NS4150B"", ""quantity"": 1, ""role"": ""speaker_amplifier""}, {""model"": ""CH32V003F4U6"", ""quantity"": 1, ""role"": ""io_expander_not_application_mcu""}]",,
V1.2-H0.5-P5R4,display,display,黑底双眼圆屏,1,piece,Waveshare 1.85inch Touch LCD Module / SKU35079,,3.3/5 V模块输入；360×360；ST77916/CST816S,QSPI + I2C；18P FFC或15P端子,"[""HW12-W3"", ""HW12-MECH-LCD35079_STEP""]",2026-09-22,VENDOR_DOCUMENTED,"{""glass_outer_diameter_mm"": 55, ""active_diameter_mm"": 45.68, ""view_diameter_mm"": 46.08, ""glass_thickness_mm"": 0.7, ""pcb_thickness_mm"": 1.6, ""drawing_reference_total_depth_mm"": 9.1, ""cad_total_depth_mm"": 9.3500001, ""mount_thread"": ""3xM2"", ""drawing_hole_xz_from_screen_mm"": [[0, 21], [-14.85, -14.85], [14.85, -14.85]], ""cad_post_center_xz_from_screen_mm"": [[0, 20.94], [-14.84924240492, -14.90924240492], [14.84924240492, -14.90924240492]], ""thread_engagement_approved_mm"": null, ""mechanical_notes"": ""Official Rev1 STEP is imported1:1, including populated rear PCB, connector housings and three standoffs. No loose mating plug or FFC included. PDF9.1ref vs CAD9.35 and hole centers differ by up to0.06mm: retain STEP geometry, match physical revision before final print/hole freeze. Prior55x55 full-rectangle-only conflict is superseded by actual circular CAD shape.""}",,,,,"[""display""]",False,,,,CNY,,UNKNOWN,,UNKNOWN,UNKNOWN；国内运费另列，不假设包邮,BLOCKED,PRIMARY_SPECIFIED_NOT_RELEASED,,,更换须重核供电、协议、包络、重量与成本；未授权自行改主路线,"[""采购Rev1对应/净重"", ""STEP9.35与PDF9.1ref差异、孔位约0.06mm差异"", ""排线接触面/插拔净空与16–18脚定义"", ""所选SKU国内价格""]",替代旧H0.3的TDO2.1寸主选；显示跨度由53.28改45.68mm，按V1.2执行。,,,UNCONFIRMED,,,,,,
V1.2-H0.5-P5R4,speaker,audio,身体扬声器与音腔,1,piece,4Ω 3W配套扬声器（料号待选）,,阻抗4Ω、功率3W；实际音腔/热待验,NS4150B BTL J5，两线均不能接公共地,"[""HW12-W1"", ""HW12-W2""]",2026-09-22,ASSUMED,,,,,,"[""speaker""]",False,,,,CNY,,UNKNOWN,,UNKNOWN,UNKNOWN；国内运费另列，不假设包邮,BLOCKED,REQUIRED_UNSELECTED,,,更换须重核供电、协议、包络、重量与成本；未授权自行改主路线,"[""料号/带腔外形/重量/国内价格"", ""线长/功率/声学验证""]",,,,UNCONFIRMED,,,,,,
V1.2-H0.5-P5R4,battery,power,成品主电池,1,piece,成品3S 2200–2600mAh电池组（未选定）,,化学体系、额定/满充/截止/放电能力待选,保护/均衡/温度/插头分别核对,"[""HW12-SPEC""]",2026-09-22,ASSUMED,,,,,,"[""battery""]",False,,,,CNY,,UNKNOWN,,UNKNOWN,UNKNOWN；国内运费另列，不假设包邮,BLOCKED,REQUIRED_UNSELECTED,,,更换须重核供电、协议、包络、重量与成本；未授权自行改主路线,"[""型号/化学体系/厂家"", ""尺寸/重量/电流/保护/温度"", ""国内现货价格""]",若4.2V/cell，满充12.6V与S288上限重合；不焊裸电芯。,,,UNCONFIRMED,,,,,,
V1.2-H0.5-P5R4,battery_protection,power,电池保护/均衡/温度,1,set,与成品3S匹配方案；随包则合并价格，当前未知,,具体额定与采购规格未冻结,保护不等于充电或电源路径,"[""HW12-SPEC""]",2026-09-22,ASSUMED,,,,,,[],False,,,,CNY,,UNKNOWN,,UNKNOWN,UNKNOWN；国内运费另列，不假设包邮,BLOCKED,REQUIRED_UNSELECTED,,,更换须重核供电、协议、包络、重量与成本；未授权自行改主路线,"[""精确型号/价格/现货或加工报价"", ""相关额定、包络与连接器""]",,,,UNCONFIRMED,,,,,,
V1.2-H0.5-P5R4,usb_charge,power,USB-C及3S CC/CV充电,1,set,UNSELECTED finished3S USB-C CC/CV module,,具体额定与采购规格未冻结,不沿用BQ25887或CAM单节充电,"[""HW12-IP2326"", ""HW12-SPEC""]",2026-09-22,ASSUMED,,,,,,[],False,,,,CNY,,UNKNOWN,,UNKNOWN,UNKNOWN；国内运费另列，不假设包邮,BLOCKED,REQUIRED_UNSELECTED,,,更换须重核供电、协议、包络、重量与成本；未授权自行改主路线,"[""确切模块型号/修订/原理图/尺寸"", ""CC advertisement/input limit and ordinary5V behavior"", ""3S voltage accuracy/current/NTC and pack balance"", ""国内报价""]",后部P4仅提供USB-C、CC/ESD/保险和开关接口；外部3S充电/PD/温度/电源路径模块仍未选定，不能据接口PCB称充电完整。,,,UNCONFIRMED,,,,,,
V1.2-H0.5-P5R4,wheel_power,power,轮驱母线保护与回灌,1,set,Pololu D36V50F9 #4094 9V buck (engineering reference),,"9V5A typical,9.9–50Vinput; actual curve/thermal limit required",满电制动及BMS断开必须处理；TVS单独不够,"[""HW12-POL9""]",2026-09-22,ASSUMED,"{""xyz"": [25.4, 25.4, 9.525]}",7,,,,[],False,,,,CNY,,UNKNOWN,,UNKNOWN,UNKNOWN；国内运费另列，不假设包邮,BLOCKED,ENGINEERING_REFERENCE_CN_QUOTE_PENDING,,,更换须重核供电、协议、包络、重量与成本；未授权自行改主路线,"[""精确型号/价格/现货或加工报价"", ""相关额定、包络与连接器""]","P1 adds B540C blocking, switched output and rail-powered brake on separate power PCB. Do not mistake D24V50F9 for a real selected part.",,,UNCONFIRMED,,,,,,
V1.2-H0.5-P5R4,head_power,power,独立6V支路,1,set,Pololu D24V22F6 #2859,,6V nominal; output after blocking diode estimated5.21–6.04V,按两SCS0009并发连续与峰值核额定,"[""HW12-POL6""]",2026-09-22,ASSUMED,"{""xyz"": [17.8, 17.8, 8]}",2.3,,,,[],False,,,,CNY,,UNKNOWN,,UNKNOWN,UNKNOWN；国内运费另列，不假设包邮,BLOCKED,ENGINEERING_REFERENCE_CN_QUOTE_PENDING,,,更换须重核供电、协议、包络、重量与成本；未授权自行改主路线,"[""精确型号/价格/现货或加工报价"", ""相关额定、包络与连接器""]",Use4.8V head rated torque for conservative check; not a6V guarantee at servo pins.,,,UNCONFIRMED,,,,,,
V1.2-H0.5-P5R4,logic_power,power,运动/交互板载5V降压IC（两个独立支路）,2,set,TPS54302DDCR,P4 routed prototype; S3 buck circuit retained,4.5-28V input;400kHz;chip3A; system targets0.5A motion/1.5A CAM sustained,Board-local3S-to5V; MCU modules retain their own3.3V. No separate Pololu5V modules.,"[""HW12-S3-02""]",2026-09-22,VENDOR_DOCUMENTED,"{""package_envelope_xyz"": [2.9, 2.8, 1.1], ""note"": ""TI DDC0006A IC envelope only; not a converter-module or board envelope. H1.1max.""}",,,,,[],False,立创商城,C311983 / TPS54302DDCR,,CNY,,UNKNOWN,,UNKNOWN,UNKNOWN；国内运费另列，不假设包邮,CN_CATALOG_FOUND_QUOTE_PENDING,SELECTED_ROUTED_PROTOTYPE_NOT_BENCH_VALIDATED,,,更换须重核供电、协议、包络、重量与成本；未授权自行改主路线,"[""国内小批量结算价/库存"", ""实际模块并发电流"", ""纹波/瞬态/温升实测"", ""实际铜厚/纹波/瞬态/温升台架验证""]",Replaces the unpurchased Pololu D24V22F5 x2. No old module mass/envelope is reused. U60/U70. SLVSDG6C Rev C. 1GND 2SW 3VIN 4FB 5EN 6BOOT. EN internally pulled up; never tie EN to 3S VIN. 3A silicon rating is not the qualified harness/assembly rating.,,,UNCONFIRMED,,,"[""MORI_power_P5R3:U60"", ""MORI_power_P5R3:U70""]",,,
V1.2-H0.5-P5R4,lcd_cable,interface,屏幕FFC及必要转接,1,set,Waveshare LCD35079 supplied FFC18P 0.5mm 200mm same-side contacts,,具体额定与采购规格未冻结,CAM端TE未接；同针数不是插接批准,"[""HW12-SPEC""]",2026-09-22,ASSUMED,"{""pitch"": 0.5, ""positions"": 18, ""length"": 200}",,,,,[],False,,,,CNY,,UNKNOWN,,UNKNOWN,UNKNOWN；国内运费另列，不假设包邮,BLOCKED,VENDOR_PACKING_LIST; ASSEMBLY_DIRECTION_NOT_TESTED,,,更换须重核供电、协议、包络、重量与成本；未授权自行改主路线,"[""精确型号/价格/现货或加工报价"", ""相关额定、包络与连接器""]",Included in display package if actual order confirms; not counted as free without quote. Reconcile CAM connector mating orientation by continuity before energizing.,,,UNCONFIRMED,,,,,,
V1.2-H0.5-P5R4,user_button,control,已移除的外部功能按钮（保留历史条目）,0,set,C&K PTS645SL50SMTR92LFS candidate + printed cap,,具体额定与采购规格未冻结,normally-open dry contact to motion J6 /PC13; no MCU reset,"[""HW12-SPEC""]",2026-09-22,ASSUMED,,,,,,[],False,,,,CNY,,UNKNOWN,,UNKNOWN,UNKNOWN；国内运费另列，不假设包邮,NOT_APPLICABLE,NOT_APPLICABLE,,,更换须重核供电、协议、包络、重量与成本；未授权自行改主路线,"[""精确型号/价格/现货或加工报价"", ""相关额定、包络与连接器""]",M1.11明确移除独立外壳按钮；运动J6仅保留机内PC13维护输入，非RESET。未额外购买C&K按钮。,,,NOT_APPLICABLE,,,,,,
V1.2-H0.5-P5R4,physical_disable,control,后接口板双刀物理电源/禁驱开关,1,piece,SOFNG MS-202V-G3,P5,0.5A/30VDC catalog rating; low-current contacts only,"rear SW1; pole A controls power Q90 via10k, pole B opens motion J8 latch-clear loop","[""HW12-P4-CONNECTORS""]",2026-09-22,VENDOR_DOCUMENTED,"{""body_xyz"": [9.1, 3.5, 3.5], ""stem_mm"": 3, ""travel_mm"": 2, ""installed_envelope"": ""See hardware/v1_2/handoff/mechanical_P4.json""}",,,,,[],False,https://item.szlcsc.com/44278924.html,C42378287 / MS-202V-G3,,CNY,,UNKNOWN,,UNKNOWN,UNKNOWN；国内运费另列，不假设包邮,CN_CATALOG_FOUND_QUOTE_PENDING,REQUIRED_UNSELECTED,,,更换须重核供电、协议、包络、重量与成本；未授权自行改主路线,"[""样品万用表确认双刀状态/本地编号"", ""国内结算报价"", ""操作机构/外壳适配"", ""Q90浪涌/SOA/温升""]",主电流通过电源板Q90/Q1；小开关不承载电机电流。OFF会失去平衡；托架使用。故障恢复不得自动ARM。,,,UNCONFIRMED,,,"[""MORI_rear_P5R4:SW1""]",,,
V1.2-H0.5-P5R4,tyres,mechanical,轮胎,2,piece,Ø105×18轮胎/胎圈（机械要求，具体商品未选）,,具体额定与采购规格未冻结,按实际轮径算速度，抓地/重量待验,"[""HW12-SPEC""]",2026-09-22,ASSUMED,"{""mechanical_requirement_diameter"": 105, ""mechanical_requirement_width"": 18, ""vendor_envelope"": null}",,,,,[],False,,,,CNY,,UNKNOWN,,UNKNOWN,UNKNOWN；国内运费另列，不假设包邮,BLOCKED,REQUIRED_UNSELECTED,,,更换须重核供电、协议、包络、重量与成本；未授权自行改主路线,"[""精确型号/价格/现货或加工报价"", ""相关额定、包络与连接器""]",以当前config/geometry.json为机械尺寸来源；不是已核商品尺寸。不得采购旧Ø95胎后缩放硬件模型。,,,UNCONFIRMED,,,,,,
V1.2-H0.5-P5R4,wheel_couplers,mechanical,轮毂/轮轴/输出连接,2,piece,"M1.14 custom metal flanged shaft / double-D hub interface, candidate",,具体额定与采购规格未冻结,不把径向外力全部施加到舵机细轴,"[""HW12-SPEC""]",2026-09-22,ASSUMED,,,,,,[],False,,,,CNY,,UNKNOWN,,UNKNOWN,UNKNOWN；国内运费另列，不假设包邮,BLOCKED,REQUIRED_UNSELECTED,,,更换须重核供电、协议、包络、重量与成本；未授权自行改主路线,"[""精确型号/价格/现货或加工报价"", ""相关额定、包络与连接器""]",继承当前mechanical wheel_interface设计；两根定制钢轴/隔套及接口报价未取得，不是现成已购件。加工、公差、输出小孔螺钉、同轴度、强度与载荷试验尚未通过。,,,UNCONFIRMED,,,,,,
V1.2-H0.5-P5R4,wheel_bearings,mechanical,轮轴承,4,piece,686ZZ candidate; exact manufacturer/order suffix pending,,"M1.14/M1.15 wheel interface requires two686ZZ per wheel,6x13x5mm",两轴各两支撑的当前设计数量，型号/载荷待核,"[""HW12-SPEC""]",2026-09-22,ASSUMED,"{""mechanical_required_ID_OD_width"": [6.0, 13.0, 5.0], ""selected_vendor_confirmed"": false}",,,,,[],False,,,,CNY,,UNKNOWN,,UNKNOWN,UNKNOWN；国内运费另列，不假设包邮,BLOCKED,REQUIRED_UNSELECTED,,,更换须重核供电、协议、包络、重量与成本；未授权自行改主路线,"[""精确型号/价格/现货或加工报价"", ""相关额定、包络与连接器""]",替换旧4ID/10OD/4W占位要求；机械方案是尺寸需求，非本次实物/供应商确认。,,,UNCONFIRMED,,,,,,
V1.2-H0.5-P5R4,head_bearings,mechanical,头承载轴承套件,1,set,yaw32OD/20ID、pitch12OD/5ID试配方案,,具体额定与采购规格未冻结,具体型号/数量/公差按机械确认,"[""HW12-SPEC""]",2026-09-22,ASSUMED,,,,,,[],False,,,,CNY,,UNKNOWN,,UNKNOWN,UNKNOWN；国内运费另列，不假设包邮,BLOCKED,REQUIRED_UNSELECTED,,,更换须重核供电、协议、包络、重量与成本；未授权自行改主路线,"[""精确型号/价格/现货或加工报价"", ""相关额定、包络与连接器""]",,,,UNCONFIRMED,,,,,,
V1.2-H0.5-P5R4,carrier_pcb,fabrication,一次基础PCB打样,1,four-board prototype set,MORI_motion_P5R3 + MORI_imu_P5R4 + MORI_power_P5R3 + MORI_rear_P5R4,motion/power:P5R3; imu/rear:P5R4,motion70x35 four-layer; power80x55 four-layer70/35/35/70um nominal; IMU20x16 and rear24x25 two-layer; all1.6mm; supplier stack-up and quote pending,Native Edge.Cuts/holes/connectors in hardware/v1_2/handoff/mechanical_P3.json,"[""HW12-PCB""]",2026-09-22,ASSUMED,"{""motion_xy"": [70, 35], ""imu_xy"": [20, 16], ""power_xy"": [80, 55], ""board_thickness"": 1.6, ""power_thickness"": 1.6, ""full_installed_height"": null}",,,,,[],False,,,,CNY,,UNKNOWN,,UNKNOWN,UNKNOWN；国内运费另列，不假设包邮,BLOCKED,ROUTED_PROTOTYPE_NOT_RELEASED,,,更换须重核供电、协议、包络、重量与成本；未授权自行改主路线,"[""四板打样/贴装/铜厚的国内报价"", ""完整机械插合包络"", ""实机验证""]",P5原型四板。电源由2层升级4层以保证公共地回流；旧打样额度不是新叠层报价。完整插合尺寸与物理验证仍未完成。,,,UNCONFIRMED,,,,,,
V1.2-H0.5-P5R4,harness,assembly,高电流/跨轴/维护线束,1,set,额定线规/防呆端子/压接/应力释放待选,,具体额定与采购规格未冻结,大电流不走杜邦、面包板或显示FFC,"[""HW12-SPEC""]",2026-09-22,ASSUMED,,,,,,[],False,,,,CNY,,UNKNOWN,,UNKNOWN,UNKNOWN；国内运费另列，不假设包邮,BLOCKED,REQUIRED_UNSELECTED,,,更换须重核供电、协议、包络、重量与成本；未授权自行改主路线,"[""精确型号/价格/现货或加工报价"", ""相关额定、包络与连接器""]",按P4逐针线束表制作；线长及弯曲待机械交接。PH配对壳/端子单列，线材、XT30/XH对端、工厂转接及压接加工仍包含在本项，未免除费用。,,,UNCONFIRMED,,,,,,
V1.2-H0.5-P5R4,fasteners,assembly,紧固件/嵌件,1,set,机械装机套件待核量,,具体额定与采购规格未冻结,不假定已有,"[""HW12-SPEC""]",2026-09-22,ASSUMED,,,,,,[],False,,,,CNY,,UNKNOWN,,UNKNOWN,UNKNOWN；国内运费另列，不假设包邮,BLOCKED,REQUIRED_UNSELECTED,,,更换须重核供电、协议、包络、重量与成本；未授权自行改主路线,"[""精确型号/价格/现货或加工报价"", ""相关额定、包络与连接器""]",,,,UNCONFIRMED,,,,,,
V1.2-H0.5-P5R4,printing,fabrication,外壳/支架/托架打印材料,1,set,按机械体积/填充/损耗核量,,具体额定与采购规格未冻结,含必需维护托架和基础试打材料,"[""HW12-SPEC""]",2026-09-22,ASSUMED,,,,,,[],False,,,,CNY,,UNKNOWN,,UNKNOWN,UNKNOWN；国内运费另列，不假设包邮,BLOCKED,REQUIRED_UNSELECTED,,,更换须重核供电、协议、包络、重量与成本；未授权自行改主路线,"[""精确型号/价格/现货或加工报价"", ""相关额定、包络与连接器""]",,,,UNCONFIRMED,,,,,,
V1.2-H0.5-P5R4,shipping,logistics,国内运费,1,set,实际店铺合单/地址结算待核,,具体额定与采购规格未冻结,不假设包邮或运费券,"[""HW12-SPEC""]",2026-09-22,ASSUMED,,,,,,[],False,,,,CNY,,UNKNOWN,,UNKNOWN,UNKNOWN；国内运费另列，不假设包邮,BLOCKED,REQUIRED_UNSELECTED,,,更换须重核供电、协议、包络、重量与成本；未授权自行改主路线,"[""精确型号/价格/现货或加工报价"", ""相关额定、包络与连接器""]",,,,UNCONFIRMED,,,,,,
V1.2-H0.5-P5R4,usb_adapter,power,External USB-C adapter matched to charger input profile,1,set,UNSELECTED: dependent on qualified3S charger,,具体额定与采购规格未冻结,不沿用BQ25887或CAM单节充电,"[""HW12-IP2326"", ""HW12-SPEC""]",2026-09-22,ASSUMED,,,,,,[],False,,,,CNY,,UNKNOWN,,UNKNOWN,UNKNOWN；国内运费另列，不假设包邮,BLOCKED,BLOCKED_CHARGER_SELECTION,,,更换须重核供电、协议、包络、重量与成本；未授权自行改主路线,"[""确切模块型号/修订/原理图/尺寸"", ""CC advertisement/input limit and ordinary5V behavior"", ""3S voltage accuracy/current/NTC and pack balance"", ""国内报价""]","User owns no components; mandatory accessory cost retained as UNKNOWN, not zero.",,,UNCONFIRMED,,,,,,
V1.2-H0.5-P5R4,usb_charge_cable,power,USB-C charging cable matched to current/CC/PD profile,1,set,UNSELECTED: dependent on qualified3S charger,,具体额定与采购规格未冻结,不沿用BQ25887或CAM单节充电,"[""HW12-IP2326"", ""HW12-SPEC""]",2026-09-22,ASSUMED,,,,,,[],False,,,,CNY,,UNKNOWN,,UNKNOWN,UNKNOWN；国内运费另列，不假设包邮,BLOCKED,BLOCKED_CHARGER_SELECTION,,,更换须重核供电、协议、包络、重量与成本；未授权自行改主路线,"[""确切模块型号/修订/原理图/尺寸"", ""CC advertisement/input limit and ordinary5V behavior"", ""3S voltage accuracy/current/NTC and pack balance"", ""国内报价""]","User owns no components; mandatory accessory cost retained as UNKNOWN, not zero.",,,UNCONFIRMED,,,,,,
V1.2-H0.5-P5R4,p1_dump_wheel,power,wheel制动外置功率电阻,1,set,Vishay AC05000005608JAC00 candidate,,5.6ohm5W; pulse energy NOT_QUALIFIED,大电流不走杜邦、面包板或显示FFC,"[""HW12-PCB""]",2026-09-22,ASSUMED,,,,,,[],False,,,,CNY,,UNKNOWN,,UNKNOWN,UNKNOWN；国内运费另列，不假设包邮,BLOCKED,PULSE_CURVE_AND_CN_QUOTE_PENDING,,,更换须重核供电、协议、包络、重量与成本；未授权自行改主路线,"[""精确型号/价格/现货或加工报价"", ""相关额定、包络与连接器""]",Do not substitute5W nameplate for20W wheel pulse capability. Heat isolation and mounting external to crowded PCB required.,,,UNCONFIRMED,,,,,,
V1.2-H0.5-P5R4,p1_dump_head,power,head制动外置功率电阻,1,set,Vishay AC05000001009JAC00 candidate,,10ohm5W; pulse energy NOT_QUALIFIED,大电流不走杜邦、面包板或显示FFC,"[""HW12-PCB""]",2026-09-22,ASSUMED,,,,,,[],False,,,,CNY,,UNKNOWN,,UNKNOWN,UNKNOWN；国内运费另列，不假设包邮,BLOCKED,PULSE_CURVE_AND_CN_QUOTE_PENDING,,,更换须重核供电、协议、包络、重量与成本；未授权自行改主路线,"[""精确型号/价格/现货或加工报价"", ""相关额定、包络与连接器""]",Do not substitute5W nameplate for20W wheel pulse capability. Heat isolation and mounting external to crowded PCB required.,,,UNCONFIRMED,,,,,,
V1.2-H0.5-P5R4,p4_001,pcb_part,P4 PCB装配：MORI_power_P5R3:F60,1,piece,0451001.MRL,P5,1A / 125V / very fast,Fuse:Fuse_Littelfuse-NANO2-451_453,"[""HW12-S3-01""]",2026-09-23,ASSUMED,,,,,,[],False,立创商城/授权分销，精确SKU待核价,C3099,,CNY,,NOT_LIVE_CHECKOUT_CONFIRMED,,UNKNOWN,国内运费另列；未确认包邮,EXACT_QUOTE_PENDING,SELECTED_SCHEMATIC_ONLY,,,额定、引脚、封装、反馈公差和环路稳定性重新核对,"[""国内精确MPN小批量报价/库存"", ""封装与布局终审"", ""实板测试""]","Input branch fuse, not a fast electronic current limiter. Coordinate inrush, ambient derating and upstream 6.3A fuse on bench.",,,UNCONFIRMED,,,"[""MORI_power_P5R3:F60""]",,,
V1.2-H0.5-P5R4,p4_002,pcb_part,P4 PCB装配：MORI_power_P5R3:F70,1,piece,0451002.MRL,P5,2A / 125V / very fast,Fuse:Fuse_Littelfuse-NANO2-451_453,"[""HW12-S3-11""]",2026-09-23,ASSUMED,,,,,,[],False,立创商城/授权分销，精确SKU待核价,C99547,,CNY,,NOT_LIVE_CHECKOUT_CONFIRMED,,UNKNOWN,国内运费另列；未确认包邮,EXACT_QUOTE_PENDING,SELECTED_SCHEMATIC_ONLY,,,额定、引脚、封装、反馈公差和环路稳定性重新核对,"[""国内精确MPN小批量报价/库存"", ""封装与布局终审"", ""实板测试""]","Input branch fuse, not a fast electronic current limiter. Coordinate inrush, ambient derating and upstream 6.3A fuse on bench.",,,UNCONFIRMED,,,"[""MORI_power_P5R3:F70""]",,,
V1.2-H0.5-P5R4,p4_003,pcb_part,P4 PCB装配：MORI_rear_P5R4:F1,1,piece,045101.5MRL,P5,045101.5MRL / 1.5A,MORI_Custom:Littelfuse_451_6.1x2.69_P4__P3R1_F1,"[""HW12-P4""]",2026-09-23,ASSUMED,,,,MORI_Custom:Littelfuse_451_6.1x2.69_P4__P3R1_F1,,[],False,立创商城/淘宝授权店；未形成所选SKU结算证据,045101.5MRL,,CNY,,NOT_LIVE_CONFIRMED,,UNKNOWN,UNKNOWN；国内运费另列，不假设包邮,BLOCKED_QUOTE_AND_ASSEMBLY,PROTOTYPE_SELECTED_NOT_PURCHASED,,,封装/引脚/额定/公差不等同则重新适配,"[""国内精确SKU结算报价与库存"", ""实物/装配及电气验证""]",P4原生工程对应的器件；不能视为整机已核价。,,,UNCONFIRMED,,,"[""MORI_rear_P5R4:F1""]",,"[""https://www.littelfuse.com/assetdocs/fuse-451-and-453-datasheet?assetguid=533cd5cc-956c-4243-867f-6ab5a62f6ba1""]",[]
V1.2-H0.5-P5R4,p4_004,pcb_part,"P4 PCB装配：MORI_power_P5R3:JP60, MORI_power_P5R3:JP70",2,piece,61300211121,P5,SERVICE OFF / OPEN=ON,MORI_Custom:PinHeader_1x02_P2.54mm_Vertical__P3R1_JP70; MORI_Custom:PinHeader_1x02_P2.54mm_Vertical__P3_JP60__P3R1_JP60,"[""HW12-S3-10""]",2026-09-23,ASSUMED,,,,,,[],False,立创商城/授权分销，精确SKU待核价,61300211121,,CNY,,NOT_LIVE_CHECKOUT_CONFIRMED,,UNKNOWN,国内运费另列；未确认包邮,EXACT_QUOTE_PENDING,SELECTED_SCHEMATIC_ONLY,,,额定、引脚、封装、反馈公差和环路稳定性重新核对,"[""国内精确MPN小批量报价/库存"", ""封装与布局终审"", ""实板测试""]",Normally open header. Bridge 1-2 only in maintenance cradle to disable this one rail. Motion supply loss removes ARM and robot balance. No automatic MCU-controlled power cycling.,,,UNCONFIRMED,,,"[""MORI_power_P5R3:JP60"", ""MORI_power_P5R3:JP70""]",,,
V1.2-H0.5-P5R4,p4_005,pcb_part,"P4 PCB装配：MORI_power_P5R3:J1, MORI_power_P5R3:J2, MORI_power_P5R3:J3, MORI_power_P5R3:J4, MORI_power_P5R3:J5, MORI_power_P5R3:J11, MORI_power_P5R3:J12",7,piece,AMASS XT30UPB-M,P5,HEAD BUCK 6V RETURN; HEAD BUCK VIN; HEAD DUMP 10R EXTERNAL; PACK AFTER 6.3A FUSE; WHEEL BUCK 9V RETURN; WHEEL BUCK VIN; WHEEL DUMP 5R6 EXTERNAL,Connector_AMASS:AMASS_XT30UPB-M_1x02_P5.0mm_Vertical; MORI_Custom:AMASS_XT30UPB-M_1x02_P5.0mm_Vertical__P2_J12__P3R1_J12; MORI_Custom:AMASS_XT30UPB-M_1x02_P5.0mm_Vertical__P2_J4__P3_J4__P3R1_J4; MORI_Custom:AMASS_XT30UPB-M_1x02_P5.0mm_Vertical__P2_J5__P3_J5; MORI_Custom:AMASS_XT30UPB-M_1x02_P5.0mm_Vertical__P3R1_J3; MORI_Custom:AMASS_XT30UPB-M_1x02_P5.0mm_Vertical__P3_J1; MORI_Custom:AMASS_XT30UPB-M_1x02_P5.0mm_Vertical__P3_J2__P3R1_J2,"[""HW12-PCB""]",2026-09-23,ASSUMED,"{""package_footprint"": ""Connector_AMASS:AMASS_XT30UPB-M_1x02_P5.0mm_Vertical""}",,,Connector_AMASS:AMASS_XT30UPB-M_1x02_P5.0mm_Vertical,,[],False,立创商城/淘宝授权店；未形成所选SKU结算证据,AMASS XT30UPB-M,,CNY,,UNKNOWN,,UNKNOWN,UNKNOWN；国内运费另列，不假设包邮,BLOCKED_QUOTE_AND_ASSEMBLY,KICAD_LIBRARY_FOOTPRINT; MATCH_VENDOR_AND_MATE,,,封装/引脚/额定/公差不等同则重新适配,"[""国内精确MPN小批量价格、库存、税运""]",Native schematic/PCB BOM cross-reference; not a quote and not purchased.; J6 marked DNP in S3; previous P2 physical board remains unchanged.,,,UNCONFIRMED,,,"[""MORI_power_P5R3:J1"", ""MORI_power_P5R3:J2"", ""MORI_power_P5R3:J3"", ""MORI_power_P5R3:J4"", ""MORI_power_P5R3:J5"", ""MORI_power_P5R3:J11"", ""MORI_power_P5R3:J12""]",,,
V1.2-H0.5-P5R4,p4_006,pcb_part,"P4 PCB装配：MORI_power_P5R3:Q11, MORI_power_P5R3:Q31, MORI_power_P5R3:Q20, MORI_power_P5R3:Q40",4,piece,AO3400A,P5,AO3400A,Package_TO_SOT_SMD:SOT-23,"[""HW12-AOS-ao3400a""]",2026-09-23,VENDOR_DOCUMENTED,"{""package_footprint"": ""Package_TO_SOT_SMD:SOT-23""}",,,Package_TO_SOT_SMD:SOT-23,,[],False,立创商城/淘宝授权店；未形成所选SKU结算证据,AO3400A,,CNY,,UNKNOWN,,UNKNOWN,UNKNOWN；国内运费另列，不假设包邮,BLOCKED_QUOTE_AND_ASSEMBLY,EXACT_IC_VENDOR_PINMAP; CN_QUOTE_PENDING,,,封装/引脚/额定/公差不等同则重新适配,"[""国内精确MPN小批量价格、库存、税运""]",Native schematic/PCB BOM cross-reference; not a quote and not purchased.,,,UNCONFIRMED,,,"[""MORI_power_P5R3:Q11"", ""MORI_power_P5R3:Q31"", ""MORI_power_P5R3:Q20"", ""MORI_power_P5R3:Q40""]",,,
V1.2-H0.5-P5R4,p4_007,pcb_part,"P4 PCB装配：MORI_power_P5R3:Q1, MORI_power_P5R3:Q10, MORI_power_P5R3:Q30, MORI_power_P5R3:Q90",4,piece,AO4407A,P5,AO4407A,Package_SO:SOIC-8_3.9x4.9mm_P1.27mm,"[""HW12-AOS-ao4407a""]",2026-09-23,VENDOR_DOCUMENTED,"{""package_footprint"": ""Package_SO:SOIC-8_3.9x4.9mm_P1.27mm""}",,,Package_SO:SOIC-8_3.9x4.9mm_P1.27mm,,[],False,立创商城/淘宝授权店；未形成所选SKU结算证据,AO4407A,,CNY,,UNKNOWN,,UNKNOWN,UNKNOWN；国内运费另列，不假设包邮,BLOCKED_QUOTE_AND_ASSEMBLY,EXACT_IC_VENDOR_PINMAP; CN_QUOTE_PENDING,,,封装/引脚/额定/公差不等同则重新适配,"[""国内精确MPN小批量价格、库存、税运""]",Native schematic/PCB BOM cross-reference; not a quote and not purchased.,,,UNCONFIRMED,,,"[""MORI_power_P5R3:Q1"", ""MORI_power_P5R3:Q10"", ""MORI_power_P5R3:Q30"", ""MORI_power_P5R3:Q90""]",,,
V1.2-H0.5-P5R4,p4_008,pcb_part,"P4 PCB装配：MORI_motion_P5R3:J1, MORI_motion_P5R3:J2, MORI_motion_P5R3:J6, MORI_motion_P5R3:J8, MORI_power_P5R3:J13, MORI_power_P5R3:J15, MORI_power_P5R3:J16, MORI_power_P5R3:J17, MORI_power_P5R3:J19",9,piece,B2B-PH-K-S(LF)(SN),P5,CHARGE INTERLOCK; CHARGER RAW VBUS SENSE; INTERNAL SERVICE KEY; LATCHED ENABLE LOOP; MOTION 5V IN; MOTION 5V OUT / 1+ 2GND; REAR MASTER / 1RETURN 2GND; S288 DATA; S288 DATA ONLY,MORI_Custom:JST_PH_B2B-PH-K_1x02_P2.00mm_Vertical__P4_PH_ANNULUS; MORI_Custom:JST_PH_B2B-PH-K_1x02_P2.00mm_Vertical__P4_PH_ANNULUS__P3R1_J15; MORI_Custom:JST_PH_B2B-PH-K_1x02_P2.00mm_Vertical__P4_PH_ANNULUS__P3R1_J16; MORI_Custom:JST_PH_B2B-PH-K_1x02_P2.00mm_Vertical__P4_PH_ANNULUS__P3R1_J19,"[""HW12-P4-CONNECTORS""]",2026-09-23,VENDOR_DOCUMENTED,"{""bare_xyz"": [5.9, 4.5, 6], ""mated_height"": 8, ""mated_depth"": null, ""wire_bend"": null}",,,MORI_Custom:JST_PH_B2B-PH-K_1x02_P2.00mm_Vertical__P4_PH_ANNULUS; MORI_Custom:JST_PH_B2B-PH-K_1x02_P2.00mm_Vertical__P4_PH_ANNULUS__P3R1_J15; MORI_Custom:JST_PH_B2B-PH-K_1x02_P2.00mm_Vertical__P4_PH_ANNULUS__P3R1_J16; MORI_Custom:JST_PH_B2B-PH-K_1x02_P2.00mm_Vertical__P4_PH_ANNULUS__P3R1_J19,,[],False,https://item.szlcsc.com/142630.html,C131337 / B2B-PH-K-S(LF)(SN),,CNY,,NOT_LIVE_CONFIRMED,,UNKNOWN,UNKNOWN；国内运费另列，不假设包邮,CN_CATALOG_FOUND_QUOTE_PENDING,PROTOTYPE_SELECTED_NOT_PURCHASED,,,封装/引脚/额定/公差不等同则重新适配,"[""国内精确SKU结算报价与库存"", ""实物/装配及电气验证""]",厂商尺寸与国内目录料号已记录；库存、价格、线束和安装间隙未实测。,,,UNCONFIRMED,,,"[""MORI_motion_P5R3:J1"", ""MORI_motion_P5R3:J2"", ""MORI_motion_P5R3:J6"", ""MORI_motion_P5R3:J8"", ""MORI_power_P5R3:J13"", ""MORI_power_P5R3:J15"", ""MORI_power_P5R3:J16"", ""MORI_power_P5R3:J17"", ""MORI_power_P5R3:J19""]",,"[""https://www.jst-mfg.com/product/pdf/eng/ePH.pdf""]",[]
V1.2-H0.5-P5R4,p4_009,pcb_part,P4 PCB装配：MORI_power_P5R3:J18,1,piece,B2B-XH-A(LF)(SN),P5,CAM 5V OUT / 1+ 2GND,Connector_JST:JST_XH_B2B-XH-A_1x02_P2.50mm_Vertical,"[""HW12-S3-12""]",2026-09-23,ASSUMED,,,,,,[],False,立创商城/授权分销，精确SKU待核价,B2B-XH-A(LF)(SN),,CNY,,NOT_LIVE_CHECKOUT_CONFIRMED,,UNKNOWN,国内运费另列；未确认包邮,EXACT_QUOTE_PENDING,SELECTED_SCHEMATIC_ONLY,,,额定、引脚、封装、反馈公差和环路稳定性重新核对,"[""国内精确MPN小批量报价/库存"", ""封装与布局终审"", ""实板测试""]","To qualified CAM USB power pigtail, NOT BAT connector. Target1.5A sustained/2A peak. USB-C source/CC/polarity and cable resistance still require qualification. Disconnect robot5V for host USB.",,,UNCONFIRMED,,,"[""MORI_power_P5R3:J18""]",,,
V1.2-H0.5-P5R4,p4_010,pcb_part,"P4 PCB装配：MORI_motion_P5R3:J3, MORI_power_P5R3:J14",2,piece,B3B-PH-K-S(LF)(SN),P5,HEAD DATA; HEAD DATA ONLY,MORI_Custom:JST_PH_B3B-PH-K_1x03_P2.00mm_Vertical__P4_PH_ANNULUS,"[""HW12-P4-CONNECTORS""]",2026-09-23,VENDOR_DOCUMENTED,"{""bare_xyz"": [7.9, 4.5, 6], ""mated_height"": 8, ""mated_depth"": null, ""wire_bend"": null}",,,MORI_Custom:JST_PH_B3B-PH-K_1x03_P2.00mm_Vertical__P4_PH_ANNULUS,,[],False,https://item.szlcsc.com/142632.html,C131339 / B3B-PH-K-S(LF)(SN),,CNY,,NOT_LIVE_CONFIRMED,,UNKNOWN,UNKNOWN；国内运费另列，不假设包邮,CN_CATALOG_FOUND_QUOTE_PENDING,PROTOTYPE_SELECTED_NOT_PURCHASED,,,封装/引脚/额定/公差不等同则重新适配,"[""国内精确SKU结算报价与库存"", ""实物/装配及电气验证""]",厂商尺寸与国内目录料号已记录；库存、价格、线束和安装间隙未实测。,,,UNCONFIRMED,,,"[""MORI_motion_P5R3:J3"", ""MORI_power_P5R3:J14""]",,"[""https://www.jst-mfg.com/product/pdf/eng/ePH.pdf""]",[]
V1.2-H0.5-P5R4,p4_011,pcb_part,"P4 PCB装配：MORI_power_P5R3:J7, MORI_power_P5R3:J8, MORI_power_P5R3:J9",3,piece,B3B-XH-A(LF)(SN),P5,S288 L; S288 R; SCS0009 CHAIN,Connector_JST:JST_XH_B3B-XH-A_1x03_P2.50mm_Vertical; MORI_Custom:JST_XH_B3B-XH-A_1x03_P2.50mm_Vertical__P2_J7__P3_J7__P3R1_J7; MORI_Custom:JST_XH_B3B-XH-A_1x03_P2.50mm_Vertical__P2_J8__P3R1_J8,"[""HW12-PCB""]",2026-09-23,ASSUMED,"{""package_footprint"": ""Connector_JST:JST_XH_B3B-XH-A_1x03_P2.50mm_Vertical""}",,,Connector_JST:JST_XH_B3B-XH-A_1x03_P2.50mm_Vertical,,[],False,立创商城/淘宝授权店；未形成所选SKU结算证据,B3B-XH-A(LF)(SN),,CNY,,UNKNOWN,,UNKNOWN,UNKNOWN；国内运费另列，不假设包邮,BLOCKED_QUOTE_AND_ASSEMBLY,KICAD_LIBRARY_FOOTPRINT; MATCH_VENDOR_AND_MATE,,,封装/引脚/额定/公差不等同则重新适配,"[""国内精确MPN小批量价格、库存、税运""]",Native schematic/PCB BOM cross-reference; not a quote and not purchased.,,,UNCONFIRMED,,,"[""MORI_power_P5R3:J7"", ""MORI_power_P5R3:J8"", ""MORI_power_P5R3:J9""]",,,
V1.2-H0.5-P5R4,p4_012,pcb_part,"P4 PCB装配：MORI_motion_P5R3:J5, MORI_rear_P5R4:J3",2,piece,B4B-PH-K-S(LF)(SN),P5,CAM J11 MATCH; MASTER + DISARM / PH4,MORI_Custom:JST_PH_B4B-PH-K_1x04_P2.00mm_Vertical__P4_ANNULUS__P3R1_J3; MORI_Custom:JST_PH_B4B-PH-K_1x04_P2.00mm_Vertical__P4_PH_ANNULUS,"[""HW12-P4-CONNECTORS""]",2026-09-23,VENDOR_DOCUMENTED,"{""bare_xyz"": [9.9, 4.5, 6], ""mated_height"": 8, ""mated_depth"": null, ""wire_bend"": null}",,,MORI_Custom:JST_PH_B4B-PH-K_1x04_P2.00mm_Vertical__P4_ANNULUS__P3R1_J3; MORI_Custom:JST_PH_B4B-PH-K_1x04_P2.00mm_Vertical__P4_PH_ANNULUS,,[],False,https://item.szlcsc.com/142627.html,C131334 / B4B-PH-K-S(LF)(SN),,CNY,,NOT_LIVE_CONFIRMED,,UNKNOWN,UNKNOWN；国内运费另列，不假设包邮,CN_CATALOG_FOUND_QUOTE_PENDING,PROTOTYPE_SELECTED_NOT_PURCHASED,,,封装/引脚/额定/公差不等同则重新适配,"[""国内精确SKU结算报价与库存"", ""实物/装配及电气验证""]",厂商尺寸与国内目录料号已记录；库存、价格、线束和安装间隙未实测。,,,UNCONFIRMED,,,"[""MORI_motion_P5R3:J5"", ""MORI_rear_P5R4:J3""]",,"[""https://www.jst-mfg.com/product/pdf/eng/ePH.pdf""]",[]
V1.2-H0.5-P5R4,p4_013,pcb_part,"P4 PCB装配：MORI_power_P5R3:D10, MORI_power_P5R3:D30",2,piece,B540C-13-F,P5,B540C-13-F,Diode_SMD:D_SMC; MORI_Custom:D_SMC__P3_D10__P3R1_D10,"[""HW12-DIODE""]",2026-09-23,VENDOR_DOCUMENTED,"{""package_footprint"": ""Diode_SMD:D_SMC""}",,,Diode_SMD:D_SMC,,[],False,立创商城/淘宝授权店；未形成所选SKU结算证据,B540C-13-F,,CNY,,UNKNOWN,,UNKNOWN,UNKNOWN；国内运费另列，不假设包邮,BLOCKED_QUOTE_AND_ASSEMBLY,EXACT_IC_VENDOR_PINMAP; CN_QUOTE_PENDING,,,封装/引脚/额定/公差不等同则重新适配,"[""国内精确MPN小批量价格、库存、税运""]",Native schematic/PCB BOM cross-reference; not a quote and not purchased.,,,UNCONFIRMED,,,"[""MORI_power_P5R3:D10"", ""MORI_power_P5R3:D30""]",,,
V1.2-H0.5-P5R4,p4_014,pcb_part,"P4 PCB装配：MORI_motion_P5R3:J4, MORI_motion_P5R3:J7, MORI_imu_P5R4:J1, MORI_power_P5R3:J10",4,piece,B8B-PH-K-S(LF)(SN),P5,BODY IMU SPI; BODY RIGID IMU; MOTION CONTROL; POWER CONTROL,MORI_Custom:JST_PH_B8B-PH-K_1x08_P2.00mm_Vertical__P4_PH_ANNULUS__P3R1_J1; MORI_Custom:JST_PH_B8B-PH-K_1x08_P2.00mm_Vertical__P4_PH_ANNULUS__P3R1_J10; MORI_Custom:JST_PH_B8B-PH-K_1x08_P2.00mm_Vertical__P4_PH_ANNULUS__P3R1_J4; MORI_Custom:JST_PH_B8B-PH-K_1x08_P2.00mm_Vertical__P4_PH_ANNULUS__P3R1_J7,"[""HW12-P4-CONNECTORS""]",2026-09-23,VENDOR_DOCUMENTED,"{""bare_xyz"": [17.9, 4.5, 6], ""mated_height"": 8, ""mated_depth"": null, ""wire_bend"": null}",,,MORI_Custom:JST_PH_B8B-PH-K_1x08_P2.00mm_Vertical__P4_PH_ANNULUS__P3R1_J1; MORI_Custom:JST_PH_B8B-PH-K_1x08_P2.00mm_Vertical__P4_PH_ANNULUS__P3R1_J10; MORI_Custom:JST_PH_B8B-PH-K_1x08_P2.00mm_Vertical__P4_PH_ANNULUS__P3R1_J4; MORI_Custom:JST_PH_B8B-PH-K_1x08_P2.00mm_Vertical__P4_PH_ANNULUS__P3R1_J7,,[],False,https://item.szlcsc.com/169322.html,C157974 / B8B-PH-K-S(LF)(SN),,CNY,,NOT_LIVE_CONFIRMED,,UNKNOWN,UNKNOWN；国内运费另列，不假设包邮,CN_CATALOG_FOUND_QUOTE_PENDING,PROTOTYPE_SELECTED_NOT_PURCHASED,,,封装/引脚/额定/公差不等同则重新适配,"[""国内精确SKU结算报价与库存"", ""实物/装配及电气验证""]",厂商尺寸与国内目录料号已记录；库存、价格、线束和安装间隙未实测。,,,UNCONFIRMED,,,"[""MORI_motion_P5R3:J4"", ""MORI_motion_P5R3:J7"", ""MORI_imu_P5R4:J1"", ""MORI_power_P5R3:J10""]",,"[""https://www.jst-mfg.com/product/pdf/eng/ePH.pdf""]",[]
V1.2-H0.5-P5R4,p4_015,pcb_part,"P4 PCB装配：MORI_motion_P5R3:D1, MORI_motion_P5R3:D2, MORI_motion_P5R3:D3",3,piece,"BAT54H,115",P5,"BAT54H,115",Diode_SMD:D_SOD-123,"[""HW12-PCB""]",2026-09-23,ASSUMED,"{""package_footprint"": ""Diode_SMD:D_SOD-123""}",,,Diode_SMD:D_SOD-123,,[],False,立创商城/淘宝授权店；未形成所选SKU结算证据,"BAT54H,115",,CNY,,UNKNOWN,,UNKNOWN,UNKNOWN；国内运费另列，不假设包邮,BLOCKED_QUOTE_AND_ASSEMBLY,ORDER_CODE_AND_PINMAP_CANDIDATE_VERIFY_VENDOR,,,封装/引脚/额定/公差不等同则重新适配,"[""国内精确MPN小批量价格、库存、税运"", ""候选订货码与厂商数据页逐一确认""]",Native schematic/PCB BOM cross-reference; not a quote and not purchased.,,,UNCONFIRMED,,,"[""MORI_motion_P5R3:D1"", ""MORI_motion_P5R3:D2"", ""MORI_motion_P5R3:D3""]",,,
V1.2-H0.5-P5R4,p4_016,pcb_part,"P4 PCB装配：MORI_power_P5R3:D1, MORI_power_P5R3:D20, MORI_power_P5R3:D40, MORI_power_P5R3:D90",4,piece,"BZT52H-C10,115",P5,"BZT52H-C10,115",Diode_SMD:D_SOD-123F,"[""HW12-PCB""]",2026-09-23,ASSUMED,"{""package_footprint"": ""Diode_SMD:D_SOD-123F""}",,,Diode_SMD:D_SOD-123F,,[],False,立创商城/淘宝授权店；未形成所选SKU结算证据,"BZT52H-C10,115",,CNY,,UNKNOWN,,UNKNOWN,UNKNOWN；国内运费另列，不假设包邮,BLOCKED_QUOTE_AND_ASSEMBLY,ORDER_CODE_AND_PINMAP_CANDIDATE_VERIFY_VENDOR,,,封装/引脚/额定/公差不等同则重新适配,"[""国内精确MPN小批量价格、库存、税运"", ""候选订货码与厂商数据页逐一确认""]",Native schematic/PCB BOM cross-reference; not a quote and not purchased.,,,UNCONFIRMED,,,"[""MORI_power_P5R3:D1"", ""MORI_power_P5R3:D20"", ""MORI_power_P5R3:D40"", ""MORI_power_P5R3:D90""]",,,
V1.2-H0.5-P5R4,p4_017,pcb_part,P4 PCB装配：MORI_power_P5R3:C2,1,piece,CL10A105KA8NNNC,P5,1u 25V,MORI_Custom:C_0603_1608Metric__P3_C2,"[""HW12-PCB""]",2026-09-23,ASSUMED,"{""package_footprint"": ""Capacitor_SMD:C_0603_1608Metric""}",,,Capacitor_SMD:C_0603_1608Metric,,[],False,立创商城/淘宝授权店；未形成所选SKU结算证据,CL10A105KA8NNNC,,CNY,,UNKNOWN,,UNKNOWN,UNKNOWN；国内运费另列，不假设包邮,BLOCKED_QUOTE_AND_ASSEMBLY,ORDER_CODE_CANDIDATE_VERIFY_EXACT_DATASHEET,,,封装/引脚/额定/公差不等同则重新适配,"[""国内精确MPN小批量价格、库存、税运"", ""候选订货码与厂商数据页逐一确认""]",Native schematic/PCB BOM cross-reference; not a quote and not purchased.,,,UNCONFIRMED,,,"[""MORI_power_P5R3:C2""]",,,
V1.2-H0.5-P5R4,p4_018,pcb_part,P4 PCB装配：MORI_motion_P5R3:C8,1,piece,CL10A106KP8NNNC,P5,10u,Capacitor_SMD:C_0603_1608Metric,"[""HW12-PCB""]",2026-09-23,ASSUMED,"{""package_footprint"": ""Capacitor_SMD:C_0603_1608Metric""}",,,Capacitor_SMD:C_0603_1608Metric,,[],False,立创商城/淘宝授权店；未形成所选SKU结算证据,CL10A106KP8NNNC,,CNY,,UNKNOWN,,UNKNOWN,UNKNOWN；国内运费另列，不假设包邮,BLOCKED_QUOTE_AND_ASSEMBLY,ORDER_CODE_CANDIDATE_VERIFY_EXACT_DATASHEET,,,封装/引脚/额定/公差不等同则重新适配,"[""国内精确MPN小批量价格、库存、税运"", ""候选订货码与厂商数据页逐一确认""]",Native schematic/PCB BOM cross-reference; not a quote and not purchased.,,,UNCONFIRMED,,,"[""MORI_motion_P5R3:C8""]",,,
V1.2-H0.5-P5R4,p4_019,pcb_part,P4 PCB装配：MORI_imu_P5R4:C2,1,piece,CL10A225KP8NNNC,P5,2.2u,Capacitor_SMD:C_0603_1608Metric,"[""HW12-PCB""]",2026-09-23,ASSUMED,"{""package_footprint"": ""Capacitor_SMD:C_0603_1608Metric""}",,,Capacitor_SMD:C_0603_1608Metric,,[],False,立创商城/淘宝授权店；未形成所选SKU结算证据,CL10A225KP8NNNC,,CNY,,UNKNOWN,,UNKNOWN,UNKNOWN；国内运费另列，不假设包邮,BLOCKED_QUOTE_AND_ASSEMBLY,ORDER_CODE_CANDIDATE_VERIFY_EXACT_DATASHEET,,,封装/引脚/额定/公差不等同则重新适配,"[""国内精确MPN小批量价格、库存、税运"", ""候选订货码与厂商数据页逐一确认""]",Native schematic/PCB BOM cross-reference; not a quote and not purchased.,,,UNCONFIRMED,,,"[""MORI_imu_P5R4:C2""]",,,
V1.2-H0.5-P5R4,p4_020,pcb_part,"P4 PCB装配：MORI_motion_P5R3:C9, MORI_motion_P5R3:C10, MORI_motion_P5R3:C11, MORI_imu_P5R4:C3, MORI_power_P5R3:C21, MORI_power_P5R3:C41",6,piece,CL10B103KB8NNNC,P5,10n,Capacitor_SMD:C_0603_1608Metric,"[""HW12-PCB""]",2026-09-23,ASSUMED,"{""package_footprint"": ""Capacitor_SMD:C_0603_1608Metric""}",,,Capacitor_SMD:C_0603_1608Metric,,[],False,立创商城/淘宝授权店；未形成所选SKU结算证据,CL10B103KB8NNNC,,CNY,,UNKNOWN,,UNKNOWN,UNKNOWN；国内运费另列，不假设包邮,BLOCKED_QUOTE_AND_ASSEMBLY,ORDER_CODE_CANDIDATE_VERIFY_EXACT_DATASHEET,,,封装/引脚/额定/公差不等同则重新适配,"[""国内精确MPN小批量价格、库存、税运"", ""候选订货码与厂商数据页逐一确认""]",Native schematic/PCB BOM cross-reference; not a quote and not purchased.,,,UNCONFIRMED,,,"[""MORI_motion_P5R3:C9"", ""MORI_motion_P5R3:C10"", ""MORI_motion_P5R3:C11"", ""MORI_imu_P5R4:C3"", ""MORI_power_P5R3:C21"", ""MORI_power_P5R3:C41""]",,,
V1.2-H0.5-P5R4,p4_021,pcb_part,"P4 PCB装配：MORI_motion_P5R3:C1, MORI_motion_P5R3:C2, MORI_motion_P5R3:C3, MORI_motion_P5R3:C4, MORI_motion_P5R3:C5, MORI_motion_P5R3:C6, MORI_motion_P5R3:C7, MORI_motion_P5R3:C12, MORI_imu_P5R4:C1, MORI_power_P5R3:C20, MORI_power_P5R3:C40, MORI_power_P5R3:C1",12,piece,CL10B104KB8NNNC,P5,100n,Capacitor_SMD:C_0603_1608Metric,"[""HW12-PCB""]",2026-09-23,ASSUMED,"{""package_footprint"": ""Capacitor_SMD:C_0603_1608Metric""}",,,Capacitor_SMD:C_0603_1608Metric,,[],False,立创商城/淘宝授权店；未形成所选SKU结算证据,CL10B104KB8NNNC,,CNY,,UNKNOWN,,UNKNOWN,UNKNOWN；国内运费另列，不假设包邮,BLOCKED_QUOTE_AND_ASSEMBLY,ORDER_CODE_CANDIDATE_VERIFY_EXACT_DATASHEET,,,封装/引脚/额定/公差不等同则重新适配,"[""国内精确MPN小批量价格、库存、税运"", ""候选订货码与厂商数据页逐一确认""]",Native schematic/PCB BOM cross-reference; not a quote and not purchased.,,,UNCONFIRMED,,,"[""MORI_motion_P5R3:C1"", ""MORI_motion_P5R3:C2"", ""MORI_motion_P5R3:C3"", ""MORI_motion_P5R3:C4"", ""MORI_motion_P5R3:C5"", ""MORI_motion_P5R3:C6"", ""MORI_motion_P5R3:C7"", ""MORI_motion_P5R3:C12"", ""MORI_imu_P5R4:C1"", ""MORI_power_P5R3:C20"", ""MORI_power_P5R3:C40"", ""MORI_power_P5R3:C1""]",,,
V1.2-H0.5-P5R4,p4_022,pcb_part,"P4 PCB装配：MORI_power_P5R3:C60, MORI_power_P5R3:C66, MORI_power_P5R3:C63, MORI_power_P5R3:C64, MORI_power_P5R3:C70, MORI_power_P5R3:C76, MORI_power_P5R3:C73, MORI_power_P5R3:C74",8,piece,CL32B226KAJNNNE,P5,22u / 25V / X7R,Capacitor_SMD:C_1210_3225Metric; MORI_Custom:C_1210_3225Metric__P3_C60__P3R1_C60; MORI_Custom:C_1210_3225Metric__P3_C70; MORI_Custom:C_1210_3225Metric__P3_C74,"[""HW12-S3-04""]",2026-09-23,ASSUMED,,,,,,[],False,立创商城/授权分销，精确SKU待核价,C309062,,CNY,,NOT_LIVE_CHECKOUT_CONFIRMED,,UNKNOWN,国内运费另列；未确认包邮,EXACT_QUOTE_PENDING,SELECTED_SCHEMATIC_ONLY,,,额定、引脚、封装、反馈公差和环路稳定性重新核对,"[""国内精确MPN小批量报价/库存"", ""封装与布局终审"", ""实板测试""]",22uF +/-10%. Effective capacitance at bias and temperature must be qualified; nominal capacitance is not guaranteed in-circuit capacitance.,,,UNCONFIRMED,,,"[""MORI_power_P5R3:C60"", ""MORI_power_P5R3:C66"", ""MORI_power_P5R3:C63"", ""MORI_power_P5R3:C64"", ""MORI_power_P5R3:C70"", ""MORI_power_P5R3:C76"", ""MORI_power_P5R3:C73"", ""MORI_power_P5R3:C74""]",,,
V1.2-H0.5-P5R4,p4_023,pcb_part,"P4 PCB装配：MORI_power_P5R3:C10, MORI_power_P5R3:C30",2,piece,EEUFR1C102,P5,Panasonic EEU-FR1C102 1000uF 16V,MORI_Custom:CP_Radial_D10.0mm_P5.00mm__P2_C10__P3_C10__P3R1_C10; MORI_Custom:CP_Radial_D10.0mm_P5.00mm__P3_C30__P3R1_C30,"[""HW12-CAP""]",2026-09-23,VENDOR_DOCUMENTED,"{""package_footprint"": ""Capacitor_THT:CP_Radial_D10.0mm_P5.00mm""}",,,Capacitor_THT:CP_Radial_D10.0mm_P5.00mm,,[],False,立创商城/淘宝授权店；未形成所选SKU结算证据,EEUFR1C102,,CNY,,UNKNOWN,,UNKNOWN,UNKNOWN；国内运费另列，不假设包邮,BLOCKED_QUOTE_AND_ASSEMBLY,VENDOR_DOCUMENTED,,,封装/引脚/额定/公差不等同则重新适配,"[""国内精确MPN小批量价格、库存、税运""]",Native schematic/PCB BOM cross-reference; not a quote and not purchased.,,,UNCONFIRMED,,,"[""MORI_power_P5R3:C10"", ""MORI_power_P5R3:C30""]",,,
V1.2-H0.5-P5R4,p4_024,pcb_part,"P4 PCB装配：MORI_power_P5R3:C65, MORI_power_P5R3:C75",2,piece,GRM1885C1H750JA01D,P5,75p / 50V / C0G,Capacitor_SMD:C_0603_1608Metric; MORI_Custom:C_0603_1608Metric__P3R1_C75,"[""HW12-S3-06""]",2026-09-23,ASSUMED,,,,,,[],False,立创商城/授权分销，精确SKU待核价,GRM1885C1H750JA01D,,CNY,,NOT_LIVE_CHECKOUT_CONFIRMED,,UNKNOWN,国内运费另列；未确认包邮,EXACT_QUOTE_PENDING,SELECTED_SCHEMATIC_ONLY,,,额定、引脚、封装、反馈公差和环路稳定性重新核对,"[""国内精确MPN小批量报价/库存"", ""封装与布局终审"", ""实板测试""]","Feedforward across upper feedback resistor, following TI 5V ceramic-output reference. Re-tune only from stability/step-load evidence.",,,UNCONFIRMED,,,"[""MORI_power_P5R3:C65"", ""MORI_power_P5R3:C75""]",,,
V1.2-H0.5-P5R4,p4_025,pcb_part,"P4 PCB装配：MORI_power_P5R3:C61, MORI_power_P5R3:C62, MORI_power_P5R3:C71, MORI_power_P5R3:C72, MORI_rear_P5R4:C1",5,piece,GRM188R71H104KA93D,P5,100n / 50V / X7R,Capacitor_SMD:C_0603_1608Metric,"[""HW12-S3-05""]",2026-09-23,ASSUMED,,,,,,[],False,立创商城/授权分销，精确SKU待核价,GRM188R71H104KA93D,,CNY,,NOT_LIVE_CHECKOUT_CONFIRMED,,UNKNOWN,国内运费另列；未确认包邮,EXACT_QUOTE_PENDING,SELECTED_SCHEMATIC_ONLY,,,额定、引脚、封装、反馈公差和环路稳定性重新核对,"[""国内精确MPN小批量报价/库存"", ""封装与布局终审"", ""实板测试""]","Exact suffix and domestic small-quantity quotation remain to be checked. Cboot must connect BOOT to SW, not GND.",,,UNCONFIRMED,,,"[""MORI_power_P5R3:C61"", ""MORI_power_P5R3:C62"", ""MORI_power_P5R3:C71"", ""MORI_power_P5R3:C72"", ""MORI_rear_P5R4:C1""]",,,
V1.2-H0.5-P5R4,p4_026,pcb_part,P4 PCB装配：MORI_power_P5R3:U1,1,piece,INA180A1IDBVR,P5,INA180A1IDBVR,Package_TO_SOT_SMD:SOT-23-5,"[""HW12-TI-ina180""]",2026-09-23,VENDOR_DOCUMENTED,"{""package_footprint"": ""Package_TO_SOT_SMD:SOT-23-5""}",,,Package_TO_SOT_SMD:SOT-23-5,,[],False,立创商城/淘宝授权店；未形成所选SKU结算证据,INA180A1IDBVR,,CNY,,UNKNOWN,,UNKNOWN,UNKNOWN；国内运费另列，不假设包邮,BLOCKED_QUOTE_AND_ASSEMBLY,EXACT_IC_VENDOR_PINMAP; CN_QUOTE_PENDING,,,封装/引脚/额定/公差不等同则重新适配,"[""国内精确MPN小批量价格、库存、税运""]",Native schematic/PCB BOM cross-reference; not a quote and not purchased.,,,UNCONFIRMED,,,"[""MORI_power_P5R3:U1""]",,,
V1.2-H0.5-P5R4,p4_027,pcb_part,"P4 PCB装配：MORI_power_P5R3:U20, MORI_power_P5R3:U40",2,piece,LM393BDR,P5,LM393BDR,Package_SO:SOIC-8_3.9x4.9mm_P1.27mm,"[""HW12-TI-lm393b""]",2026-09-23,VENDOR_DOCUMENTED,"{""package_footprint"": ""Package_SO:SOIC-8_3.9x4.9mm_P1.27mm""}",,,Package_SO:SOIC-8_3.9x4.9mm_P1.27mm,,[],False,立创商城/淘宝授权店；未形成所选SKU结算证据,LM393BDR,,CNY,,UNKNOWN,,UNKNOWN,UNKNOWN；国内运费另列，不假设包邮,BLOCKED_QUOTE_AND_ASSEMBLY,EXACT_IC_VENDOR_PINMAP; CN_QUOTE_PENDING,,,封装/引脚/额定/公差不等同则重新适配,"[""国内精确MPN小批量价格、库存、税运""]",Native schematic/PCB BOM cross-reference; not a quote and not purchased.,,,UNCONFIRMED,,,"[""MORI_power_P5R3:U20"", ""MORI_power_P5R3:U40""]",,,
V1.2-H0.5-P5R4,p4_028,pcb_part,P4 PCB装配：MORI_power_P5R3:Q50,1,piece,MMBT3904LT1G,P5,MMBT3904LT1G,Package_TO_SOT_SMD:SOT-23,"[""HW12-PCB""]",2026-09-23,ASSUMED,"{""package_footprint"": ""Package_TO_SOT_SMD:SOT-23""}",,,Package_TO_SOT_SMD:SOT-23,,[],False,立创商城/淘宝授权店；未形成所选SKU结算证据,MMBT3904LT1G,,CNY,,UNKNOWN,,UNKNOWN,UNKNOWN；国内运费另列，不假设包邮,BLOCKED_QUOTE_AND_ASSEMBLY,ORDER_CODE_AND_PINMAP_CANDIDATE_VERIFY_VENDOR,,,封装/引脚/额定/公差不等同则重新适配,"[""国内精确MPN小批量价格、库存、税运"", ""候选订货码与厂商数据页逐一确认""]",Native schematic/PCB BOM cross-reference; not a quote and not purchased.,,,UNCONFIRMED,,,"[""MORI_power_P5R3:Q50""]",,,
V1.2-H0.5-P5R4,p4_029,pcb_part,"P4 PCB装配：MORI_rear_P5R4:D2, MORI_rear_P5R4:D3",2,piece,"PESD5V0L1BA,115",P5,"PESD5V0L1BA,115",Diode_SMD:D_SOD-323,"[""HW12-P4""]",2026-09-23,ASSUMED,,,,Diode_SMD:D_SOD-323,,[],False,立创商城/淘宝授权店；未形成所选SKU结算证据,"PESD5V0L1BA,115",,CNY,,NOT_LIVE_CONFIRMED,,UNKNOWN,UNKNOWN；国内运费另列，不假设包邮,BLOCKED_QUOTE_AND_ASSEMBLY,PROTOTYPE_SELECTED_NOT_PURCHASED,,,封装/引脚/额定/公差不等同则重新适配,"[""国内精确SKU结算报价与库存"", ""实物/装配及电气验证""]",P4原生工程对应的器件；不能视为整机已核价。,,,UNCONFIRMED,,,"[""MORI_rear_P5R4:D2"", ""MORI_rear_P5R4:D3""]",,"[""https://assets.nexperia.com/documents/data-sheet/PESD5V0L1BA.pdf""]",[]
V1.2-H0.5-P5R4,p4_030,pcb_part,"P4 PCB装配：MORI_power_P5R3:R56, MORI_power_P5R3:R90",2,piece,RC0603FR07100KL,P5,100k,Resistor_SMD:R_0603_1608Metric,"[""HW12-PASSIVE""]",2026-09-23,ASSUMED,"{""package_footprint"": ""Resistor_SMD:R_0603_1608Metric""}",,,Resistor_SMD:R_0603_1608Metric,,[],False,立创商城/淘宝授权店；未形成所选SKU结算证据,RC0603FR07100KL,,CNY,,UNKNOWN,,UNKNOWN,UNKNOWN；国内运费另列，不假设包邮,BLOCKED_QUOTE_AND_ASSEMBLY,ORDER_CODE_CANDIDATE_VERIFY_EXACT_DATASHEET,,,封装/引脚/额定/公差不等同则重新适配,"[""国内精确MPN小批量价格、库存、税运"", ""候选订货码与厂商数据页逐一确认""]",Native schematic/PCB BOM cross-reference; not a quote and not purchased.,,,UNCONFIRMED,,,"[""MORI_power_P5R3:R56"", ""MORI_power_P5R3:R90""]",,,
V1.2-H0.5-P5R4,p4_031,pcb_part,"P4 PCB装配：MORI_power_P5R3:R11, MORI_power_P5R3:R31",2,piece,RC0603FR07100RL,P5,100,Resistor_SMD:R_0603_1608Metric,"[""HW12-PASSIVE""]",2026-09-23,ASSUMED,"{""package_footprint"": ""Resistor_SMD:R_0603_1608Metric""}",,,Resistor_SMD:R_0603_1608Metric,,[],False,立创商城/淘宝授权店；未形成所选SKU结算证据,RC0603FR07100RL,,CNY,,UNKNOWN,,UNKNOWN,UNKNOWN；国内运费另列，不假设包邮,BLOCKED_QUOTE_AND_ASSEMBLY,ORDER_CODE_CANDIDATE_VERIFY_EXACT_DATASHEET,,,封装/引脚/额定/公差不等同则重新适配,"[""国内精确MPN小批量价格、库存、税运"", ""候选订货码与厂商数据页逐一确认""]",Native schematic/PCB BOM cross-reference; not a quote and not purchased.,,,UNCONFIRMED,,,"[""MORI_power_P5R3:R11"", ""MORI_power_P5R3:R31""]",,,
V1.2-H0.5-P5R4,p4_032,pcb_part,"P4 PCB装配：MORI_motion_P5R3:R3, MORI_motion_P5R3:R4, MORI_motion_P5R3:R5, MORI_motion_P5R3:R7, MORI_motion_P5R3:R8, MORI_motion_P5R3:R13, MORI_motion_P5R3:R17, MORI_motion_P5R3:R18, MORI_imu_P5R4:R2, MORI_power_P5R3:R1, MORI_power_P5R3:R10, MORI_power_P5R3:R30, MORI_power_P5R3:R54, MORI_power_P5R3:R91",14,piece,RC0603FR0710KL,P5,10k,Resistor_SMD:R_0603_1608Metric,"[""HW12-PASSIVE""]",2026-09-23,ASSUMED,"{""package_footprint"": ""Resistor_SMD:R_0603_1608Metric""}",,,Resistor_SMD:R_0603_1608Metric,,[],False,立创商城/淘宝授权店；未形成所选SKU结算证据,RC0603FR0710KL,,CNY,,UNKNOWN,,UNKNOWN,UNKNOWN；国内运费另列，不假设包邮,BLOCKED_QUOTE_AND_ASSEMBLY,ORDER_CODE_CANDIDATE_VERIFY_EXACT_DATASHEET,,,封装/引脚/额定/公差不等同则重新适配,"[""国内精确MPN小批量价格、库存、税运"", ""候选订货码与厂商数据页逐一确认""]",Native schematic/PCB BOM cross-reference; not a quote and not purchased.,,,UNCONFIRMED,,,"[""MORI_motion_P5R3:R3"", ""MORI_motion_P5R3:R4"", ""MORI_motion_P5R3:R5"", ""MORI_motion_P5R3:R7"", ""MORI_motion_P5R3:R8"", ""MORI_motion_P5R3:R13"", ""MORI_motion_P5R3:R17"", ""MORI_motion_P5R3:R18"", ""MORI_imu_P5R4:R2"", ""MORI_power_P5R3:R1"", ""MORI_power_P5R3:R10"", ""MORI_power_P5R3:R30"", ""MORI_power_P5R3:R54"", ""MORI_power_P5R3:R91""]",,,
V1.2-H0.5-P5R4,p4_033,pcb_part,"P4 PCB装配：MORI_motion_P5R3:R6, MORI_motion_P5R3:R14, MORI_motion_P5R3:R15, MORI_motion_P5R3:R16, MORI_motion_P5R3:R19",5,piece,RC0603FR071KL,P5,1k,Resistor_SMD:R_0603_1608Metric,"[""HW12-PASSIVE""]",2026-09-23,ASSUMED,"{""package_footprint"": ""Resistor_SMD:R_0603_1608Metric""}",,,Resistor_SMD:R_0603_1608Metric,,[],False,立创商城/淘宝授权店；未形成所选SKU结算证据,RC0603FR071KL,,CNY,,UNKNOWN,,UNKNOWN,UNKNOWN；国内运费另列，不假设包邮,BLOCKED_QUOTE_AND_ASSEMBLY,ORDER_CODE_CANDIDATE_VERIFY_EXACT_DATASHEET,,,封装/引脚/额定/公差不等同则重新适配,"[""国内精确MPN小批量价格、库存、税运"", ""候选订货码与厂商数据页逐一确认""]",Native schematic/PCB BOM cross-reference; not a quote and not purchased.,,,UNCONFIRMED,,,"[""MORI_motion_P5R3:R6"", ""MORI_motion_P5R3:R14"", ""MORI_motion_P5R3:R15"", ""MORI_motion_P5R3:R16"", ""MORI_motion_P5R3:R19""]",,,
V1.2-H0.5-P5R4,p4_034,pcb_part,"P4 PCB装配：MORI_power_P5R3:R20, MORI_power_P5R3:R24, MORI_power_P5R3:R40, MORI_power_P5R3:R44",4,piece,RC0603FR072K2L,P5,2.2k,Resistor_SMD:R_0603_1608Metric,"[""HW12-PASSIVE""]",2026-09-23,ASSUMED,"{""package_footprint"": ""Resistor_SMD:R_0603_1608Metric""}",,,Resistor_SMD:R_0603_1608Metric,,[],False,立创商城/淘宝授权店；未形成所选SKU结算证据,RC0603FR072K2L,,CNY,,UNKNOWN,,UNKNOWN,UNKNOWN；国内运费另列，不假设包邮,BLOCKED_QUOTE_AND_ASSEMBLY,ORDER_CODE_CANDIDATE_VERIFY_EXACT_DATASHEET,,,封装/引脚/额定/公差不等同则重新适配,"[""国内精确MPN小批量价格、库存、税运"", ""候选订货码与厂商数据页逐一确认""]",Native schematic/PCB BOM cross-reference; not a quote and not purchased.,,,UNCONFIRMED,,,"[""MORI_power_P5R3:R20"", ""MORI_power_P5R3:R24"", ""MORI_power_P5R3:R40"", ""MORI_power_P5R3:R44""]",,,
V1.2-H0.5-P5R4,p4_035,pcb_part,"P4 PCB装配：MORI_motion_P5R3:R10, MORI_motion_P5R3:R11, MORI_motion_P5R3:R12, MORI_imu_P5R4:R1",4,piece,RC0603FR0733RL,P5,33,Resistor_SMD:R_0603_1608Metric,"[""HW12-PASSIVE""]",2026-09-23,ASSUMED,"{""package_footprint"": ""Resistor_SMD:R_0603_1608Metric""}",,,Resistor_SMD:R_0603_1608Metric,,[],False,立创商城/淘宝授权店；未形成所选SKU结算证据,RC0603FR0733RL,,CNY,,UNKNOWN,,UNKNOWN,UNKNOWN；国内运费另列，不假设包邮,BLOCKED_QUOTE_AND_ASSEMBLY,ORDER_CODE_CANDIDATE_VERIFY_EXACT_DATASHEET,,,封装/引脚/额定/公差不等同则重新适配,"[""国内精确MPN小批量价格、库存、税运"", ""候选订货码与厂商数据页逐一确认""]",Native schematic/PCB BOM cross-reference; not a quote and not purchased.,,,UNCONFIRMED,,,"[""MORI_motion_P5R3:R10"", ""MORI_motion_P5R3:R11"", ""MORI_motion_P5R3:R12"", ""MORI_imu_P5R4:R1""]",,,
V1.2-H0.5-P5R4,p4_036,pcb_part,P4 PCB装配：MORI_power_P5R3:R55,1,piece,RC0603FR0747KL,P5,47k,Resistor_SMD:R_0603_1608Metric,"[""HW12-PASSIVE""]",2026-09-23,ASSUMED,"{""package_footprint"": ""Resistor_SMD:R_0603_1608Metric""}",,,Resistor_SMD:R_0603_1608Metric,,[],False,立创商城/淘宝授权店；未形成所选SKU结算证据,RC0603FR0747KL,,CNY,,UNKNOWN,,UNKNOWN,UNKNOWN；国内运费另列，不假设包邮,BLOCKED_QUOTE_AND_ASSEMBLY,ORDER_CODE_CANDIDATE_VERIFY_EXACT_DATASHEET,,,封装/引脚/额定/公差不等同则重新适配,"[""国内精确MPN小批量价格、库存、税运"", ""候选订货码与厂商数据页逐一确认""]",Native schematic/PCB BOM cross-reference; not a quote and not purchased.,,,UNCONFIRMED,,,"[""MORI_power_P5R3:R55""]",,,
V1.2-H0.5-P5R4,p4_037,pcb_part,P4 PCB装配：MORI_motion_P5R3:R9,1,piece,RC0603FR0747RL,P5,47,Resistor_SMD:R_0603_1608Metric,"[""HW12-PASSIVE""]",2026-09-23,ASSUMED,"{""package_footprint"": ""Resistor_SMD:R_0603_1608Metric""}",,,Resistor_SMD:R_0603_1608Metric,,[],False,立创商城/淘宝授权店；未形成所选SKU结算证据,RC0603FR0747RL,,CNY,,UNKNOWN,,UNKNOWN,UNKNOWN；国内运费另列，不假设包邮,BLOCKED_QUOTE_AND_ASSEMBLY,ORDER_CODE_CANDIDATE_VERIFY_EXACT_DATASHEET,,,封装/引脚/额定/公差不等同则重新适配,"[""国内精确MPN小批量价格、库存、税运"", ""候选订货码与厂商数据页逐一确认""]",Native schematic/PCB BOM cross-reference; not a quote and not purchased.,,,UNCONFIRMED,,,"[""MORI_motion_P5R3:R9""]",,,
V1.2-H0.5-P5R4,p4_038,pcb_part,"P4 PCB装配：MORI_motion_P5R3:R1, MORI_motion_P5R3:R2",2,piece,RC0603FR0768RL,P5,68,Resistor_SMD:R_0603_1608Metric,"[""HW12-PASSIVE""]",2026-09-23,ASSUMED,"{""package_footprint"": ""Resistor_SMD:R_0603_1608Metric""}",,,Resistor_SMD:R_0603_1608Metric,,[],False,立创商城/淘宝授权店；未形成所选SKU结算证据,RC0603FR0768RL,,CNY,,UNKNOWN,,UNKNOWN,UNKNOWN；国内运费另列，不假设包邮,BLOCKED_QUOTE_AND_ASSEMBLY,ORDER_CODE_CANDIDATE_VERIFY_EXACT_DATASHEET,,,封装/引脚/额定/公差不等同则重新适配,"[""国内精确MPN小批量价格、库存、税运"", ""候选订货码与厂商数据页逐一确认""]",Native schematic/PCB BOM cross-reference; not a quote and not purchased.,,,UNCONFIRMED,,,"[""MORI_motion_P5R3:R1"", ""MORI_motion_P5R3:R2""]",,,
V1.2-H0.5-P5R4,p4_039,pcb_part,"P4 PCB装配：MORI_power_P5R3:R3, MORI_power_P5R3:R4",2,piece,RC0603JR070RL,P5,0,Resistor_SMD:R_0603_1608Metric,"[""HW12-PASSIVE""]",2026-09-23,ASSUMED,"{""package_footprint"": ""Resistor_SMD:R_0603_1608Metric""}",,,Resistor_SMD:R_0603_1608Metric,,[],False,立创商城/淘宝授权店；未形成所选SKU结算证据,RC0603JR070RL,,CNY,,UNKNOWN,,UNKNOWN,UNKNOWN；国内运费另列，不假设包邮,BLOCKED_QUOTE_AND_ASSEMBLY,ORDER_CODE_CANDIDATE_VERIFY_EXACT_DATASHEET,,,封装/引脚/额定/公差不等同则重新适配,"[""国内精确MPN小批量价格、库存、税运"", ""候选订货码与厂商数据页逐一确认""]",Native schematic/PCB BOM cross-reference; not a quote and not purchased.,,,UNCONFIRMED,,,"[""MORI_power_P5R3:R3"", ""MORI_power_P5R3:R4""]",,,
V1.2-H0.5-P5R4,p4_040,pcb_part,"P4 PCB装配：MORI_power_P5R3:R50, MORI_power_P5R3:R52, MORI_power_P5R3:R60, MORI_power_P5R3:R70",4,piece,RT0603BRD07100KL,P5,100k / 0.1%; 100k 0.1%,Resistor_SMD:R_0603_1608Metric,"[""HW12-PASSIVE"", ""HW12-S3-07""]",2026-09-23,ASSUMED,"{""package_footprint"": ""Resistor_SMD:R_0603_1608Metric""}",,,Resistor_SMD:R_0603_1608Metric,,[],False,立创商城/淘宝授权店；未形成所选SKU结算证据,RT0603BRD07100KL,,CNY,,UNKNOWN,,UNKNOWN,UNKNOWN；国内运费另列，不假设包邮,BLOCKED_QUOTE_AND_ASSEMBLY,ORDER_CODE_CANDIDATE_VERIFY_EXACT_DATASHEET,,,封装/引脚/额定/公差不等同则重新适配,"[""国内精确MPN小批量价格、库存、税运"", ""候选订货码与厂商数据页逐一确认""]","Native schematic/PCB BOM cross-reference; not a quote and not purchased.; Nominal 0.596V reference gives 5.0772V setpoint; full voltage tolerance is calculated, not assumed exactly5.000V.",,,UNCONFIRMED,,,"[""MORI_power_P5R3:R50"", ""MORI_power_P5R3:R52"", ""MORI_power_P5R3:R60"", ""MORI_power_P5R3:R70""]",,,
V1.2-H0.5-P5R4,p4_041,pcb_part,"P4 PCB装配：MORI_power_P5R3:R22, MORI_power_P5R3:R26, MORI_power_P5R3:R42, MORI_power_P5R3:R46",4,piece,RT0603BRD0710KL,P5,10k 0.1%,Resistor_SMD:R_0603_1608Metric,"[""HW12-PASSIVE""]",2026-09-23,ASSUMED,"{""package_footprint"": ""Resistor_SMD:R_0603_1608Metric""}",,,Resistor_SMD:R_0603_1608Metric,,[],False,立创商城/淘宝授权店；未形成所选SKU结算证据,RT0603BRD0710KL,,CNY,,UNKNOWN,,UNKNOWN,UNKNOWN；国内运费另列，不假设包邮,BLOCKED_QUOTE_AND_ASSEMBLY,ORDER_CODE_CANDIDATE_VERIFY_EXACT_DATASHEET,,,封装/引脚/额定/公差不等同则重新适配,"[""国内精确MPN小批量价格、库存、税运"", ""候选订货码与厂商数据页逐一确认""]",Native schematic/PCB BOM cross-reference; not a quote and not purchased.,,,UNCONFIRMED,,,"[""MORI_power_P5R3:R22"", ""MORI_power_P5R3:R26"", ""MORI_power_P5R3:R42"", ""MORI_power_P5R3:R46""]",,,
V1.2-H0.5-P5R4,p4_042,pcb_part,"P4 PCB装配：MORI_power_P5R3:R61, MORI_power_P5R3:R71",2,piece,RT0603BRD0713K3L,P5,13.3k / 0.1%,MORI_Custom:R_0603_1608Metric__P3_R71; Resistor_SMD:R_0603_1608Metric,"[""HW12-S3-08""]",2026-09-23,ASSUMED,,,,,,[],False,立创商城/授权分销，精确SKU待核价,RT0603BRD0713K3L,,CNY,,NOT_LIVE_CHECKOUT_CONFIRMED,,UNKNOWN,国内运费另列；未确认包邮,EXACT_QUOTE_PENDING,SELECTED_SCHEMATIC_ONLY,,,额定、引脚、封装、反馈公差和环路稳定性重新核对,"[""国内精确MPN小批量报价/库存"", ""封装与布局终审"", ""实板测试""]","Nominal 0.596V reference gives 5.0772V setpoint; full voltage tolerance is calculated, not assumed exactly5.000V.",,,UNCONFIRMED,,,"[""MORI_power_P5R3:R61"", ""MORI_power_P5R3:R71""]",,,
V1.2-H0.5-P5R4,p4_043,pcb_part,P4 PCB装配：MORI_power_P5R3:R41,1,piece,RT0603BRD0716K5L,P5,16.5k 0.1%,Resistor_SMD:R_0603_1608Metric,"[""HW12-PASSIVE""]",2026-09-23,ASSUMED,"{""package_footprint"": ""Resistor_SMD:R_0603_1608Metric""}",,,Resistor_SMD:R_0603_1608Metric,,[],False,立创商城/淘宝授权店；未形成所选SKU结算证据,RT0603BRD0716K5L,,CNY,,UNKNOWN,,UNKNOWN,UNKNOWN；国内运费另列，不假设包邮,BLOCKED_QUOTE_AND_ASSEMBLY,ORDER_CODE_CANDIDATE_VERIFY_EXACT_DATASHEET,,,封装/引脚/额定/公差不等同则重新适配,"[""国内精确MPN小批量价格、库存、税运"", ""候选订货码与厂商数据页逐一确认""]",Native schematic/PCB BOM cross-reference; not a quote and not purchased.,,,UNCONFIRMED,,,"[""MORI_power_P5R3:R41""]",,,
V1.2-H0.5-P5R4,p4_044,pcb_part,P4 PCB装配：MORI_power_P5R3:R45,1,piece,RT0603BRD0718K7L,P5,18.7k 0.1%,Resistor_SMD:R_0603_1608Metric,"[""HW12-PASSIVE""]",2026-09-23,ASSUMED,"{""package_footprint"": ""Resistor_SMD:R_0603_1608Metric""}",,,Resistor_SMD:R_0603_1608Metric,,[],False,立创商城/淘宝授权店；未形成所选SKU结算证据,RT0603BRD0718K7L,,CNY,,UNKNOWN,,UNKNOWN,UNKNOWN；国内运费另列，不假设包邮,BLOCKED_QUOTE_AND_ASSEMBLY,ORDER_CODE_CANDIDATE_VERIFY_EXACT_DATASHEET,,,封装/引脚/额定/公差不等同则重新适配,"[""国内精确MPN小批量价格、库存、税运"", ""候选订货码与厂商数据页逐一确认""]",Native schematic/PCB BOM cross-reference; not a quote and not purchased.,,,UNCONFIRMED,,,"[""MORI_power_P5R3:R45""]",,,
V1.2-H0.5-P5R4,p4_045,pcb_part,"P4 PCB装配：MORI_power_P5R3:R23, MORI_power_P5R3:R43",2,piece,RT0603BRD071ML,P5,1M 0.1%,Resistor_SMD:R_0603_1608Metric,"[""HW12-PASSIVE""]",2026-09-23,ASSUMED,"{""package_footprint"": ""Resistor_SMD:R_0603_1608Metric""}",,,Resistor_SMD:R_0603_1608Metric,,[],False,立创商城/淘宝授权店；未形成所选SKU结算证据,RT0603BRD071ML,,CNY,,UNKNOWN,,UNKNOWN,UNKNOWN；国内运费另列，不假设包邮,BLOCKED_QUOTE_AND_ASSEMBLY,ORDER_CODE_CANDIDATE_VERIFY_EXACT_DATASHEET,,,封装/引脚/额定/公差不等同则重新适配,"[""国内精确MPN小批量价格、库存、税运"", ""候选订货码与厂商数据页逐一确认""]",Native schematic/PCB BOM cross-reference; not a quote and not purchased.,,,UNCONFIRMED,,,"[""MORI_power_P5R3:R23"", ""MORI_power_P5R3:R43""]",,,
V1.2-H0.5-P5R4,p4_046,pcb_part,"P4 PCB装配：MORI_power_P5R3:R51, MORI_power_P5R3:R53",2,piece,RT0603BRD0727KL,P5,27k 0.1%,Resistor_SMD:R_0603_1608Metric,"[""HW12-PASSIVE""]",2026-09-23,ASSUMED,"{""package_footprint"": ""Resistor_SMD:R_0603_1608Metric""}",,,Resistor_SMD:R_0603_1608Metric,,[],False,立创商城/淘宝授权店；未形成所选SKU结算证据,RT0603BRD0727KL,,CNY,,UNKNOWN,,UNKNOWN,UNKNOWN；国内运费另列，不假设包邮,BLOCKED_QUOTE_AND_ASSEMBLY,ORDER_CODE_CANDIDATE_VERIFY_EXACT_DATASHEET,,,封装/引脚/额定/公差不等同则重新适配,"[""国内精确MPN小批量价格、库存、税运"", ""候选订货码与厂商数据页逐一确认""]",Native schematic/PCB BOM cross-reference; not a quote and not purchased.,,,UNCONFIRMED,,,"[""MORI_power_P5R3:R51"", ""MORI_power_P5R3:R53""]",,,
V1.2-H0.5-P5R4,p4_047,pcb_part,P4 PCB装配：MORI_power_P5R3:R21,1,piece,RT0603BRD0733K2L,P5,33.2k 0.1%,Resistor_SMD:R_0603_1608Metric,"[""HW12-PASSIVE""]",2026-09-23,ASSUMED,"{""package_footprint"": ""Resistor_SMD:R_0603_1608Metric""}",,,Resistor_SMD:R_0603_1608Metric,,[],False,立创商城/淘宝授权店；未形成所选SKU结算证据,RT0603BRD0733K2L,,CNY,,UNKNOWN,,UNKNOWN,UNKNOWN；国内运费另列，不假设包邮,BLOCKED_QUOTE_AND_ASSEMBLY,ORDER_CODE_CANDIDATE_VERIFY_EXACT_DATASHEET,,,封装/引脚/额定/公差不等同则重新适配,"[""国内精确MPN小批量价格、库存、税运"", ""候选订货码与厂商数据页逐一确认""]",Native schematic/PCB BOM cross-reference; not a quote and not purchased.,,,UNCONFIRMED,,,"[""MORI_power_P5R3:R21""]",,,
V1.2-H0.5-P5R4,p4_048,pcb_part,P4 PCB装配：MORI_power_P5R3:R25,1,piece,RT0603BRD0737K4L,P5,37.4k 0.1%,Resistor_SMD:R_0603_1608Metric,"[""HW12-PASSIVE""]",2026-09-23,ASSUMED,"{""package_footprint"": ""Resistor_SMD:R_0603_1608Metric""}",,,Resistor_SMD:R_0603_1608Metric,,[],False,立创商城/淘宝授权店；未形成所选SKU结算证据,RT0603BRD0737K4L,,CNY,,UNKNOWN,,UNKNOWN,UNKNOWN；国内运费另列，不假设包邮,BLOCKED_QUOTE_AND_ASSEMBLY,ORDER_CODE_CANDIDATE_VERIFY_EXACT_DATASHEET,,,封装/引脚/额定/公差不等同则重新适配,"[""国内精确MPN小批量价格、库存、税运"", ""候选订货码与厂商数据页逐一确认""]",Native schematic/PCB BOM cross-reference; not a quote and not purchased.,,,UNCONFIRMED,,,"[""MORI_power_P5R3:R25""]",,,
V1.2-H0.5-P5R4,p4_049,pcb_part,P4 PCB装配：MORI_rear_P5R4:J2,1,piece,S5B-PH-K-S(LF)(SN),P5,CHARGER / PH5 SIDE ENTRY,MORI_Custom:JST_PH_S5B-PH-K_1x05_P2.00mm_Horizontal__P4_ANNULUS__P3R1_J2,"[""HW12-P4-CONNECTORS""]",2026-09-23,VENDOR_DOCUMENTED,"{""bare_xyz"": [11.9, 7.6, 4.8], ""mated_height"": null, ""mated_depth"": 9.6, ""wire_bend"": null}",,,MORI_Custom:JST_PH_S5B-PH-K_1x05_P2.00mm_Horizontal__P4_ANNULUS__P3R1_J2,,[],False,https://item.szlcsc.com/169271.html,C157923 / S5B-PH-K-S(LF)(SN),,CNY,,NOT_LIVE_CONFIRMED,,UNKNOWN,UNKNOWN；国内运费另列，不假设包邮,CN_CATALOG_FOUND_QUOTE_PENDING,PROTOTYPE_SELECTED_NOT_PURCHASED,,,封装/引脚/额定/公差不等同则重新适配,"[""国内精确SKU结算报价与库存"", ""实物/装配及电气验证""]",厂商尺寸与国内目录料号已记录；库存、价格、线束和安装间隙未实测。,,,UNCONFIRMED,,,"[""MORI_rear_P5R4:J2""]",,"[""https://www.jst-mfg.com/product/pdf/eng/ePH.pdf""]",[]
V1.2-H0.5-P5R4,p4_050,pcb_part,P4 PCB装配：MORI_rear_P5R4:D1,1,piece,SMF24A,P5,SMF24A / Littelfuse,Diode_SMD:D_SOD-123F,"[""HW12-P4""]",2026-09-23,ASSUMED,,,,Diode_SMD:D_SOD-123F,,[],False,立创商城/淘宝授权店；未形成所选SKU结算证据,SMF24A,,CNY,,NOT_LIVE_CONFIRMED,,UNKNOWN,UNKNOWN；国内运费另列，不假设包邮,BLOCKED_QUOTE_AND_ASSEMBLY,PROTOTYPE_SELECTED_NOT_PURCHASED,,,封装/引脚/额定/公差不等同则重新适配,"[""国内精确SKU结算报价与库存"", ""实物/装配及电气验证""]",P4原生工程对应的器件；不能视为整机已核价。,,,UNCONFIRMED,,,"[""MORI_rear_P5R4:D1""]",,"[""https://www.littelfuse.cn/products/overvoltage-protection/tvs-diodes/surface-mount/smf/smf24a""]",[]
V1.2-H0.5-P5R4,p4_051,pcb_part,P4 PCB装配：MORI_motion_P5R3:U5,1,piece,SN74LVC1G74DCUR,P5,SN74LVC1G74DCUR,MORI_Custom:TI_DCU0008A_0p85x0p30,"[""HW12-TI-sn74lvc1g74""]",2026-09-23,VENDOR_DOCUMENTED,"{""package_footprint"": ""Package_SO:VSSOP-8_2.3x2mm_P0.5mm""}",,,Package_SO:VSSOP-8_2.3x2mm_P0.5mm,,[],False,立创商城/淘宝授权店；未形成所选SKU结算证据,SN74LVC1G74DCUR,,CNY,,UNKNOWN,,UNKNOWN,UNKNOWN；国内运费另列，不假设包邮,BLOCKED_QUOTE_AND_ASSEMBLY,EXACT_IC_VENDOR_PINMAP; CN_QUOTE_PENDING,,,封装/引脚/额定/公差不等同则重新适配,"[""国内精确MPN小批量价格、库存、税运""]",Native schematic/PCB BOM cross-reference; not a quote and not purchased.,,,UNCONFIRMED,,,"[""MORI_motion_P5R3:U5""]",,,
V1.2-H0.5-P5R4,p4_052,pcb_part,"P4 PCB装配：MORI_motion_P5R3:U1, MORI_motion_P5R3:U2",2,piece,SN74LVC2G125DCUR,P5,SN74LVC2G125DCUR,MORI_Custom:TI_DCU0008A_0p85x0p30,"[""HW12-TI-sn74lvc2g125""]",2026-09-23,VENDOR_DOCUMENTED,"{""package_footprint"": ""Package_SO:VSSOP-8_2.3x2mm_P0.5mm""}",,,Package_SO:VSSOP-8_2.3x2mm_P0.5mm,,[],False,立创商城/淘宝授权店；未形成所选SKU结算证据,SN74LVC2G125DCUR,,CNY,,UNKNOWN,,UNKNOWN,UNKNOWN；国内运费另列，不假设包邮,BLOCKED_QUOTE_AND_ASSEMBLY,EXACT_IC_VENDOR_PINMAP; CN_QUOTE_PENDING,,,封装/引脚/额定/公差不等同则重新适配,"[""国内精确MPN小批量价格、库存、税运""]",Native schematic/PCB BOM cross-reference; not a quote and not purchased.,,,UNCONFIRMED,,,"[""MORI_motion_P5R3:U1"", ""MORI_motion_P5R3:U2""]",,,
V1.2-H0.5-P5R4,p4_053,pcb_part,P4 PCB装配：MORI_motion_P5R3:U3,1,piece,SN74LVC2G32DCUR,P5,SN74LVC2G32DCUR,MORI_Custom:TI_DCU0008A_0p85x0p30,"[""HW12-TI-sn74lvc2g32""]",2026-09-23,VENDOR_DOCUMENTED,"{""package_footprint"": ""Package_SO:VSSOP-8_2.3x2mm_P0.5mm""}",,,Package_SO:VSSOP-8_2.3x2mm_P0.5mm,,[],False,立创商城/淘宝授权店；未形成所选SKU结算证据,SN74LVC2G32DCUR,,CNY,,UNKNOWN,,UNKNOWN,UNKNOWN；国内运费另列，不假设包邮,BLOCKED_QUOTE_AND_ASSEMBLY,EXACT_IC_VENDOR_PINMAP; CN_QUOTE_PENDING,,,封装/引脚/额定/公差不等同则重新适配,"[""国内精确MPN小批量价格、库存、税运""]",Native schematic/PCB BOM cross-reference; not a quote and not purchased.,,,UNCONFIRMED,,,"[""MORI_motion_P5R3:U3""]",,,
V1.2-H0.5-P5R4,p4_054,pcb_part,"P4 PCB装配：MORI_power_P5R3:L60, MORI_power_P5R3:L70",2,piece,SRP7050TA-100M,P5,10uH / SRP7050TA-100M,MORI_Custom:Bourns_SRP7050TA_8p4_span_2p5_gap,"[""HW12-S3-03""]",2026-09-23,VENDOR_DOCUMENTED,"{""vendor_body_xyz_max"": [7, 6.9, 5], ""pcb_land_outer_span"": 8.4, ""pcb_land_gap"": 2.5, ""pad_xy"": [2.95, 3.5], ""pad_centres_x"": [-2.725, 2.725], ""installed_height_including_solder"": null}",,,,,[],False,立创商城/授权分销，精确SKU待核价,C2041441,,CNY,,NOT_LIVE_CHECKOUT_CONFIRMED,,UNKNOWN,国内运费另列；未确认包邮,EXACT_QUOTE_PENDING,SELECTED_SCHEMATIC_ONLY,,,额定、引脚、封装、反馈公差和环路稳定性重新核对,"[""国内精确MPN小批量报价/库存"", ""封装与布局终审"", ""实板测试""]","10uH +/-20%; DCR max69mohm, Irms4A (40C rise), Isat7.5A (20% L fall). Footprint dimension interpretation pending visual confirmation before PCB.; P3 corrects the previously mistaken land width using Bourns SRP7050TA drawing. These are vendor dimensions, not measurements.",,,UNCONFIRMED,,,"[""MORI_power_P5R3:L60"", ""MORI_power_P5R3:L70""]",,,
V1.2-H0.5-P5R4,p4_055,pcb_part,"P4 PCB装配：MORI_power_P5R3:U21, MORI_power_P5R3:U41",2,piece,TL431BIDBZR,P5,TL431BIDBZR,Package_TO_SOT_SMD:SOT-23,"[""HW12-TI-tl431""]",2026-09-23,VENDOR_DOCUMENTED,"{""package_footprint"": ""Package_TO_SOT_SMD:SOT-23""}",,,Package_TO_SOT_SMD:SOT-23,,[],False,立创商城/淘宝授权店；未形成所选SKU结算证据,TL431BIDBZR,,CNY,,UNKNOWN,,UNKNOWN,UNKNOWN；国内运费另列，不假设包邮,BLOCKED_QUOTE_AND_ASSEMBLY,EXACT_IC_VENDOR_PINMAP; CN_QUOTE_PENDING,,,封装/引脚/额定/公差不等同则重新适配,"[""国内精确MPN小批量价格、库存、税运""]",Native schematic/PCB BOM cross-reference; not a quote and not purchased.,,,UNCONFIRMED,,,"[""MORI_power_P5R3:U21"", ""MORI_power_P5R3:U41""]",,,
V1.2-H0.5-P5R4,p4_056,pcb_part,P4 PCB装配：MORI_motion_P5R3:U6,1,piece,TLV803EA29DBZR,P5,TLV803EA29DBZR,Package_TO_SOT_SMD:SOT-23,"[""HW12-TI-tlv803e""]",2026-09-23,VENDOR_DOCUMENTED,"{""package_footprint"": ""Package_TO_SOT_SMD:SOT-23""}",,,Package_TO_SOT_SMD:SOT-23,,[],False,立创商城/淘宝授权店；未形成所选SKU结算证据,TLV803EA29DBZR,,CNY,,UNKNOWN,,UNKNOWN,UNKNOWN；国内运费另列，不假设包邮,BLOCKED_QUOTE_AND_ASSEMBLY,EXACT_IC_VENDOR_PINMAP; CN_QUOTE_PENDING,,,封装/引脚/额定/公差不等同则重新适配,"[""国内精确MPN小批量价格、库存、税运""]",Native schematic/PCB BOM cross-reference; not a quote and not purchased.,,,UNCONFIRMED,,,"[""MORI_motion_P5R3:U6""]",,,
V1.2-H0.5-P5R4,p4_057,pcb_part,P4 PCB装配：MORI_motion_P5R3:U4,1,piece,TXU0202DCUR,P5,TXU0202DCUR,MORI_Custom:TI_DCU0008A_0p85x0p30,"[""HW12-TI-txu0202""]",2026-09-23,VENDOR_DOCUMENTED,"{""package_footprint"": ""Package_SO:VSSOP-8_2.3x2mm_P0.5mm""}",,,Package_SO:VSSOP-8_2.3x2mm_P0.5mm,,[],False,立创商城/淘宝授权店；未形成所选SKU结算证据,TXU0202DCUR,,CNY,,UNKNOWN,,UNKNOWN,UNKNOWN；国内运费另列，不假设包邮,BLOCKED_QUOTE_AND_ASSEMBLY,EXACT_IC_VENDOR_PINMAP; CN_QUOTE_PENDING,,,封装/引脚/额定/公差不等同则重新适配,"[""国内精确MPN小批量价格、库存、税运""]",Native schematic/PCB BOM cross-reference; not a quote and not purchased.,,,UNCONFIRMED,,,"[""MORI_motion_P5R3:U4""]",,,
V1.2-H0.5-P5R4,p4_058,pcb_part,P4 PCB装配：MORI_rear_P5R4:USB1,1,piece,TYPE-C-31-M-12,P5,HRO TYPE-C-31-M-12 / charge only,MORI_Custom:USB_C_Receptacle_HRO_TYPE-C-31-M-12__P4_ANNULUS__P3R1_USB1,"[""HW12-P4-CONNECTORS""]",2026-09-23,VENDOR_DOCUMENTED,"{""bare_xyz"": [8.94, 7.35, 3.16], ""mated_height"": null, ""mated_depth"": null, ""wire_bend"": null}",,,MORI_Custom:USB_C_Receptacle_HRO_TYPE-C-31-M-12__P4_ANNULUS__P3R1_USB1,,[],False,立创商城目录 C165948,C165948 / TYPE-C-31-M-12,,CNY,,NOT_LIVE_CONFIRMED,,UNKNOWN,UNKNOWN；国内运费另列，不假设包邮,CN_CATALOG_FOUND_QUOTE_PENDING,PROTOTYPE_SELECTED_NOT_PURCHASED,,,封装/引脚/额定/公差不等同则重新适配,"[""国内精确SKU结算报价与库存"", ""实物/装配及电气验证""]",厂商尺寸与国内目录料号已记录；库存、价格、线束和安装间隙未实测。,,,UNCONFIRMED,,,"[""MORI_rear_P5R4:USB1""]",,"[""https://www.krhro.com/Product-Details/726.html""]",[]
V1.2-H0.5-P5R4,p4_059,pcb_part,P4 PCB装配：MORI_power_P5R3:R2,1,piece,WSL2512R0100FEA,P5,WSL2512R0100FEA 10mR 1% 1W,Resistor_SMD:R_2512_6332Metric,"[""HW12-PCB""]",2026-09-23,ASSUMED,"{""package_footprint"": ""Resistor_SMD:R_2512_6332Metric""}",,,Resistor_SMD:R_2512_6332Metric,,[],False,立创商城/淘宝授权店；未形成所选SKU结算证据,WSL2512R0100FEA,,CNY,,UNKNOWN,,UNKNOWN,UNKNOWN；国内运费另列，不假设包邮,BLOCKED_QUOTE_AND_ASSEMBLY,VENDOR_SERIES; CN_QUOTE_PENDING,,,封装/引脚/额定/公差不等同则重新适配,"[""国内精确MPN小批量价格、库存、税运""]",Native schematic/PCB BOM cross-reference; not a quote and not purchased.,,,UNCONFIRMED,,,"[""MORI_power_P5R3:R2""]",,,
V1.2-H0.5-P5R4,p4_external_master_fuse,power,电池线束串联总保险与绝缘保险座,1,set,6.3A DC inline fuse + holder; exact part UNSELECTED,external harness,"DC voltage/interrupt rating and time-current curve must match finished3S pack;6.3A is design target, not a selected rating",finished protected pack positive -> fuse -> power J1.2,"[""HW12-PCB""]",2026-09-22,ASSUMED,,,,Capacitor_SMD:C_0603_1608Metric,,[],False,,,,CNY,,UNKNOWN,,UNKNOWN,UNKNOWN；国内运费另列，不假设包邮,BLOCKED_QUOTE_AND_ASSEMBLY,ORDER_CODE_CANDIDATE_VERIFY_EXACT_DATASHEET,,,封装/引脚/额定/公差不等同则重新适配,"[""精确DC保险及座型号、曲线、尺寸"", ""成品电池短路与放电额定"", ""国内报价""]",从旧physical_disable组合拆出，不能随开关更新漏掉此必需件。,,,UNCONFIRMED,,,"[""MORI_power_P5R3:J1""]",,,
V1.2-H0.5-P5R4,p4_assembly_service,assembly,四板首台装配/回流及必要钢网辅料,1,set,Qualified small-batch double-sided PCBA service; quote pending,P5,四板首台装配/回流及必要钢网辅料,P4 native assembly + vendor module drawing,"[""HW12-P4""]",2026-09-22,ASSUMED,,,,Capacitor_SMD:C_0603_1608Metric,,[],False,,,,CNY,,UNKNOWN,,UNKNOWN,UNKNOWN；国内运费另列，不假设包邮,BLOCKED_QUOTE_AND_ASSEMBLY,ORDER_CODE_CANDIDATE_VERIFY_EXACT_DATASHEET,,,封装/引脚/额定/公差不等同则重新适配,"[""精确报价与所含项目"", ""实际装配/插合与检验""]",含IMU LGA和电源细脚元件；若板厂报价已含钢网/辅料则合并，不重复计价。工具与人工的排除口径不等于免费商业贴装。,,,UNCONFIRMED,,,,,,
V1.2-H0.5-P5R4,p4_motion_module_sockets,assembly,WeAct模块与载板可拆插接件,1,set,WeAct V1.1 matching socket/header set; exact MPN/stack height UNSELECTED,P5,WeAct模块与载板可拆插接件,P4 native assembly + vendor module drawing,"[""HW12-P4""]",2026-09-22,ASSUMED,,,,Capacitor_SMD:C_0603_1608Metric,,[],False,,,,CNY,,UNKNOWN,,UNKNOWN,UNKNOWN；国内运费另列，不假设包邮,BLOCKED_QUOTE_AND_ASSEMBLY,ORDER_CODE_CANDIDATE_VERIFY_EXACT_DATASHEET,,,封装/引脚/额定/公差不等同则重新适配,"[""精确报价与所含项目"", ""实际装配/插合与检验""]",按实际P1/P2/P3/P4孔阵列确认；P5维护/NRST方式分别核对。不能假定模块已附合适排母或拿未知插合高度证明机械适配。,,,UNCONFIRMED,,,,,,
V1.2-H0.5-P5R4,p4_phr_2,harness_part,P4 PH2板座配对线端壳体,9,piece,PHR-2,P4 harness,JST PH2.0 mating housing,SPH-002T-P0.5S contacts; see exact cable table,"[""HW12-P4-CONNECTORS""]",2026-09-22,ASSUMED,,,,Capacitor_SMD:C_0603_1608Metric,,[],False,立创商城/淘宝授权店；未形成所选SKU结算证据,PHR-2,,CNY,,UNKNOWN,,UNKNOWN,UNKNOWN；国内运费另列，不假设包邮,BLOCKED_QUOTE_AND_ASSEMBLY,ORDER_CODE_CANDIDATE_VERIFY_EXACT_DATASHEET,,,封装/引脚/额定/公差不等同则重新适配,"[""国内精确SKU/结算价"", ""插合/锁扣与线缆路径""]",按已装板座每座一只线端壳的备料量；维护/NC接口可依实际装配清单少装，不能无说明计零。,,,UNCONFIRMED,,,,,,
V1.2-H0.5-P5R4,p4_phr_3,harness_part,P4 PH3板座配对线端壳体,2,piece,PHR-3,P4 harness,JST PH2.0 mating housing,SPH-002T-P0.5S contacts; see exact cable table,"[""HW12-P4-CONNECTORS""]",2026-09-22,ASSUMED,,,,Capacitor_SMD:C_0603_1608Metric,,[],False,立创商城/淘宝授权店；未形成所选SKU结算证据,PHR-3,,CNY,,UNKNOWN,,UNKNOWN,UNKNOWN；国内运费另列，不假设包邮,BLOCKED_QUOTE_AND_ASSEMBLY,ORDER_CODE_CANDIDATE_VERIFY_EXACT_DATASHEET,,,封装/引脚/额定/公差不等同则重新适配,"[""国内精确SKU/结算价"", ""插合/锁扣与线缆路径""]",按已装板座每座一只线端壳的备料量；维护/NC接口可依实际装配清单少装，不能无说明计零。,,,UNCONFIRMED,,,,,,
V1.2-H0.5-P5R4,p4_phr_4,harness_part,P4 PH4板座配对线端壳体,2,piece,PHR-4,P4 harness,JST PH2.0 mating housing,SPH-002T-P0.5S contacts; see exact cable table,"[""HW12-P4-CONNECTORS""]",2026-09-22,ASSUMED,,,,Capacitor_SMD:C_0603_1608Metric,,[],False,立创商城/淘宝授权店；未形成所选SKU结算证据,PHR-4,,CNY,,UNKNOWN,,UNKNOWN,UNKNOWN；国内运费另列，不假设包邮,BLOCKED_QUOTE_AND_ASSEMBLY,ORDER_CODE_CANDIDATE_VERIFY_EXACT_DATASHEET,,,封装/引脚/额定/公差不等同则重新适配,"[""国内精确SKU/结算价"", ""插合/锁扣与线缆路径""]",按已装板座每座一只线端壳的备料量；维护/NC接口可依实际装配清单少装，不能无说明计零。,,,UNCONFIRMED,,,,,,
V1.2-H0.5-P5R4,p4_phr_5,harness_part,P4 PH5板座配对线端壳体,1,piece,PHR-5,P4 harness,JST PH2.0 mating housing,SPH-002T-P0.5S contacts; see exact cable table,"[""HW12-P4-CONNECTORS""]",2026-09-22,ASSUMED,,,,Capacitor_SMD:C_0603_1608Metric,,[],False,立创商城/淘宝授权店；未形成所选SKU结算证据,PHR-5,,CNY,,UNKNOWN,,UNKNOWN,UNKNOWN；国内运费另列，不假设包邮,BLOCKED_QUOTE_AND_ASSEMBLY,ORDER_CODE_CANDIDATE_VERIFY_EXACT_DATASHEET,,,封装/引脚/额定/公差不等同则重新适配,"[""国内精确SKU/结算价"", ""插合/锁扣与线缆路径""]",按已装板座每座一只线端壳的备料量；维护/NC接口可依实际装配清单少装，不能无说明计零。,,,UNCONFIRMED,,,,,,
V1.2-H0.5-P5R4,p4_phr_8,harness_part,P4 PH8板座配对线端壳体,4,piece,PHR-8,P4 harness,JST PH2.0 mating housing,SPH-002T-P0.5S contacts; see exact cable table,"[""HW12-P4-CONNECTORS""]",2026-09-22,ASSUMED,,,,Capacitor_SMD:C_0603_1608Metric,,[],False,立创商城/淘宝授权店；未形成所选SKU结算证据,PHR-8,,CNY,,UNKNOWN,,UNKNOWN,UNKNOWN；国内运费另列，不假设包邮,BLOCKED_QUOTE_AND_ASSEMBLY,ORDER_CODE_CANDIDATE_VERIFY_EXACT_DATASHEET,,,封装/引脚/额定/公差不等同则重新适配,"[""国内精确SKU/结算价"", ""插合/锁扣与线缆路径""]",按已装板座每座一只线端壳的备料量；维护/NC接口可依实际装配清单少装，不能无说明计零。,,,UNCONFIRMED,,,,,,
V1.2-H0.5-P5R4,p4_ph_contacts,harness_part,PH线端压接端子备料,69,piece,SPH-002T-P0.5S,P4 harness,JST PH crimp contact; wire/insulation per manufacturer,PHR-2/3/4/5/8,"[""HW12-P4-CONNECTORS""]",2026-09-22,ASSUMED,,,,Capacitor_SMD:C_0603_1608Metric,,[],False,立创商城/淘宝授权店；未形成所选SKU结算证据,SPH-002T-P0.5S,,CNY,,UNKNOWN,,UNKNOWN,UNKNOWN；国内运费另列，不假设包邮,BLOCKED_QUOTE_AND_ASSEMBLY,ORDER_CODE_CANDIDATE_VERIFY_EXACT_DATASHEET,,,封装/引脚/额定/公差不等同则重新适配,"[""国内精确SKU/价格"", ""线规/压接/拉力验证""]",按所有预留孔位的端子数备料，包含未用孔；损耗另核，不保证压接一次成功。,,,UNCONFIRMED,,,,,,
