total_kg,com_above_axle_m,body_pitch_inertia_kg_m2,lean_deg,desired_pitch_accel_rad_s2,each_wheel_Nm,each_motor_A_est,x_accel_m_s2,speed_change_100ms_m_s,traction_ratio
1.0102766693344203,0.03606663869039681,0.0015266685281661045,5,-5.585053606381854,0.013168338552766223,0.18392480200148767,0.4962993326191044,0.049629933261910446,0.07192738721205527
1.0102766693344203,0.03606663869039681,0.0015266685281661045,8,-8.936085770210967,0.019986898358054603,0.22738102689281384,0.8622615159365826,0.08622615159365826,0.12988333818468192
1.0102766693344203,0.03606663869039681,0.0015266685281661045,12,-13.404128655316452,0.02907831143177245,0.28532266008124874,1.350211093693221,0.1350211093693221,0.20715793948151748
1.0102766693344203,0.03606663869039681,0.0023487208125632375,5,-5.585053606381854,0.014583914384449235,0.19294658716565566,0.5517318224485864,0.05517318224485865,0.08395940655951717
1.0102766693344203,0.03606663869039681,0.0023487208125632375,8,-8.936085770210967,0.022251819688747426,0.24181588315548266,0.9509534996637544,0.09509534996637545,0.14913456914062098
1.0102766693344203,0.03606663869039681,0.0023487208125632375,12,-13.404128655316452,0.03247569342781168,0.30697494447525203,1.4832490692839786,0.14832490692839786,0.2360347859154261
1.0102766693344203,0.03606663869039681,0.0035230812188448563,5,-5.585053606381854,0.016606165572567826,0.20583485168589571,0.6309210936335607,0.06309210936335607,0.10114800562731989
1.0102766693344203,0.03606663869039681,0.0035230812188448563,8,-8.936085770210967,0.025487421589737175,0.26243710638786677,1.0776563335597138,0.10776563335597139,0.17663632764910542
1.0102766693344203,0.03606663869039681,0.0035230812188448563,12,-13.404128655316452,0.0373290962792963,0.33790677932382807,1.6733033201279168,0.16733033201279168,0.2772874236781526
1.0102766693344203,0.05606663869039681,0.0015266685281661045,5,-5.585053606381854,0.015933668890605296,0.2015488781248266,0.6960419828364799,0.06960419828364799,0.0954319620870336
1.0102766693344203,0.05606663869039681,0.0015266685281661045,8,-8.936085770210967,0.024106177212896488,0.25363412335568525,1.169896493365268,0.11698964933652681,0.16489611656768194
1.0102766693344203,0.05606663869039681,0.0015266685281661045,12,-13.404128655316452,0.03500285497595142,0.32308111699683006,1.8017025074036526,0.18017025074036527,0.2575149892085465
1.0102766693344203,0.05606663869039681,0.0023487208125632375,5,-5.585053606381854,0.017101076507351137,0.20898903108701197,0.7417564612796345,0.07417564612796344,0.1053546173886294
1.0102766693344203,0.05606663869039681,0.0023487208125632375,8,-8.936085770210967,0.02597402939968983,0.2655383680951818,1.2430396588743153,0.12430396588743153,0.18077236505023522
1.0102766693344203,0.05606663869039681,0.0023487208125632375,12,-13.404128655316452,0.03780463325614143,0.34093748410607494,1.9114172556672238,0.19114172556672238,0.2813293619323764
1.0102766693344203,0.05606663869039681,0.0035230812188448563,5,-5.585053606381854,0.01876880167413091,0.21961782103299107,0.8070628590555697,0.08070628590555698,0.119529839248052
1.0102766693344203,0.05606663869039681,0.0035230812188448563,8,-8.936085770210967,0.028642389666537465,0.2825444320087483,1.3475298953158115,0.13475298953158116,0.20345272002531137
1.0102766693344203,0.05606663869039681,0.0035230812188448563,12,-13.404128655316452,0.04180717365641288,0.3664465799764247,2.0681526103294674,0.20681526103294676,0.31534989439499056
1.0102766693344203,0.07606663869039682,0.0015266685281661045,5,-5.585053606381854,0.018028271578862446,0.2148982551308452,0.8695196299493605,0.08695196299493606,0.11323552972804943
1.0102766693344203,0.07606663869039682,0.0015266685281661045,8,-8.936085770210967,0.02724335543853933,0.2736280702287436,1.439073422894902,0.1439073422894902,0.1915612999245446
1.0102766693344203,0.07606663869039682,0.0015266685281661045,12,-13.404128655316452,0.039530133918108515,0.3519344903592748,2.198478480155625,0.21984784801556254,0.2959956601865382
1.0102766693344203,0.07606663869039682,0.0023487208125632375,5,-5.585053606381854,0.01902154576147795,0.2212286163055041,0.9084152226780516,0.09084152226780517,0.12167809699649114
1.0102766693344203,0.07606663869039682,0.0023487208125632375,8,-8.936085770210967,0.028832594130724143,0.2837566481081979,1.5013063712608088,0.15013063712608088,0.2050694075540514
1.0102766693344203,0.07606663869039682,0.0023487208125632375,12,-13.404128655316452,0.041913991956385725,0.36712735717845624,2.2918279027044854,0.22918279027044855,0.31625782163079835
1.0102766693344203,0.07606663869039682,0.0035230812188448563,5,-5.585053606381854,0.0204405088795001,0.23027198941215976,0.9639803551476109,0.0963980355147611,0.13373890737997932
1.0102766693344203,0.07606663869039682,0.0035230812188448563,8,-8.936085770210967,0.031102935119559583,0.2982260450788469,1.590210583212104,0.1590210583212104,0.2243667041676325
1.0102766693344203,0.07606663869039682,0.0035230812188448563,12,-13.404128655316452,0.04531950343963889,0.38883145263442975,2.425184220631427,0.24251842206314272,0.34520376655117
