线束,起点,终点,导线段数,逐针关系,线规建议,长度mm,说明,长度状态,制造放行
H01,电源板 J17,运动板 J1,2,J17.1→J1.1；J17.2→J1.2,AWG24,NOT_TESTED,1→1、2→2，先确认+5V极性。,BLOCKED,BLOCKED
H02,运动板 J2,电源板 J13,2,J2.1→J13.1；J2.2→J13.2,AWG26–28,NOT_TESTED,半双工数据及地，不能承担电机供电。,BLOCKED,BLOCKED
H03,运动板 J3,电源板 J14,2,J3.1→J14.1；J3.2→J14.2,AWG26–28,NOT_TESTED,两端第3孔均为空位，不压端子。,BLOCKED,BLOCKED
H04,运动板 J4,IMU板 J1,8,J4.1→J1.1；J4.2→J1.2；J4.3→J1.3；J4.4→J1.4；J4.5→J1.5；J4.6→J1.6；J4.7→J1.7；J4.8→J1.8,AWG26–28,NOT_TESTED,1–8同号，两根GND都接；不得插入运动J7。,BLOCKED,BLOCKED
H05,运动板 J7,电源板 J10,8,J7.1→J10.1；J7.2→J10.2；J7.3→J10.3；J7.4→J10.4；J7.5→J10.5；J7.6→J10.6；J7.7→J10.7；J7.8→J10.8,AWG26–28,NOT_TESTED,1–8同号；ADC入板网名带_IN；不得插入运动J4。,BLOCKED,BLOCKED
H06,运动板 J5,CAM33700 J11,4,J5.1→J11.1；J5.2→J11.2；J5.3→J11.3；J5.4→J11.4,PH端AWG28；CAM端厂配SH尾线,NOT_TESTED,1→1接CAM RX，2→2接CAM TX，不再额外交叉；3脚只供U4 VCCB。,BLOCKED,BLOCKED
H07,后接口板 J3,电源板 J19 / 运动板 J8,4,J3.1→J19.1；J3.2→J19.2；J3.3→J8.1；J3.4→J8.2,AWG26–28,NOT_TESTED,后板PH4分成两只PH2；两条回路不可混接；MASTER_RETURN可接近电池电压。,BLOCKED,BLOCKED
H08,后接口板 J2,外部PD/3S充电模块（未选） 待确认 / 电源板 J16,6,J2.1→待确认.待确认；J2.2→待确认.待确认；J2.3→待确认.待确认；J2.4→待确认.待确认；J2.5→J16.1；J2.2→J16.2,AWG24功率/共地；AWG26–28 CC/检测,NOT_TESTED,J2.1为保险后功率输入，J2.5仅RAW检测；1和5不得桥接；RAW源端保护待完成。,BLOCKED,BLOCKED
P_J1,电源板 J1,成品3S电池/外部保险 厂配端/端子待确认,2,J1.1→厂配端/端子待确认.待确认；J1.2→厂配端/端子待确认.待确认,AWG20,NOT_TESTED,1=GND，2=正极；电池及保险精确型号待确认,BLOCKED,BLOCKED
P_J2,电源板 J2,外部9V降压器输入 厂配端/端子待确认,2,J2.1→厂配端/端子待确认.待确认；J2.2→厂配端/端子待确认.待确认,AWG20,NOT_TESTED,这里输出3S电池母线；不可直接接9V电机,BLOCKED,BLOCKED
P_J3,电源板 J3,外部9V降压器输出 厂配端/端子待确认,2,J3.1→厂配端/端子待确认.待确认；J3.2→厂配端/端子待确认.待确认,AWG20,NOT_TESTED,接稳压9V输出；不可与J2直接短接,BLOCKED,BLOCKED
P_J4,电源板 J4,外部6V降压器输入 厂配端/端子待确认,2,J4.1→厂配端/端子待确认.待确认；J4.2→厂配端/端子待确认.待确认,AWG20,NOT_TESTED,这里输出3S电池母线；不可直接接6V舵机,BLOCKED,BLOCKED
P_J5,电源板 J5,外部6V降压器输出 厂配端/端子待确认,2,J5.1→厂配端/端子待确认.待确认；J5.2→厂配端/端子待确认.待确认,AWG20,NOT_TESTED,接稳压6V输出；不可与J4直接短接,BLOCKED,BLOCKED
P_J7,电源板 J7,左轮S288 厂配端/端子待确认,3,J7.1→厂配端/端子待确认.待确认；J7.2→厂配端/端子待确认.待确认；J7.3→厂配端/端子待确认.待确认,AWG22,NOT_TESTED,3脚为单线半双工数据；电机端针序待核,BLOCKED,BLOCKED
P_J8,电源板 J8,右轮S288 厂配端/端子待确认,3,J8.1→厂配端/端子待确认.待确认；J8.2→厂配端/端子待确认.待确认；J8.3→厂配端/端子待确认.待确认,AWG22,NOT_TESTED,与左轮共总线；两电机必须分配不同ID,BLOCKED,BLOCKED
P_J9,电源板 J9,头部SCS0009链 厂配端/端子待确认,3,J9.1→厂配端/端子待确认.待确认；J9.2→厂配端/端子待确认.待确认；J9.3→厂配端/端子待确认.待确认,AWG22,NOT_TESTED,两舵机共头部总线；连接顺序/厂配线待确认,BLOCKED,BLOCKED
P_J11,电源板 J11,外置轮制动电阻5.6Ω 厂配端/端子待确认,2,J11.1→厂配端/端子待确认.待确认；J11.2→厂配端/端子待确认.待确认,AWG20,NOT_TESTED,1=W_DUMP_D开关漏极，不是GND；电阻跨1、2,BLOCKED,BLOCKED
P_J12,电源板 J12,外置头制动电阻10Ω 厂配端/端子待确认,2,J12.1→厂配端/端子待确认.待确认；J12.2→厂配端/端子待确认.待确认,AWG20,NOT_TESTED,1=H_DUMP_D开关漏极，不是GND；电阻跨1、2,BLOCKED,BLOCKED
P_J18,电源板 J18,CAM33700 5V USB供电尾线 厂配端/端子待确认,2,J18.1→厂配端/端子待确认.待确认；J18.2→厂配端/端子待确认.待确认,AWG22,NOT_TESTED,1=+5V，2=GND；不得接CAM单节BAT口,BLOCKED,BLOCKED
I01,电源板 J15,可选托架干接点 待确认,2,J15.1→待确认.待确认；J15.2→待确认.待确认,AWG26–28,NOT_TESTED,可选干接点闭合时禁驱；开路断线不能自诊断。,BLOCKED,BLOCKED
SVC01,运动板 J6,可选机内维护按键 无源常开瞬时接点,2,J6.1→无源常开瞬时接点.两端无极性；J6.2→无源常开瞬时接点.两端无极性,AWG26–28,NOT_TESTED,按下短接1–2；非复位、非急停；无外壳新增按键。,BLOCKED,BLOCKED
