CAM接口,针号,CAM信号,屏幕信号,定义状态,接线状态,说明
L3,1,3V3,VCC,PASS,BLOCKED,CAM为3.3V，需核整屏峰值与3V3轨余量
L3,2,LCD_BL,LCD_BL,PASS,BLOCKED,同号仅是逻辑对应；待FFC接触面/方向/针距确认
L3,3,GND,GND,PASS,BLOCKED,同号仅是逻辑对应；待FFC接触面/方向/针距确认
L3,4,LCD_SCLK,LCD_SCLK,PASS,BLOCKED,同号仅是逻辑对应；待FFC接触面/方向/针距确认
L3,5,LCD_IO0,LCD_IO0,PASS,BLOCKED,同号仅是逻辑对应；待FFC接触面/方向/针距确认
L3,6,LCD_IO1,LCD_IO1,PASS,BLOCKED,同号仅是逻辑对应；待FFC接触面/方向/针距确认
L3,7,LCD_IO2,LCD_IO2,PASS,BLOCKED,同号仅是逻辑对应；待FFC接触面/方向/针距确认
L3,8,LCD_RST,LCD_RST,PASS,BLOCKED,同号仅是逻辑对应；待FFC接触面/方向/针距确认
L3,9,LCD_CS,LCD_CS,PASS,BLOCKED,同号仅是逻辑对应；待FFC接触面/方向/针距确认
L3,10,NC,LCD_TE,NOT_APPLICABLE,BLOCKED,CAM原理图此脚NC；不能声称有TE同步
L3,11,LCD_IO3,LCD_IO3,PASS,BLOCKED,同号仅是逻辑对应；待FFC接触面/方向/针距确认
L3,12,TP_RST,TP_RST,PASS,BLOCKED,同号仅是逻辑对应；待FFC接触面/方向/针距确认
L3,13,TP_SCL,TP_SCL,PASS,BLOCKED,同号仅是逻辑对应；待FFC接触面/方向/针距确认
L3,14,TP_SDA,TP_SDA,PASS,BLOCKED,同号仅是逻辑对应；待FFC接触面/方向/针距确认
L3,15,TP_INT,TP_INT,PASS,BLOCKED,同号仅是逻辑对应；待FFC接触面/方向/针距确认
L3,16,NC,未提供,BLOCKED,BLOCKED,屏侧定义未查到；禁止猜测GND/NC
L3,17,NC,未提供,BLOCKED,BLOCKED,屏侧定义未查到；禁止猜测GND/NC
L3,18,NC,未提供,BLOCKED,BLOCKED,屏侧定义未查到；禁止猜测GND/NC
