reference,pin,function,V1,Rev1p1,evidence,source,physical_cavity_view,notes
CAM J11,1,CAM_RX / GPIO44,CAM_RX / GPIO44,CAM_RX / GPIO44,VENDOR_DOCUMENTED,CAM_V1.pdf p1 / CAM_V11.pdf p1,BLOCKED,"MORI motion J5 same-number correspondence; pin3 only remote-side level-shifter reference, not CAM main feed"
CAM J11,2,CAM_TX / GPIO43,CAM_TX / GPIO43,CAM_TX / GPIO43,VENDOR_DOCUMENTED,CAM_V1.pdf p1 / CAM_V11.pdf p1,BLOCKED,"MORI motion J5 same-number correspondence; pin3 only remote-side level-shifter reference, not CAM main feed"
CAM J11,3,CAM local 3V3,CAM local 3V3,CAM local 3V3,VENDOR_DOCUMENTED,CAM_V1.pdf p1 / CAM_V11.pdf p1,BLOCKED,"MORI motion J5 same-number correspondence; pin3 only remote-side level-shifter reference, not CAM main feed"
CAM J11,4,GND,GND,GND,VENDOR_DOCUMENTED,CAM_V1.pdf p1 / CAM_V11.pdf p1,BLOCKED,"MORI motion J5 same-number correspondence; pin3 only remote-side level-shifter reference, not CAM main feed"
CAM J6,1,SCL / GPIO7,SCL / GPIO7,SCL / GPIO7,VENDOR_DOCUMENTED,CAM_V1.pdf p1 / CAM_V11.pdf p1,BLOCKED,I2C; do not substitute for J11
CAM J6,2,SDA / GPIO8,SDA / GPIO8,SDA / GPIO8,VENDOR_DOCUMENTED,CAM_V1.pdf p1 / CAM_V11.pdf p1,BLOCKED,I2C; do not substitute for J11
CAM J6,3,CAM local 3V3,CAM local 3V3,CAM local 3V3,VENDOR_DOCUMENTED,CAM_V1.pdf p1 / CAM_V11.pdf p1,BLOCKED,I2C; do not substitute for J11
CAM J6,4,GND,GND,GND,VENDOR_DOCUMENTED,CAM_V1.pdf p1 / CAM_V11.pdf p1,BLOCKED,I2C; do not substitute for J11
CAM J5 SPK,1,PA_OUTL+,PA_OUTL+,PA_OUTL+,VENDOR_DOCUMENTED,CAM_V1.pdf p1 / CAM_V11.pdf p1,BLOCKED,Bridge output; neither conductor is GND; not battery connector J4
CAM J5 SPK,2,PA_OUTL-,PA_OUTL-,PA_OUTL-,VENDOR_DOCUMENTED,CAM_V1.pdf p1 / CAM_V11.pdf p1,BLOCKED,Bridge output; neither conductor is GND; not battery connector J4
CAM J2 CAMERA,1,NC,NC,NC,VENDOR_DOCUMENTED,CAM_V1.pdf p1 / CAM_V11.pdf p1,BLOCKED,Schematic electrical pin only; no cable orientation or extension approval
CAM J2 CAMERA,2,AGND,AGND via R5 0R to GND,CAM_AGND via R53 0R to GND,VENDOR_DOCUMENTED,CAM_V1.pdf p1 / CAM_V11.pdf p1,BLOCKED,Schematic electrical pin only; no cable orientation or extension approval
CAM J2 CAMERA,3,TWI_SDA / GPIO8,TWI_SDA / GPIO8,TWI_SDA / GPIO8,VENDOR_DOCUMENTED,CAM_V1.pdf p1 / CAM_V11.pdf p1,BLOCKED,Schematic electrical pin only; no cable orientation or extension approval
CAM J2 CAMERA,4,AVDD 2V8,2V8 direct,2V8 via R50 5.1 ohm,VENDOR_DOCUMENTED,CAM_V1.pdf p1 / CAM_V11.pdf p1,BLOCKED,Schematic electrical pin only; no cable orientation or extension approval
CAM J2 CAMERA,5,TWI_CLK / GPIO7,TWI_CLK / GPIO7,TWI_CLK / GPIO7,VENDOR_DOCUMENTED,CAM_V1.pdf p1 / CAM_V11.pdf p1,BLOCKED,Schematic electrical pin only; no cable orientation or extension approval
CAM J2 CAMERA,6,RESET,RESET,RESET,VENDOR_DOCUMENTED,CAM_V1.pdf p1 / CAM_V11.pdf p1,BLOCKED,"Schematic electrical pin only; no cable orientation or extension approval; R10 10k pullup to3V3, C20 100nF"
CAM J2 CAMERA,7,CAM_VSYNC / GPIO17,CAM_VSYNC / GPIO17,CAM_VSYNC / GPIO17,VENDOR_DOCUMENTED,CAM_V1.pdf p1 / CAM_V11.pdf p1,BLOCKED,Schematic electrical pin only; no cable orientation or extension approval
CAM J2 CAMERA,8,CAM_PWDN / EXIO3,CAM_PWDN / EXIO3,CAM_PWDN / EXIO3,VENDOR_DOCUMENTED,CAM_V1.pdf p1 / CAM_V11.pdf p1,BLOCKED,Schematic electrical pin only; no cable orientation or extension approval
CAM J2 CAMERA,9,CAM_HREF / GPIO18,CAM_HREF / GPIO18,CAM_HREF / GPIO18,VENDOR_DOCUMENTED,CAM_V1.pdf p1 / CAM_V11.pdf p1,BLOCKED,Schematic electrical pin only; no cable orientation or extension approval
CAM J2 CAMERA,10,DVDD 1V5,DVDD 1V5,DVDD 1V5,VENDOR_DOCUMENTED,CAM_V1.pdf p1 / CAM_V11.pdf p1,BLOCKED,Schematic electrical pin only; no cable orientation or extension approval
CAM J2 CAMERA,11,DOVDD 2V8,DOVDD 2V8,DOVDD 2V8,VENDOR_DOCUMENTED,CAM_V1.pdf p1 / CAM_V11.pdf p1,BLOCKED,Schematic electrical pin only; no cable orientation or extension approval
CAM J2 CAMERA,12,CAM_D7 / GPIO21,CAM_D7 / GPIO21,CAM_D7 / GPIO21,VENDOR_DOCUMENTED,CAM_V1.pdf p1 / CAM_V11.pdf p1,BLOCKED,Schematic electrical pin only; no cable orientation or extension approval
CAM J2 CAMERA,13,CAM_XCLK / GPIO38,CAM_XCLK / GPIO38,CAM_XCLK / GPIO38,VENDOR_DOCUMENTED,CAM_V1.pdf p1 / CAM_V11.pdf p1,BLOCKED,Schematic electrical pin only; no cable orientation or extension approval
CAM J2 CAMERA,14,CAM_D6 / GPIO39,CAM_D6 / GPIO39,CAM_D6 / GPIO39,VENDOR_DOCUMENTED,CAM_V1.pdf p1 / CAM_V11.pdf p1,BLOCKED,Schematic electrical pin only; no cable orientation or extension approval
CAM J2 CAMERA,15,DGND,DGND,DGND,VENDOR_DOCUMENTED,CAM_V1.pdf p1 / CAM_V11.pdf p1,BLOCKED,Schematic electrical pin only; no cable orientation or extension approval
CAM J2 CAMERA,16,CAM_D5 / GPIO40,CAM_D5 / GPIO40,CAM_D5 / GPIO40,VENDOR_DOCUMENTED,CAM_V1.pdf p1 / CAM_V11.pdf p1,BLOCKED,Schematic electrical pin only; no cable orientation or extension approval
CAM J2 CAMERA,17,CAM_PCLK / GPIO41,CAM_PCLK / GPIO41,CAM_PCLK / GPIO41,VENDOR_DOCUMENTED,CAM_V1.pdf p1 / CAM_V11.pdf p1,BLOCKED,Schematic electrical pin only; no cable orientation or extension approval
CAM J2 CAMERA,18,CAM_D4 / GPIO42,CAM_D4 / GPIO42,CAM_D4 / GPIO42,VENDOR_DOCUMENTED,CAM_V1.pdf p1 / CAM_V11.pdf p1,BLOCKED,Schematic electrical pin only; no cable orientation or extension approval
CAM J2 CAMERA,19,CAM_D0 / GPIO45,CAM_D0 / GPIO45,CAM_D0 / GPIO45,VENDOR_DOCUMENTED,CAM_V1.pdf p1 / CAM_V11.pdf p1,BLOCKED,Schematic electrical pin only; no cable orientation or extension approval
CAM J2 CAMERA,20,CAM_D3 / GPIO46,CAM_D3 / GPIO46,CAM_D3 / GPIO46,VENDOR_DOCUMENTED,CAM_V1.pdf p1 / CAM_V11.pdf p1,BLOCKED,Schematic electrical pin only; no cable orientation or extension approval
CAM J2 CAMERA,21,CAM_D1 / GPIO47,CAM_D1 / GPIO47,CAM_D1 / GPIO47,VENDOR_DOCUMENTED,CAM_V1.pdf p1 / CAM_V11.pdf p1,BLOCKED,Schematic electrical pin only; no cable orientation or extension approval
CAM J2 CAMERA,22,CAM_D2 / GPIO48,CAM_D2 / GPIO48,CAM_D2 / GPIO48,VENDOR_DOCUMENTED,CAM_V1.pdf p1 / CAM_V11.pdf p1,BLOCKED,Schematic electrical pin only; no cable orientation or extension approval
CAM J2 CAMERA,23,Y1 AF_VDD,3V3 through R2 0R; AF suitability not qualified,3V3 through R2 0R; AF suitability not qualified,VENDOR_DOCUMENTED,CAM_V1.pdf p1 / CAM_V11.pdf p1,BLOCKED,Schematic electrical pin only; no cable orientation or extension approval
CAM J2 CAMERA,24,Y0 AF_GND,GND through R1 0R,R1 NC; no populated ground link shown,VENDOR_DOCUMENTED,CAM_V1.pdf p1 / CAM_V11.pdf p1,BLOCKED,Schematic electrical pin only; no cable orientation or extension approval
SCS0009 p4 tail,1,GND,GND,NOT_APPLICABLE,VENDOR_DOCUMENTED,FEETECH A/0 p4 and p8,BLOCKED,p8 P2/P5 example reverses DATA/GND numbering; physical mating map must be resolved
SCS0009 p4 tail,2,VCC / MORI H_VM 6V,VCC / MORI H_VM 6V,NOT_APPLICABLE,VENDOR_DOCUMENTED,FEETECH A/0 p4 and p8,BLOCKED,p8 P2/P5 example reverses DATA/GND numbering; physical mating map must be resolved
SCS0009 p4 tail,3,Signal TTL / H_BUS,Signal TTL / H_BUS,NOT_APPLICABLE,VENDOR_DOCUMENTED,FEETECH A/0 p4 and p8,BLOCKED,p8 P2/P5 example reverses DATA/GND numbering; physical mating map must be resolved
