revision,id,from_,to,nets,connector,length_mm,wire_gauge,rated_current_A,view_direction,status,notes
V1.2-H0.2-P1,MORI_imu_P1:J1,MORI_imu_P1.J1,See harness endpoint table in engineering_review.md,"[{""pin"": ""1"", ""signal"": ""+3V3""}, {""pin"": ""2"", ""signal"": ""GND""}, {""pin"": ""3"", ""signal"": ""SCK""}, {""pin"": ""4"", ""signal"": ""MOSI""}, {""pin"": ""5"", ""signal"": ""MISO""}, {""pin"": ""6"", ""signal"": ""CS_N""}, {""pin"": ""7"", ""signal"": ""DRDY""}, {""pin"": ""8"", ""signal"": ""GND""}]",Connector_JST:JST_GH_BM08B-GHS-TBT_1x08-1MP_P1.25mm_Vertical,UNKNOWN,28AWG GH; SSHL-002T-P0.2,UNKNOWN,"PCB component-side view (F top/B bottom); physical pad numbers in assembly SVG. Mating harness view is mirrored, check pin-to-pin continuity.",PROTOTYPE; MATE_AND_RATING_PENDING,Pin numbers are PCB connector numbers; harness mating view must be continuity checked.
V1.2-H0.2-P1,MORI_motion_P1:J1,MORI_motion_P1.J1,See harness endpoint table in engineering_review.md,"[{""pin"": ""1"", ""signal"": ""+5V_MOTION""}, {""pin"": ""2"", ""signal"": ""GND""}]",Connector_JST:JST_GH_BM02B-GHS-TBT_1x02-1MP_P1.25mm_Vertical,UNKNOWN,28AWG GH; SSHL-002T-P0.2,UNKNOWN,"PCB component-side view (F top/B bottom); physical pad numbers in assembly SVG. Mating harness view is mirrored, check pin-to-pin continuity.",PROTOTYPE; MATE_AND_RATING_PENDING,Pin numbers are PCB connector numbers; harness mating view must be continuity checked.
V1.2-H0.2-P1,MORI_motion_P1:J2,MORI_motion_P1.J2,See harness endpoint table in engineering_review.md,"[{""pin"": ""1"", ""signal"": ""S288_BUS""}, {""pin"": ""2"", ""signal"": ""GND""}]",Connector_JST:JST_GH_BM02B-GHS-TBT_1x02-1MP_P1.25mm_Vertical,UNKNOWN,28AWG GH; SSHL-002T-P0.2,UNKNOWN,"PCB component-side view (F top/B bottom); physical pad numbers in assembly SVG. Mating harness view is mirrored, check pin-to-pin continuity.",PROTOTYPE; MATE_AND_RATING_PENDING,Pin numbers are PCB connector numbers; harness mating view must be continuity checked.
V1.2-H0.2-P1,MORI_motion_P1:J3,MORI_motion_P1.J3,See harness endpoint table in engineering_review.md,"[{""pin"": ""1"", ""signal"": ""HEAD_BUS""}, {""pin"": ""2"", ""signal"": ""GND""}, {""pin"": ""3"", ""signal"": null}]",Connector_JST:JST_GH_BM03B-GHS-TBT_1x03-1MP_P1.25mm_Vertical,UNKNOWN,28AWG GH; SSHL-002T-P0.2,UNKNOWN,"PCB component-side view (F top/B bottom); physical pad numbers in assembly SVG. Mating harness view is mirrored, check pin-to-pin continuity.",PROTOTYPE; MATE_AND_RATING_PENDING,Pin numbers are PCB connector numbers; harness mating view must be continuity checked.
V1.2-H0.2-P1,MORI_motion_P1:J4,MORI_motion_P1.J4,See harness endpoint table in engineering_review.md,"[{""pin"": ""1"", ""signal"": ""+3V3""}, {""pin"": ""2"", ""signal"": ""GND""}, {""pin"": ""3"", ""signal"": ""IMU_SCK""}, {""pin"": ""4"", ""signal"": ""IMU_MOSI""}, {""pin"": ""5"", ""signal"": ""IMU_MISO""}, {""pin"": ""6"", ""signal"": ""IMU_CS""}, {""pin"": ""7"", ""signal"": ""IMU_DRDY""}, {""pin"": ""8"", ""signal"": ""GND""}]",Connector_JST:JST_GH_BM08B-GHS-TBT_1x08-1MP_P1.25mm_Vertical,UNKNOWN,28AWG GH; SSHL-002T-P0.2,UNKNOWN,"PCB component-side view (F top/B bottom); physical pad numbers in assembly SVG. Mating harness view is mirrored, check pin-to-pin continuity.",PROTOTYPE; MATE_AND_RATING_PENDING,Pin numbers are PCB connector numbers; harness mating view must be continuity checked.
V1.2-H0.2-P1,MORI_motion_P1:J5,MORI_motion_P1.J5,See harness endpoint table in engineering_review.md,"[{""pin"": ""1"", ""signal"": ""CAM_RX""}, {""pin"": ""2"", ""signal"": ""CAM_TX""}, {""pin"": ""3"", ""signal"": ""CAM_3V3""}, {""pin"": ""4"", ""signal"": ""GND""}]",Connector_JST:JST_SH_BM04B-SRSS-TB_1x04-1MP_P1.00mm_Vertical,UNKNOWN,30AWG SH; SSH-003T-P0.2-H,UNKNOWN,"PCB component-side view (F top/B bottom); physical pad numbers in assembly SVG. Mating harness view is mirrored, check pin-to-pin continuity.",PROTOTYPE; MATE_AND_RATING_PENDING,Pin numbers are PCB connector numbers; harness mating view must be continuity checked.
V1.2-H0.2-P1,MORI_motion_P1:J6,MORI_motion_P1.J6,See harness endpoint table in engineering_review.md,"[{""pin"": ""1"", ""signal"": ""USER_KEY_N""}, {""pin"": ""2"", ""signal"": ""GND""}]",Connector_JST:JST_GH_BM02B-GHS-TBT_1x02-1MP_P1.25mm_Vertical,UNKNOWN,28AWG GH; SSHL-002T-P0.2,UNKNOWN,"PCB component-side view (F top/B bottom); physical pad numbers in assembly SVG. Mating harness view is mirrored, check pin-to-pin continuity.",PROTOTYPE; MATE_AND_RATING_PENDING,Pin numbers are PCB connector numbers; harness mating view must be continuity checked.
V1.2-H0.2-P1,MORI_motion_P1:J7,MORI_motion_P1.J7,See harness endpoint table in engineering_review.md,"[{""pin"": ""1"", ""signal"": ""+3V3""}, {""pin"": ""2"", ""signal"": ""ARM_Q""}, {""pin"": ""3"", ""signal"": ""FAULT_N""}, {""pin"": ""4"", ""signal"": ""CHG_N""}, {""pin"": ""5"", ""signal"": ""BAT_ADC_IN""}, {""pin"": ""6"", ""signal"": ""WHEEL_ADC_IN""}, {""pin"": ""7"", ""signal"": ""CURRENT_ADC_IN""}, {""pin"": ""8"", ""signal"": ""GND""}]",Connector_JST:JST_GH_BM08B-GHS-TBT_1x08-1MP_P1.25mm_Vertical,UNKNOWN,28AWG GH; SSHL-002T-P0.2,UNKNOWN,"PCB component-side view (F top/B bottom); physical pad numbers in assembly SVG. Mating harness view is mirrored, check pin-to-pin continuity.",PROTOTYPE; MATE_AND_RATING_PENDING,Pin numbers are PCB connector numbers; harness mating view must be continuity checked.
V1.2-H0.2-P1,MORI_motion_P1:J8,MORI_motion_P1.J8,See harness endpoint table in engineering_review.md,"[{""pin"": ""1"", ""signal"": ""LOOP_3V3""}, {""pin"": ""2"", ""signal"": ""CLR_N""}]",Connector_JST:JST_GH_BM02B-GHS-TBT_1x02-1MP_P1.25mm_Vertical,UNKNOWN,28AWG GH; SSHL-002T-P0.2,UNKNOWN,"PCB component-side view (F top/B bottom); physical pad numbers in assembly SVG. Mating harness view is mirrored, check pin-to-pin continuity.",PROTOTYPE; MATE_AND_RATING_PENDING,Pin numbers are PCB connector numbers; harness mating view must be continuity checked.
V1.2-H0.2-P1,MORI_power_P1:J1,MORI_power_P1.J1,See harness endpoint table in engineering_review.md,"[{""pin"": ""1"", ""signal"": ""GND""}, {""pin"": ""2"", ""signal"": ""BAT_IN""}]",Connector_AMASS:AMASS_XT30UPB-M_1x02_P5.0mm_Vertical,UNKNOWN,20AWG XT30; final DC rating/polarity qualified,UNKNOWN,"PCB component-side view (F top/B bottom); physical pad numbers in assembly SVG. Mating harness view is mirrored, check pin-to-pin continuity.",PROTOTYPE; MATE_AND_RATING_PENDING,"AMASS XT30UPB-M PCB: pin1 minus, pin2 plus; mating housing polarization plus continuity check mandatory."
V1.2-H0.2-P1,MORI_power_P1:J2,MORI_power_P1.J2,See harness endpoint table in engineering_review.md,"[{""pin"": ""1"", ""signal"": ""GND""}, {""pin"": ""2"", ""signal"": ""BAT_MON""}]",Connector_AMASS:AMASS_XT30UPB-M_1x02_P5.0mm_Vertical,UNKNOWN,20AWG XT30; final DC rating/polarity qualified,UNKNOWN,"PCB component-side view (F top/B bottom); physical pad numbers in assembly SVG. Mating harness view is mirrored, check pin-to-pin continuity.",PROTOTYPE; MATE_AND_RATING_PENDING,"AMASS XT30UPB-M PCB: pin1 minus, pin2 plus; mating housing polarization plus continuity check mandatory."
V1.2-H0.2-P1,MORI_power_P1:J3,MORI_power_P1.J3,See harness endpoint table in engineering_review.md,"[{""pin"": ""1"", ""signal"": ""GND""}, {""pin"": ""2"", ""signal"": ""W9_IN""}]",Connector_AMASS:AMASS_XT30UPB-M_1x02_P5.0mm_Vertical,UNKNOWN,20AWG XT30; final DC rating/polarity qualified,UNKNOWN,"PCB component-side view (F top/B bottom); physical pad numbers in assembly SVG. Mating harness view is mirrored, check pin-to-pin continuity.",PROTOTYPE; MATE_AND_RATING_PENDING,"AMASS XT30UPB-M PCB: pin1 minus, pin2 plus; mating housing polarization plus continuity check mandatory."
V1.2-H0.2-P1,MORI_power_P1:J4,MORI_power_P1.J4,See harness endpoint table in engineering_review.md,"[{""pin"": ""1"", ""signal"": ""GND""}, {""pin"": ""2"", ""signal"": ""BAT_MON""}]",Connector_AMASS:AMASS_XT30UPB-M_1x02_P5.0mm_Vertical,UNKNOWN,20AWG XT30; final DC rating/polarity qualified,UNKNOWN,"PCB component-side view (F top/B bottom); physical pad numbers in assembly SVG. Mating harness view is mirrored, check pin-to-pin continuity.",PROTOTYPE; MATE_AND_RATING_PENDING,"AMASS XT30UPB-M PCB: pin1 minus, pin2 plus; mating housing polarization plus continuity check mandatory."
V1.2-H0.2-P1,MORI_power_P1:J5,MORI_power_P1.J5,See harness endpoint table in engineering_review.md,"[{""pin"": ""1"", ""signal"": ""GND""}, {""pin"": ""2"", ""signal"": ""H6_IN""}]",Connector_AMASS:AMASS_XT30UPB-M_1x02_P5.0mm_Vertical,UNKNOWN,20AWG XT30; final DC rating/polarity qualified,UNKNOWN,"PCB component-side view (F top/B bottom); physical pad numbers in assembly SVG. Mating harness view is mirrored, check pin-to-pin continuity.",PROTOTYPE; MATE_AND_RATING_PENDING,"AMASS XT30UPB-M PCB: pin1 minus, pin2 plus; mating housing polarization plus continuity check mandatory."
V1.2-H0.2-P1,MORI_power_P1:J6,MORI_power_P1.J6,See harness endpoint table in engineering_review.md,"[{""pin"": ""1"", ""signal"": ""GND""}, {""pin"": ""2"", ""signal"": ""BAT_MON""}]",Connector_AMASS:AMASS_XT30UPB-M_1x02_P5.0mm_Vertical,UNKNOWN,20AWG XT30; final DC rating/polarity qualified,UNKNOWN,"PCB component-side view (F top/B bottom); physical pad numbers in assembly SVG. Mating harness view is mirrored, check pin-to-pin continuity.",PROTOTYPE; MATE_AND_RATING_PENDING,"AMASS XT30UPB-M PCB: pin1 minus, pin2 plus; mating housing polarization plus continuity check mandatory."
V1.2-H0.2-P1,MORI_power_P1:J11,MORI_power_P1.J11,See harness endpoint table in engineering_review.md,"[{""pin"": ""1"", ""signal"": ""W_DUMP_D""}, {""pin"": ""2"", ""signal"": ""W_VM""}]",Connector_AMASS:AMASS_XT30UPB-M_1x02_P5.0mm_Vertical,UNKNOWN,20AWG XT30; final DC rating/polarity qualified,UNKNOWN,"PCB component-side view (F top/B bottom); physical pad numbers in assembly SVG. Mating harness view is mirrored, check pin-to-pin continuity.",PROTOTYPE; MATE_AND_RATING_PENDING,"AMASS XT30UPB-M PCB: pin1 minus, pin2 plus; mating housing polarization plus continuity check mandatory."
V1.2-H0.2-P1,MORI_power_P1:J12,MORI_power_P1.J12,See harness endpoint table in engineering_review.md,"[{""pin"": ""1"", ""signal"": ""H_DUMP_D""}, {""pin"": ""2"", ""signal"": ""H_VM""}]",Connector_AMASS:AMASS_XT30UPB-M_1x02_P5.0mm_Vertical,UNKNOWN,20AWG XT30; final DC rating/polarity qualified,UNKNOWN,"PCB component-side view (F top/B bottom); physical pad numbers in assembly SVG. Mating harness view is mirrored, check pin-to-pin continuity.",PROTOTYPE; MATE_AND_RATING_PENDING,"AMASS XT30UPB-M PCB: pin1 minus, pin2 plus; mating housing polarization plus continuity check mandatory."
V1.2-H0.2-P1,MORI_power_P1:J7,MORI_power_P1.J7,See harness endpoint table in engineering_review.md,"[{""pin"": ""1"", ""signal"": ""GND""}, {""pin"": ""2"", ""signal"": ""W_VM""}, {""pin"": ""3"", ""signal"": ""W_BUS""}]",Connector_JST:JST_XH_B3B-XH-A_1x03_P2.50mm_Vertical,UNKNOWN,22AWG XH branch; SXH-001T-P0.6; branch current qualification required,UNKNOWN,"PCB component-side view (F top/B bottom); physical pad numbers in assembly SVG. Mating harness view is mirrored, check pin-to-pin continuity.",PROTOTYPE; MATE_AND_RATING_PENDING,Board-side XH 3-pin interface only. SCS original 5264-3P uses 1GND/2VCC/3TTL. S288 factory mating plug remains unverified; adapter harness must be confirmed.
V1.2-H0.2-P1,MORI_power_P1:J8,MORI_power_P1.J8,See harness endpoint table in engineering_review.md,"[{""pin"": ""1"", ""signal"": ""GND""}, {""pin"": ""2"", ""signal"": ""W_VM""}, {""pin"": ""3"", ""signal"": ""W_BUS""}]",Connector_JST:JST_XH_B3B-XH-A_1x03_P2.50mm_Vertical,UNKNOWN,22AWG XH branch; SXH-001T-P0.6; branch current qualification required,UNKNOWN,"PCB component-side view (F top/B bottom); physical pad numbers in assembly SVG. Mating harness view is mirrored, check pin-to-pin continuity.",PROTOTYPE; MATE_AND_RATING_PENDING,Board-side XH 3-pin interface only. SCS original 5264-3P uses 1GND/2VCC/3TTL. S288 factory mating plug remains unverified; adapter harness must be confirmed.
V1.2-H0.2-P1,MORI_power_P1:J9,MORI_power_P1.J9,See harness endpoint table in engineering_review.md,"[{""pin"": ""1"", ""signal"": ""GND""}, {""pin"": ""2"", ""signal"": ""H_VM""}, {""pin"": ""3"", ""signal"": ""H_BUS""}]",Connector_JST:JST_XH_B3B-XH-A_1x03_P2.50mm_Vertical,UNKNOWN,22AWG XH branch; SXH-001T-P0.6; branch current qualification required,UNKNOWN,"PCB component-side view (F top/B bottom); physical pad numbers in assembly SVG. Mating harness view is mirrored, check pin-to-pin continuity.",PROTOTYPE; MATE_AND_RATING_PENDING,Board-side XH 3-pin interface only. SCS original 5264-3P uses 1GND/2VCC/3TTL. S288 factory mating plug remains unverified; adapter harness must be confirmed.
V1.2-H0.2-P1,MORI_power_P1:J10,MORI_power_P1.J10,See harness endpoint table in engineering_review.md,"[{""pin"": ""1"", ""signal"": ""+3V3""}, {""pin"": ""2"", ""signal"": ""ARM_Q""}, {""pin"": ""3"", ""signal"": ""FAULT_N""}, {""pin"": ""4"", ""signal"": ""CHG_N""}, {""pin"": ""5"", ""signal"": ""BAT_ADC""}, {""pin"": ""6"", ""signal"": ""WHEEL_ADC""}, {""pin"": ""7"", ""signal"": ""CURRENT_ADC""}, {""pin"": ""8"", ""signal"": ""GND""}]",Connector_JST:JST_GH_BM08B-GHS-TBT_1x08-1MP_P1.25mm_Vertical,UNKNOWN,28AWG GH; SSHL-002T-P0.2,UNKNOWN,"PCB component-side view (F top/B bottom); physical pad numbers in assembly SVG. Mating harness view is mirrored, check pin-to-pin continuity.",PROTOTYPE; MATE_AND_RATING_PENDING,Pin numbers are PCB connector numbers; harness mating view must be continuity checked.
V1.2-H0.2-P1,MORI_power_P1:J13,MORI_power_P1.J13,See harness endpoint table in engineering_review.md,"[{""pin"": ""1"", ""signal"": ""W_BUS""}, {""pin"": ""2"", ""signal"": ""GND""}]",Connector_JST:JST_GH_BM02B-GHS-TBT_1x02-1MP_P1.25mm_Vertical,UNKNOWN,28AWG GH; SSHL-002T-P0.2,UNKNOWN,"PCB component-side view (F top/B bottom); physical pad numbers in assembly SVG. Mating harness view is mirrored, check pin-to-pin continuity.",PROTOTYPE; MATE_AND_RATING_PENDING,Pin numbers are PCB connector numbers; harness mating view must be continuity checked.
V1.2-H0.2-P1,MORI_power_P1:J14,MORI_power_P1.J14,See harness endpoint table in engineering_review.md,"[{""pin"": ""1"", ""signal"": ""H_BUS""}, {""pin"": ""2"", ""signal"": ""GND""}, {""pin"": ""3"", ""signal"": null}]",Connector_JST:JST_GH_BM03B-GHS-TBT_1x03-1MP_P1.25mm_Vertical,UNKNOWN,28AWG GH; SSHL-002T-P0.2,UNKNOWN,"PCB component-side view (F top/B bottom); physical pad numbers in assembly SVG. Mating harness view is mirrored, check pin-to-pin continuity.",PROTOTYPE; MATE_AND_RATING_PENDING,Pin numbers are PCB connector numbers; harness mating view must be continuity checked.
V1.2-H0.2-P1,MORI_power_P1:J15,MORI_power_P1.J15,See harness endpoint table in engineering_review.md,"[{""pin"": ""1"", ""signal"": ""CHG_N""}, {""pin"": ""2"", ""signal"": ""GND""}]",Connector_JST:JST_GH_BM02B-GHS-TBT_1x02-1MP_P1.25mm_Vertical,UNKNOWN,28AWG GH; SSHL-002T-P0.2,UNKNOWN,"PCB component-side view (F top/B bottom); physical pad numbers in assembly SVG. Mating harness view is mirrored, check pin-to-pin continuity.",PROTOTYPE; MATE_AND_RATING_PENDING,Pin numbers are PCB connector numbers; harness mating view must be continuity checked.
V1.2-H0.2-P1,MORI_power_P1:J16,MORI_power_P1.J16,See harness endpoint table in engineering_review.md,"[{""pin"": ""1"", ""signal"": ""VBUS_CHARGE""}, {""pin"": ""2"", ""signal"": ""GND""}]",Connector_JST:JST_GH_BM02B-GHS-TBT_1x02-1MP_P1.25mm_Vertical,UNKNOWN,28AWG GH; SSHL-002T-P0.2,UNKNOWN,"PCB component-side view (F top/B bottom); physical pad numbers in assembly SVG. Mating harness view is mirrored, check pin-to-pin continuity.",PROTOTYPE; MATE_AND_RATING_PENDING,Pin numbers are PCB connector numbers; harness mating view must be continuity checked.
