revision,domain,net,mcu_pin,peripheral,direction,connector,pin_number,logic_level,source_ids,assignment_status,boot_default,bench_status,notes
V1.2-H0.1,interaction,LCD_IO0,GPIO1,QSPI,bidirectional,CAM L3 LCD 18P,5,3.3V board signal; current SKU LCD translator still to verify,"[""HW12-W2"", ""HW12-W3""]",DOCUMENTED_BOARD_CONNECTION,待板级核验；不得因此自动ARM,NOT_TESTED,板载连接为原理图事实；非整套FFC插接批准。
V1.2-H0.1,interaction,LCD_IO1,GPIO2,QSPI,bidirectional,CAM L3 LCD 18P,6,3.3V board signal; current SKU LCD translator still to verify,"[""HW12-W2"", ""HW12-W3""]",DOCUMENTED_BOARD_CONNECTION,待板级核验；不得因此自动ARM,NOT_TESTED,板载连接为原理图事实；非整套FFC插接批准。
V1.2-H0.1,interaction,LCD_IO2,GPIO3,QSPI,bidirectional,CAM L3 LCD 18P,7,3.3V board signal; current SKU LCD translator still to verify,"[""HW12-W2"", ""HW12-W3""]",DOCUMENTED_BOARD_CONNECTION,待板级核验；不得因此自动ARM,NOT_TESTED,板载连接为原理图事实；非整套FFC插接批准。
V1.2-H0.1,interaction,LCD_IO3,GPIO4,QSPI,bidirectional,CAM L3 LCD 18P,11,3.3V board signal; current SKU LCD translator still to verify,"[""HW12-W2"", ""HW12-W3""]",DOCUMENTED_BOARD_CONNECTION,待板级核验；不得因此自动ARM,NOT_TESTED,板载连接为原理图事实；非整套FFC插接批准。
V1.2-H0.1,interaction,LCD_SCLK,GPIO5,QSPI,output,CAM L3 LCD 18P,4,3.3V board signal; current SKU LCD translator still to verify,"[""HW12-W2"", ""HW12-W3""]",DOCUMENTED_BOARD_CONNECTION,待板级核验；不得因此自动ARM,NOT_TESTED,板载连接为原理图事实；非整套FFC插接批准。
V1.2-H0.1,interaction,LCD_CS,GPIO6,QSPI,output,CAM L3 LCD 18P,9,3.3V board signal; current SKU LCD translator still to verify,"[""HW12-W2"", ""HW12-W3""]",DOCUMENTED_BOARD_CONNECTION,待板级核验；不得因此自动ARM,NOT_TESTED,板载连接为原理图事实；非整套FFC插接批准。
V1.2-H0.1,interaction,TP_SCL,GPIO7,I2C,open-drain,CAM L3 LCD 18P,13,3.3V board signal; current SKU LCD translator still to verify,"[""HW12-W2"", ""HW12-W3""]",DOCUMENTED_BOARD_CONNECTION,待板级核验；不得因此自动ARM,NOT_TESTED,板载连接为原理图事实；非整套FFC插接批准。
V1.2-H0.1,interaction,TP_SDA,GPIO8,I2C,open-drain,CAM L3 LCD 18P,14,3.3V board signal; current SKU LCD translator still to verify,"[""HW12-W2"", ""HW12-W3""]",DOCUMENTED_BOARD_CONNECTION,待板级核验；不得因此自动ARM,NOT_TESTED,板载连接为原理图事实；非整套FFC插接批准。
V1.2-H0.1,interaction,TP_INT,GPIO9,GPIO,input,CAM L3 LCD 18P,15,3.3V board signal; current SKU LCD translator still to verify,"[""HW12-W2"", ""HW12-W3""]",DOCUMENTED_BOARD_CONNECTION,待板级核验；不得因此自动ARM,NOT_TESTED,板载连接为原理图事实；非整套FFC插接批准。
V1.2-H0.1,interaction,LCD_RST,CH32 EXIO1,I/O expander,output,CAM L3 LCD 18P,8,3.3V board signal; current SKU LCD translator still to verify,"[""HW12-W2"", ""HW12-W3""]",DOCUMENTED_BOARD_CONNECTION,待板级核验；不得因此自动ARM,NOT_TESTED,板载连接为原理图事实；非整套FFC插接批准。
V1.2-H0.1,interaction,TP_RST,CH32 EXIO0,I/O expander,output,CAM L3 LCD 18P,12,3.3V board signal; current SKU LCD translator still to verify,"[""HW12-W2"", ""HW12-W3""]",DOCUMENTED_BOARD_CONNECTION,待板级核验；不得因此自动ARM,NOT_TESTED,板载连接为原理图事实；非整套FFC插接批准。
V1.2-H0.1,interaction,LCD_BL,CH32 EXIO_PWM1,I/O expander PWM,output,CAM L3 LCD 18P,2,3.3V board signal; current SKU LCD translator still to verify,"[""HW12-W2"", ""HW12-W3""]",DOCUMENTED_BOARD_CONNECTION,待板级核验；不得因此自动ARM,NOT_TESTED,板载连接为原理图事实；非整套FFC插接批准。
V1.2-H0.1,interaction,LINK_CAM_RX,GPIO44 / U0RXD,UART,input,CAM J11,1,3.3V,"[""HW12-W2""]",DOCUMENTED_BOARD_CONNECTION,待板级核验；不得因此自动ARM,NOT_TESTED,与TF卡D0复用，首轮不装TF且不初始化SD；板间接STM_TX。
V1.2-H0.1,interaction,LINK_CAM_TX,GPIO43 / U0TXD,UART,output,CAM J11,2,3.3V,"[""HW12-W2""]",DOCUMENTED_BOARD_CONNECTION,待板级核验；不得因此自动ARM,NOT_TESTED,与TF卡CMD复用；UART0启动日志不能当命令，运行日志改USB；接STM_RX。
V1.2-H0.1,interaction,CAM_3V3_TEST,UNKNOWN,power,power_out,CAM J11,3,3.3V OUTPUT,"[""HW12-W2""]",DOCUMENTED_BOARD_CONNECTION,待板级核验；不得因此自动ARM,NOT_TESTED,不作为3S/5V输入，不与运动板3.3V输出短接；运行线束留空。
V1.2-H0.1,interaction,LINK_GND,UNKNOWN,ground,reference,CAM J11,4,GND,"[""HW12-W2""]",DOCUMENTED_BOARD_CONNECTION,待板级核验；不得因此自动ARM,NOT_TESTED,与运动域单独信号参考地；高电流回路不得串过此线。
V1.2-H0.1,interaction,I2S_MCLK,GPIO10,I2S/TDM,output,onboard,UNKNOWN,3.3V,"[""HW12-W2""]",DOCUMENTED_BOARD_CONNECTION,待板级核验；不得因此自动ARM,NOT_TESTED,ES7210/ES8311共时钟；具体采样率/槽位/参考通道待驱动及录播实测。
V1.2-H0.1,interaction,I2S_SCLK,GPIO11,I2S/TDM,output,onboard,UNKNOWN,3.3V,"[""HW12-W2""]",DOCUMENTED_BOARD_CONNECTION,待板级核验；不得因此自动ARM,NOT_TESTED,ES7210/ES8311共时钟；具体采样率/槽位/参考通道待驱动及录播实测。
V1.2-H0.1,interaction,I2S_LRCK,GPIO12,I2S/TDM,output,onboard,UNKNOWN,3.3V,"[""HW12-W2""]",DOCUMENTED_BOARD_CONNECTION,待板级核验；不得因此自动ARM,NOT_TESTED,ES7210/ES8311共时钟；具体采样率/槽位/参考通道待驱动及录播实测。
V1.2-H0.1,interaction,I2S_ADC_DATA,GPIO13,I2S/TDM,input,onboard,UNKNOWN,3.3V,"[""HW12-W2""]",DOCUMENTED_BOARD_CONNECTION,待板级核验；不得因此自动ARM,NOT_TESTED,ES7210/ES8311共时钟；具体采样率/槽位/参考通道待驱动及录播实测。
V1.2-H0.1,interaction,I2S_DAC_DATA,GPIO14,I2S/TDM,output,onboard,UNKNOWN,3.3V,"[""HW12-W2""]",DOCUMENTED_BOARD_CONNECTION,待板级核验；不得因此自动ARM,NOT_TESTED,ES7210/ES8311共时钟；具体采样率/槽位/参考通道待驱动及录播实测。
V1.2-H0.1,interaction,CAM_D0,GPIO45,DVP,input,CAM J2 24P,UNKNOWN,板载相机电源/IO域；不引到STM,"[""HW12-W2""]",DOCUMENTED_BOARD_CONNECTION,待板级核验；不得因此自动ARM,NOT_TESTED,相机同头部pitch运动组，外部线缆长度不增加。
V1.2-H0.1,interaction,CAM_D1,GPIO47,DVP,input,CAM J2 24P,UNKNOWN,板载相机电源/IO域；不引到STM,"[""HW12-W2""]",DOCUMENTED_BOARD_CONNECTION,待板级核验；不得因此自动ARM,NOT_TESTED,相机同头部pitch运动组，外部线缆长度不增加。
V1.2-H0.1,interaction,CAM_D2,GPIO48,DVP,input,CAM J2 24P,UNKNOWN,板载相机电源/IO域；不引到STM,"[""HW12-W2""]",DOCUMENTED_BOARD_CONNECTION,待板级核验；不得因此自动ARM,NOT_TESTED,相机同头部pitch运动组，外部线缆长度不增加。
V1.2-H0.1,interaction,CAM_D3,GPIO46,DVP,input,CAM J2 24P,UNKNOWN,板载相机电源/IO域；不引到STM,"[""HW12-W2""]",DOCUMENTED_BOARD_CONNECTION,待板级核验；不得因此自动ARM,NOT_TESTED,相机同头部pitch运动组，外部线缆长度不增加。
V1.2-H0.1,interaction,CAM_D4,GPIO42,DVP,input,CAM J2 24P,UNKNOWN,板载相机电源/IO域；不引到STM,"[""HW12-W2""]",DOCUMENTED_BOARD_CONNECTION,待板级核验；不得因此自动ARM,NOT_TESTED,相机同头部pitch运动组，外部线缆长度不增加。
V1.2-H0.1,interaction,CAM_D5,GPIO40,DVP,input,CAM J2 24P,UNKNOWN,板载相机电源/IO域；不引到STM,"[""HW12-W2""]",DOCUMENTED_BOARD_CONNECTION,待板级核验；不得因此自动ARM,NOT_TESTED,相机同头部pitch运动组，外部线缆长度不增加。
V1.2-H0.1,interaction,CAM_D6,GPIO39,DVP,input,CAM J2 24P,UNKNOWN,板载相机电源/IO域；不引到STM,"[""HW12-W2""]",DOCUMENTED_BOARD_CONNECTION,待板级核验；不得因此自动ARM,NOT_TESTED,相机同头部pitch运动组，外部线缆长度不增加。
V1.2-H0.1,interaction,CAM_D7,GPIO21,DVP,input,CAM J2 24P,UNKNOWN,板载相机电源/IO域；不引到STM,"[""HW12-W2""]",DOCUMENTED_BOARD_CONNECTION,待板级核验；不得因此自动ARM,NOT_TESTED,相机同头部pitch运动组，外部线缆长度不增加。
V1.2-H0.1,interaction,CAM_PCLK,GPIO41,DVP,input,CAM J2 24P,UNKNOWN,板载相机电源/IO域；不引到STM,"[""HW12-W2""]",DOCUMENTED_BOARD_CONNECTION,待板级核验；不得因此自动ARM,NOT_TESTED,相机同头部pitch运动组，外部线缆长度不增加。
V1.2-H0.1,interaction,CAM_VSYNC,GPIO17,DVP,input,CAM J2 24P,UNKNOWN,板载相机电源/IO域；不引到STM,"[""HW12-W2""]",DOCUMENTED_BOARD_CONNECTION,待板级核验；不得因此自动ARM,NOT_TESTED,相机同头部pitch运动组，外部线缆长度不增加。
V1.2-H0.1,interaction,CAM_HREF,GPIO18,DVP,input,CAM J2 24P,UNKNOWN,板载相机电源/IO域；不引到STM,"[""HW12-W2""]",DOCUMENTED_BOARD_CONNECTION,待板级核验；不得因此自动ARM,NOT_TESTED,相机同头部pitch运动组，外部线缆长度不增加。
V1.2-H0.1,interaction,CAM_XCLK,GPIO38,DVP,output,CAM J2 24P,UNKNOWN,板载相机电源/IO域；不引到STM,"[""HW12-W2""]",DOCUMENTED_BOARD_CONNECTION,待板级核验；不得因此自动ARM,NOT_TESTED,相机同头部pitch运动组，外部线缆长度不增加。
V1.2-H0.1,interaction,USB_D-,GPIO19,onboard,bidirectional,onboard,UNKNOWN,board-defined,"[""HW12-W2""]",DOCUMENTED_BOARD_CONNECTION,待板级核验；不得因此自动ARM,NOT_TESTED,保留启动/维护用途；不复用为普通外部按钮。
V1.2-H0.1,interaction,USB_D+,GPIO20,onboard,bidirectional,onboard,UNKNOWN,board-defined,"[""HW12-W2""]",DOCUMENTED_BOARD_CONNECTION,待板级核验；不得因此自动ARM,NOT_TESTED,保留启动/维护用途；不复用为普通外部按钮。
V1.2-H0.1,interaction,POWER_KEY,GPIO15,onboard,input,onboard,UNKNOWN,board-defined,"[""HW12-W2""]",DOCUMENTED_BOARD_CONNECTION,待板级核验；不得因此自动ARM,NOT_TESTED,电源控制复用，不能默认为对话按钮
V1.2-H0.1,interaction,BOOT,GPIO0,onboard,input,onboard,UNKNOWN,board-defined,"[""HW12-W2""]",DOCUMENTED_BOARD_CONNECTION,待板级核验；不得因此自动ARM,NOT_TESTED,保留启动/维护用途；不复用为普通外部按钮。
V1.2-H0.1,motion,S288_DATA,UNKNOWN,USART1候选,TBD,carrier TBD,UNKNOWN,3.3V logic design target; external tolerance unverified,"[""HW12-SPEC""]",UNASSIGNED_DO_NOT_WIRE,待板级核验；不得因此自动ARM,NOT_TESTED,例程PA9 AF7仅供参考；6Mbps/收发器/释放待核，最终MCU脚未冻结。
V1.2-H0.1,motion,S288_TX_ENABLE,UNKNOWN,GPIO候选,TBD,carrier TBD,UNKNOWN,3.3V logic design target; external tolerance unverified,"[""HW12-SPEC""]",UNASSIGNED_DO_NOT_WIRE,待板级核验；不得因此自动ARM,NOT_TESTED,接口需掉电高阻和复位释放；收发器未选。
V1.2-H0.1,motion,SCS_BUS,UNKNOWN,independent UART,TBD,carrier TBD,UNKNOWN,3.3V logic design target; external tolerance unverified,"[""HW12-SPEC""]",UNASSIGNED_DO_NOT_WIRE,待板级核验；不得因此自动ARM,NOT_TESTED,与S288独立；文档默认1Mbps，实际版本和电平待核。
V1.2-H0.1,motion,LINK_STM_TX,UNKNOWN,UART,TBD,carrier TBD,UNKNOWN,3.3V logic design target; external tolerance unverified,"[""HW12-SPEC""]",UNASSIGNED_DO_NOT_WIRE,待板级核验；不得因此自动ARM,NOT_TESTED,接CAM J11 pin1；运行波特率未冻结。
V1.2-H0.1,motion,LINK_STM_RX,UNKNOWN,UART,TBD,carrier TBD,UNKNOWN,3.3V logic design target; external tolerance unverified,"[""HW12-SPEC""]",UNASSIGNED_DO_NOT_WIRE,待板级核验；不得因此自动ARM,NOT_TESTED,接CAM J11 pin2；启动日志/坏帧不得产生动作。
V1.2-H0.1,motion,IMU_SCLK,UNKNOWN,SPI,TBD,carrier TBD,UNKNOWN,3.3V logic design target; external tolerance unverified,"[""HW12-SPEC""]",UNASSIGNED_DO_NOT_WIRE,待板级核验；不得因此自动ARM,NOT_TESTED,带宽/ODR/时间戳待核。
V1.2-H0.1,motion,IMU_MOSI,UNKNOWN,SPI,TBD,carrier TBD,UNKNOWN,3.3V logic design target; external tolerance unverified,"[""HW12-SPEC""]",UNASSIGNED_DO_NOT_WIRE,待板级核验；不得因此自动ARM,NOT_TESTED,模块未选。
V1.2-H0.1,motion,IMU_MISO,UNKNOWN,SPI,TBD,carrier TBD,UNKNOWN,3.3V logic design target; external tolerance unverified,"[""HW12-SPEC""]",UNASSIGNED_DO_NOT_WIRE,待板级核验；不得因此自动ARM,NOT_TESTED,模块未选。
V1.2-H0.1,motion,IMU_CS,UNKNOWN,GPIO,TBD,carrier TBD,UNKNOWN,3.3V logic design target; external tolerance unverified,"[""HW12-SPEC""]",UNASSIGNED_DO_NOT_WIRE,待板级核验；不得因此自动ARM,NOT_TESTED,上电需保持非选中。
V1.2-H0.1,motion,IMU_DRDY,UNKNOWN,EXTI/timer capture,TBD,carrier TBD,UNKNOWN,3.3V logic design target; external tolerance unverified,"[""HW12-SPEC""]",UNASSIGNED_DO_NOT_WIRE,待板级核验；不得因此自动ARM,NOT_TESTED,本地采样时间戳；不是交互时间戳。
V1.2-H0.1,motion,BAT_SENSE,UNKNOWN,ADC,TBD,carrier TBD,UNKNOWN,3.3V logic design target; external tolerance unverified,"[""HW12-SPEC""]",UNASSIGNED_DO_NOT_WIRE,待板级核验；不得因此自动ARM,NOT_TESTED,真实分压/滤波/输入保护未设计。
V1.2-H0.1,motion,CURRENT_SENSE,UNKNOWN,ADC or sensor bus,TBD,carrier TBD,UNKNOWN,3.3V logic design target; external tolerance unverified,"[""HW12-SPEC""]",UNASSIGNED_DO_NOT_WIRE,待板级核验；不得因此自动ARM,NOT_TESTED,传感器未选，不可输出假电流。
V1.2-H0.1,motion,ACTUATOR_ENABLE,UNKNOWN,GPIO + independent physical path,TBD,carrier TBD,UNKNOWN,3.3V logic design target; external tolerance unverified,"[""HW12-SPEC""]",UNASSIGNED_DO_NOT_WIRE,待板级核验；不得因此自动ARM,NOT_TESTED,复位、下载、故障默认禁驱；具体电路未实现。
V1.2-H0.1,motion,POWER_FAULT,UNKNOWN,GPIO,TBD,carrier TBD,UNKNOWN,3.3V logic design target; external tolerance unverified,"[""HW12-SPEC""]",UNASSIGNED_DO_NOT_WIRE,待板级核验；不得因此自动ARM,NOT_TESTED,电源故障硬件输入待选。
V1.2-H0.1,motion,USER_BUTTON,UNKNOWN,GPIO owner TBD,TBD,carrier TBD,UNKNOWN,3.3V logic design target; external tolerance unverified,"[""HW12-SPEC""]",UNASSIGNED_DO_NOT_WIRE,待板级核验；不得因此自动ARM,NOT_TESTED,可达按钮，软件协议事件待协同；不冒用BOOT/PWR。
V1.2-H0.1,motion,SWDIO,UNKNOWN,SWD,TBD,carrier TBD,UNKNOWN,3.3V logic design target; external tolerance unverified,"[""HW12-SPEC""]",UNASSIGNED_DO_NOT_WIRE,待板级核验；不得因此自动ARM,NOT_TESTED,机内维护测试点，板型确定后分配。
V1.2-H0.1,motion,SWCLK,UNKNOWN,SWD,TBD,carrier TBD,UNKNOWN,3.3V logic design target; external tolerance unverified,"[""HW12-SPEC""]",UNASSIGNED_DO_NOT_WIRE,待板级核验；不得因此自动ARM,NOT_TESTED,机内维护测试点，板型确定后分配。
V1.2-H0.1,motion,NRST,UNKNOWN,debug,TBD,carrier TBD,UNKNOWN,3.3V logic design target; external tolerance unverified,"[""HW12-SPEC""]",UNASSIGNED_DO_NOT_WIRE,待板级核验；不得因此自动ARM,NOT_TESTED,需在托架维护，防止普通功能操作复位失衡。
