revision,domain,net,mcu_pin,peripheral,direction,connector,pin_number,logic_level,source_ids,assignment_status,boot_default,bench_status,notes,carrier_pad
V1.2-H0.5-P5R6,interaction,LCD_IO0,GPIO1,QSPI,bidirectional,CAM L3 LCD 18P,5,3.3V board signal; current SKU LCD translator still to verify,"[""HW12-W2"", ""HW12-W3""]",DOCUMENTED_BOARD_CONNECTION,待板级核验；不得因此自动ARM,NOT_TESTED,板载连接为原理图事实；非整套FFC插接批准。,
V1.2-H0.5-P5R6,interaction,LCD_IO1,GPIO2,QSPI,bidirectional,CAM L3 LCD 18P,6,3.3V board signal; current SKU LCD translator still to verify,"[""HW12-W2"", ""HW12-W3""]",DOCUMENTED_BOARD_CONNECTION,待板级核验；不得因此自动ARM,NOT_TESTED,板载连接为原理图事实；非整套FFC插接批准。,
V1.2-H0.5-P5R6,interaction,LCD_IO2,GPIO3,QSPI,bidirectional,CAM L3 LCD 18P,7,3.3V board signal; current SKU LCD translator still to verify,"[""HW12-W2"", ""HW12-W3""]",DOCUMENTED_BOARD_CONNECTION,待板级核验；不得因此自动ARM,NOT_TESTED,板载连接为原理图事实；非整套FFC插接批准。,
V1.2-H0.5-P5R6,interaction,LCD_IO3,GPIO4,QSPI,bidirectional,CAM L3 LCD 18P,11,3.3V board signal; current SKU LCD translator still to verify,"[""HW12-W2"", ""HW12-W3""]",DOCUMENTED_BOARD_CONNECTION,待板级核验；不得因此自动ARM,NOT_TESTED,板载连接为原理图事实；非整套FFC插接批准。,
V1.2-H0.5-P5R6,interaction,LCD_SCLK,GPIO5,QSPI,output,CAM L3 LCD 18P,4,3.3V board signal; current SKU LCD translator still to verify,"[""HW12-W2"", ""HW12-W3""]",DOCUMENTED_BOARD_CONNECTION,待板级核验；不得因此自动ARM,NOT_TESTED,板载连接为原理图事实；非整套FFC插接批准。,
V1.2-H0.5-P5R6,interaction,LCD_CS,GPIO6,QSPI,output,CAM L3 LCD 18P,9,3.3V board signal; current SKU LCD translator still to verify,"[""HW12-W2"", ""HW12-W3""]",DOCUMENTED_BOARD_CONNECTION,待板级核验；不得因此自动ARM,NOT_TESTED,板载连接为原理图事实；非整套FFC插接批准。,
V1.2-H0.5-P5R6,interaction,TP_SCL,GPIO7,I2C,open-drain,CAM L3 LCD 18P,13,3.3V board signal; current SKU LCD translator still to verify,"[""HW12-W2"", ""HW12-W3""]",DOCUMENTED_BOARD_CONNECTION,待板级核验；不得因此自动ARM,NOT_TESTED,板载连接为原理图事实；非整套FFC插接批准。,
V1.2-H0.5-P5R6,interaction,TP_SDA,GPIO8,I2C,open-drain,CAM L3 LCD 18P,14,3.3V board signal; current SKU LCD translator still to verify,"[""HW12-W2"", ""HW12-W3""]",DOCUMENTED_BOARD_CONNECTION,待板级核验；不得因此自动ARM,NOT_TESTED,板载连接为原理图事实；非整套FFC插接批准。,
V1.2-H0.5-P5R6,interaction,TP_INT,GPIO9,GPIO,input,CAM L3 LCD 18P,15,3.3V board signal; current SKU LCD translator still to verify,"[""HW12-W2"", ""HW12-W3""]",DOCUMENTED_BOARD_CONNECTION,待板级核验；不得因此自动ARM,NOT_TESTED,板载连接为原理图事实；非整套FFC插接批准。,
V1.2-H0.5-P5R6,interaction,LCD_RST,CH32 EXIO1,I/O expander,output,CAM L3 LCD 18P,8,3.3V board signal; current SKU LCD translator still to verify,"[""HW12-W2"", ""HW12-W3""]",DOCUMENTED_BOARD_CONNECTION,待板级核验；不得因此自动ARM,NOT_TESTED,板载连接为原理图事实；非整套FFC插接批准。,
V1.2-H0.5-P5R6,interaction,TP_RST,CH32 EXIO0,I/O expander,output,CAM L3 LCD 18P,12,3.3V board signal; current SKU LCD translator still to verify,"[""HW12-W2"", ""HW12-W3""]",DOCUMENTED_BOARD_CONNECTION,待板级核验；不得因此自动ARM,NOT_TESTED,板载连接为原理图事实；非整套FFC插接批准。,
V1.2-H0.5-P5R6,interaction,LCD_BL,CH32 EXIO_PWM1,I/O expander PWM,output,CAM L3 LCD 18P,2,3.3V board signal; current SKU LCD translator still to verify,"[""HW12-W2"", ""HW12-W3""]",DOCUMENTED_BOARD_CONNECTION,待板级核验；不得因此自动ARM,NOT_TESTED,板载连接为原理图事实；非整套FFC插接批准。,
V1.2-H0.5-P5R6,interaction,LINK_CAM_RX,GPIO44 / U0RXD,UART,input,CAM J11,1,3.3V,"[""HW12-W2""]",DOCUMENTED_BOARD_CONNECTION,待板级核验；不得因此自动ARM,NOT_TESTED,与TF卡D0复用，首轮不装TF且不初始化SD；板间接STM_TX。,
V1.2-H0.5-P5R6,interaction,LINK_CAM_TX,GPIO43 / U0TXD,UART,output,CAM J11,2,3.3V,"[""HW12-W2""]",DOCUMENTED_BOARD_CONNECTION,待板级核验；不得因此自动ARM,NOT_TESTED,与TF卡CMD复用；UART0启动日志不能当命令，运行日志改USB；接STM_RX。,
V1.2-H0.5-P5R6,interaction,CAM_3V3_TEST,,power,power_out,CAM J11,3,3.3V OUTPUT,"[""HW12-W2""]",DOCUMENTED_BOARD_CONNECTION,待板级核验；不得因此自动ARM,NOT_TESTED,不作为3S/5V输入，不与运动板3.3V输出短接；运行线束留空。,
V1.2-H0.5-P5R6,interaction,LINK_GND,,ground,reference,CAM J11,4,GND,"[""HW12-W2""]",DOCUMENTED_BOARD_CONNECTION,待板级核验；不得因此自动ARM,NOT_TESTED,与运动域单独信号参考地；高电流回路不得串过此线。,
V1.2-H0.5-P5R6,interaction,I2S_MCLK,GPIO10,I2S/TDM,output,onboard,,3.3V,"[""HW12-W2""]",DOCUMENTED_BOARD_CONNECTION,待板级核验；不得因此自动ARM,NOT_TESTED,ES7210/ES8311共时钟；具体采样率/槽位/参考通道待驱动及录播实测。,
V1.2-H0.5-P5R6,interaction,I2S_SCLK,GPIO11,I2S/TDM,output,onboard,,3.3V,"[""HW12-W2""]",DOCUMENTED_BOARD_CONNECTION,待板级核验；不得因此自动ARM,NOT_TESTED,ES7210/ES8311共时钟；具体采样率/槽位/参考通道待驱动及录播实测。,
V1.2-H0.5-P5R6,interaction,I2S_LRCK,GPIO12,I2S/TDM,output,onboard,,3.3V,"[""HW12-W2""]",DOCUMENTED_BOARD_CONNECTION,待板级核验；不得因此自动ARM,NOT_TESTED,ES7210/ES8311共时钟；具体采样率/槽位/参考通道待驱动及录播实测。,
V1.2-H0.5-P5R6,interaction,I2S_ADC_DATA,GPIO13,I2S/TDM,input,onboard,,3.3V,"[""HW12-W2""]",DOCUMENTED_BOARD_CONNECTION,待板级核验；不得因此自动ARM,NOT_TESTED,ES7210/ES8311共时钟；具体采样率/槽位/参考通道待驱动及录播实测。,
V1.2-H0.5-P5R6,interaction,I2S_DAC_DATA,GPIO14,I2S/TDM,output,onboard,,3.3V,"[""HW12-W2""]",DOCUMENTED_BOARD_CONNECTION,待板级核验；不得因此自动ARM,NOT_TESTED,ES7210/ES8311共时钟；具体采样率/槽位/参考通道待驱动及录播实测。,
V1.2-H0.5-P5R6,interaction,CAM_D0,GPIO45,DVP,input,CAM J2 24P,,板载相机电源/IO域；不引到STM,"[""HW12-W2""]",DOCUMENTED_BOARD_CONNECTION,待板级核验；不得因此自动ARM,NOT_TESTED,相机同头部pitch运动组，外部线缆长度不增加。,
V1.2-H0.5-P5R6,interaction,CAM_D1,GPIO47,DVP,input,CAM J2 24P,,板载相机电源/IO域；不引到STM,"[""HW12-W2""]",DOCUMENTED_BOARD_CONNECTION,待板级核验；不得因此自动ARM,NOT_TESTED,相机同头部pitch运动组，外部线缆长度不增加。,
V1.2-H0.5-P5R6,interaction,CAM_D2,GPIO48,DVP,input,CAM J2 24P,,板载相机电源/IO域；不引到STM,"[""HW12-W2""]",DOCUMENTED_BOARD_CONNECTION,待板级核验；不得因此自动ARM,NOT_TESTED,相机同头部pitch运动组，外部线缆长度不增加。,
V1.2-H0.5-P5R6,interaction,CAM_D3,GPIO46,DVP,input,CAM J2 24P,,板载相机电源/IO域；不引到STM,"[""HW12-W2""]",DOCUMENTED_BOARD_CONNECTION,待板级核验；不得因此自动ARM,NOT_TESTED,相机同头部pitch运动组，外部线缆长度不增加。,
V1.2-H0.5-P5R6,interaction,CAM_D4,GPIO42,DVP,input,CAM J2 24P,,板载相机电源/IO域；不引到STM,"[""HW12-W2""]",DOCUMENTED_BOARD_CONNECTION,待板级核验；不得因此自动ARM,NOT_TESTED,相机同头部pitch运动组，外部线缆长度不增加。,
V1.2-H0.5-P5R6,interaction,CAM_D5,GPIO40,DVP,input,CAM J2 24P,,板载相机电源/IO域；不引到STM,"[""HW12-W2""]",DOCUMENTED_BOARD_CONNECTION,待板级核验；不得因此自动ARM,NOT_TESTED,相机同头部pitch运动组，外部线缆长度不增加。,
V1.2-H0.5-P5R6,interaction,CAM_D6,GPIO39,DVP,input,CAM J2 24P,,板载相机电源/IO域；不引到STM,"[""HW12-W2""]",DOCUMENTED_BOARD_CONNECTION,待板级核验；不得因此自动ARM,NOT_TESTED,相机同头部pitch运动组，外部线缆长度不增加。,
V1.2-H0.5-P5R6,interaction,CAM_D7,GPIO21,DVP,input,CAM J2 24P,,板载相机电源/IO域；不引到STM,"[""HW12-W2""]",DOCUMENTED_BOARD_CONNECTION,待板级核验；不得因此自动ARM,NOT_TESTED,相机同头部pitch运动组，外部线缆长度不增加。,
V1.2-H0.5-P5R6,interaction,CAM_PCLK,GPIO41,DVP,input,CAM J2 24P,,板载相机电源/IO域；不引到STM,"[""HW12-W2""]",DOCUMENTED_BOARD_CONNECTION,待板级核验；不得因此自动ARM,NOT_TESTED,相机同头部pitch运动组，外部线缆长度不增加。,
V1.2-H0.5-P5R6,interaction,CAM_VSYNC,GPIO17,DVP,input,CAM J2 24P,,板载相机电源/IO域；不引到STM,"[""HW12-W2""]",DOCUMENTED_BOARD_CONNECTION,待板级核验；不得因此自动ARM,NOT_TESTED,相机同头部pitch运动组，外部线缆长度不增加。,
V1.2-H0.5-P5R6,interaction,CAM_HREF,GPIO18,DVP,input,CAM J2 24P,,板载相机电源/IO域；不引到STM,"[""HW12-W2""]",DOCUMENTED_BOARD_CONNECTION,待板级核验；不得因此自动ARM,NOT_TESTED,相机同头部pitch运动组，外部线缆长度不增加。,
V1.2-H0.5-P5R6,interaction,CAM_XCLK,GPIO38,DVP,output,CAM J2 24P,,板载相机电源/IO域；不引到STM,"[""HW12-W2""]",DOCUMENTED_BOARD_CONNECTION,待板级核验；不得因此自动ARM,NOT_TESTED,相机同头部pitch运动组，外部线缆长度不增加。,
V1.2-H0.5-P5R6,interaction,USB_D-,GPIO19,onboard,bidirectional,onboard,,board-defined,"[""HW12-W2""]",DOCUMENTED_BOARD_CONNECTION,待板级核验；不得因此自动ARM,NOT_TESTED,保留启动/维护用途；不复用为普通外部按钮。,
V1.2-H0.5-P5R6,interaction,USB_D+,GPIO20,onboard,bidirectional,onboard,,board-defined,"[""HW12-W2""]",DOCUMENTED_BOARD_CONNECTION,待板级核验；不得因此自动ARM,NOT_TESTED,保留启动/维护用途；不复用为普通外部按钮。,
V1.2-H0.5-P5R6,interaction,POWER_KEY,GPIO15,onboard,input,onboard,,board-defined,"[""HW12-W2""]",DOCUMENTED_BOARD_CONNECTION,待板级核验；不得因此自动ARM,NOT_TESTED,电源控制复用，不能默认为对话按钮,
V1.2-H0.5-P5R6,interaction,BOOT,GPIO0,onboard,input,onboard,,board-defined,"[""HW12-W2""]",DOCUMENTED_BOARD_CONNECTION,待板级核验；不得因此自动ARM,NOT_TESTED,保留启动/维护用途；不复用为普通外部按钮。,
V1.2-H0.5-P5R6,motion,USER_KEY_N,PC13,GPIO,input,WeAct P1,4,3.3V; external actuator VIH/VOH unqualified,"[""HW12-WEACT"", ""HW12-F412-DS"", ""HW12-F412-RM""]",P1_SCHEMATIC_ASSIGNED_NOT_BENCH_VERIFIED,GPIO input except external pull states; NO ARM,NOT_TESTED,P4 J6机内维护干接点输入；外部功能按钮已按M1.11移除。非RESET；GPIO保持PC13。,U100.A4
V1.2-H0.5-P5R6,motion,BAT_ADC,PC0,ADC1_IN10,input,WeAct P1,5,3.3V; external actuator VIH/VOH unqualified,"[""HW12-WEACT"", ""HW12-F412-DS"", ""HW12-F412-RM""]",P1_SCHEMATIC_ASSIGNED_NOT_BENCH_VERIFIED,GPIO input except external pull states; NO ARM,NOT_TESTED,No TF/USB pin reuse. PB3 requires JTAG disabled while preserving SWD; PB8 open-drain only.,U100.A5
V1.2-H0.5-P5R6,motion,CURRENT_ADC,PC2,ADC1_IN12,input,WeAct P1,7,3.3V; external actuator VIH/VOH unqualified,"[""HW12-WEACT"", ""HW12-F412-DS"", ""HW12-F412-RM""]",P1_SCHEMATIC_ASSIGNED_NOT_BENCH_VERIFIED,GPIO input except external pull states; NO ARM,NOT_TESTED,No TF/USB pin reuse. PB3 requires JTAG disabled while preserving SWD; PB8 open-drain only.,U100.A7
V1.2-H0.5-P5R6,motion,WHEEL_ADC,PC1,ADC1_IN11,input,WeAct P1,8,3.3V; external actuator VIH/VOH unqualified,"[""HW12-WEACT"", ""HW12-F412-DS"", ""HW12-F412-RM""]",P1_SCHEMATIC_ASSIGNED_NOT_BENCH_VERIFIED,GPIO input except external pull states; NO ARM,NOT_TESTED,No TF/USB pin reuse. PB3 requires JTAG disabled while preserving SWD; PB8 open-drain only.,U100.A8
V1.2-H0.5-P5R6,motion,HEAD_TX,PA2,USART2_TX AF7 /DMA1 S6 C4,output,WeAct P1,11,3.3V; external actuator VIH/VOH unqualified,"[""HW12-WEACT"", ""HW12-F412-DS"", ""HW12-F412-RM""]",P1_SCHEMATIC_ASSIGNED_NOT_BENCH_VERIFIED,GPIO input except external pull states; NO ARM,NOT_TESTED,No TF/USB pin reuse. PB3 requires JTAG disabled while preserving SWD; PB8 open-drain only.,U100.A11
V1.2-H0.5-P5R6,motion,IMU_CS_M,PA4,GPIO CS_N,output,WeAct P1,13,3.3V; external actuator VIH/VOH unqualified,"[""HW12-WEACT"", ""HW12-F412-DS"", ""HW12-F412-RM""]",P1_SCHEMATIC_ASSIGNED_NOT_BENCH_VERIFIED,GPIO input except external pull states; NO ARM,NOT_TESTED,No TF/USB pin reuse. PB3 requires JTAG disabled while preserving SWD; PB8 open-drain only.,U100.A13
V1.2-H0.5-P5R6,motion,HEAD_RX,PA3,USART2_RX AF7 /DMA1 S5 C4,input,WeAct P1,14,3.3V; external actuator VIH/VOH unqualified,"[""HW12-WEACT"", ""HW12-F412-DS"", ""HW12-F412-RM""]",P1_SCHEMATIC_ASSIGNED_NOT_BENCH_VERIFIED,GPIO input except external pull states; NO ARM,NOT_TESTED,No TF/USB pin reuse. PB3 requires JTAG disabled while preserving SWD; PB8 open-drain only.,U100.A14
V1.2-H0.5-P5R6,motion,IMU_MISO,PA6,SPI1_MISO AF5 /DMA2 S0 C3,input,WeAct P1,15,3.3V; external actuator VIH/VOH unqualified,"[""HW12-WEACT"", ""HW12-F412-DS"", ""HW12-F412-RM""]",P1_SCHEMATIC_ASSIGNED_NOT_BENCH_VERIFIED,GPIO input except external pull states; NO ARM,NOT_TESTED,No TF/USB pin reuse. PB3 requires JTAG disabled while preserving SWD; PB8 open-drain only.,U100.A15
V1.2-H0.5-P5R6,motion,IMU_SCK_M,PA5,SPI1_SCK AF5,output,WeAct P1,16,3.3V; external actuator VIH/VOH unqualified,"[""HW12-WEACT"", ""HW12-F412-DS"", ""HW12-F412-RM""]",P1_SCHEMATIC_ASSIGNED_NOT_BENCH_VERIFIED,GPIO input except external pull states; NO ARM,NOT_TESTED,No TF/USB pin reuse. PB3 requires JTAG disabled while preserving SWD; PB8 open-drain only.,U100.A16
V1.2-H0.5-P5R6,motion,CHG_N,PC4,GPIO,input,WeAct P1,17,3.3V; external actuator VIH/VOH unqualified,"[""HW12-WEACT"", ""HW12-F412-DS"", ""HW12-F412-RM""]",P1_SCHEMATIC_ASSIGNED_NOT_BENCH_VERIFIED,GPIO input except external pull states; NO ARM,NOT_TESTED,No TF/USB pin reuse. PB3 requires JTAG disabled while preserving SWD; PB8 open-drain only.,U100.A17
V1.2-H0.5-P5R6,motion,IMU_MOSI_M,PA7,SPI1_MOSI AF5 /DMA2 S3 C3,output,WeAct P1,18,3.3V; external actuator VIH/VOH unqualified,"[""HW12-WEACT"", ""HW12-F412-DS"", ""HW12-F412-RM""]",P1_SCHEMATIC_ASSIGNED_NOT_BENCH_VERIFIED,GPIO input except external pull states; NO ARM,NOT_TESTED,No TF/USB pin reuse. PB3 requires JTAG disabled while preserving SWD; PB8 open-drain only.,U100.A18
V1.2-H0.5-P5R6,motion,IMU_DRDY,PB0,EXTI0 DRDY timestamp,input,WeAct P1,19,3.3V; external actuator VIH/VOH unqualified,"[""HW12-WEACT"", ""HW12-F412-DS"", ""HW12-F412-RM""]",P1_SCHEMATIC_ASSIGNED_NOT_BENCH_VERIFIED,GPIO input except external pull states; NO ARM,NOT_TESTED,No TF/USB pin reuse. PB3 requires JTAG disabled while preserving SWD; PB8 open-drain only.,U100.A19
V1.2-H0.5-P5R6,motion,ARM_FEEDBACK,PC5,GPIO,input,WeAct P1,20,3.3V; external actuator VIH/VOH unqualified,"[""HW12-WEACT"", ""HW12-F412-DS"", ""HW12-F412-RM""]",P1_SCHEMATIC_ASSIGNED_NOT_BENCH_VERIFIED,GPIO input except external pull states; NO ARM,NOT_TESTED,No TF/USB pin reuse. PB3 requires JTAG disabled while preserving SWD; PB8 open-drain only.,U100.A20
V1.2-H0.5-P5R6,motion,ARM_CLK,PB7,GPIO,output,WeAct P2,3,3.3V; external actuator VIH/VOH unqualified,"[""HW12-WEACT"", ""HW12-F412-DS"", ""HW12-F412-RM""]",P1_SCHEMATIC_ASSIGNED_NOT_BENCH_VERIFIED,GPIO input except external pull states; NO ARM,NOT_TESTED,No TF/USB pin reuse. PB3 requires JTAG disabled while preserving SWD; PB8 open-drain only.,U100.B3
V1.2-H0.5-P5R6,motion,CLR_N,PB8,GPIO open drain clear latch,open_collector,WeAct P2,4,3.3V; external actuator VIH/VOH unqualified,"[""HW12-WEACT"", ""HW12-F412-DS"", ""HW12-F412-RM""]",P1_SCHEMATIC_ASSIGNED_NOT_BENCH_VERIFIED,GPIO input except external pull states; NO ARM,NOT_TESTED,No TF/USB pin reuse. PB3 requires JTAG disabled while preserving SWD; PB8 open-drain only.,U100.B4
V1.2-H0.5-P5R6,motion,S288_OE_REQ_N,PB5,GPIO,output,WeAct P2,5,3.3V; external actuator VIH/VOH unqualified,"[""HW12-WEACT"", ""HW12-F412-DS"", ""HW12-F412-RM""]",P1_SCHEMATIC_ASSIGNED_NOT_BENCH_VERIFIED,GPIO input except external pull states; NO ARM,NOT_TESTED,No TF/USB pin reuse. PB3 requires JTAG disabled while preserving SWD; PB8 open-drain only.,U100.B5
V1.2-H0.5-P5R6,motion,HEAD_OE_REQ_N,PB6,GPIO,output,WeAct P2,6,3.3V; external actuator VIH/VOH unqualified,"[""HW12-WEACT"", ""HW12-F412-DS"", ""HW12-F412-RM""]",P1_SCHEMATIC_ASSIGNED_NOT_BENCH_VERIFIED,GPIO input except external pull states; NO ARM,NOT_TESTED,No TF/USB pin reuse. PB3 requires JTAG disabled while preserving SWD; PB8 open-drain only.,U100.B6
V1.2-H0.5-P5R6,motion,FAULT_N,PB3,GPIO,input,WeAct P2,7,3.3V; external actuator VIH/VOH unqualified,"[""HW12-WEACT"", ""HW12-F412-DS"", ""HW12-F412-RM""]",P1_SCHEMATIC_ASSIGNED_NOT_BENCH_VERIFIED,GPIO input except external pull states; NO ARM,NOT_TESTED,No TF/USB pin reuse. PB3 requires JTAG disabled while preserving SWD; PB8 open-drain only.,U100.B7
V1.2-H0.5-P5R6,motion,S288_RX,PA10,USART1_RX AF7 /DMA2 S2 C4,input,WeAct P2,15,3.3V; external actuator VIH/VOH unqualified,"[""HW12-WEACT"", ""HW12-F412-DS"", ""HW12-F412-RM""]",P1_SCHEMATIC_ASSIGNED_NOT_BENCH_VERIFIED,GPIO input except external pull states; NO ARM,NOT_TESTED,No TF/USB pin reuse. PB3 requires JTAG disabled while preserving SWD; PB8 open-drain only.,U100.B15
V1.2-H0.5-P5R6,motion,S288_TX,PA9,USART1_TX AF7 /DMA2 S7 C4,output,WeAct P2,18,3.3V; external actuator VIH/VOH unqualified,"[""HW12-WEACT"", ""HW12-F412-DS"", ""HW12-F412-RM""]",P1_SCHEMATIC_ASSIGNED_NOT_BENCH_VERIFIED,GPIO input except external pull states; NO ARM,NOT_TESTED,No TF/USB pin reuse. PB3 requires JTAG disabled while preserving SWD; PB8 open-drain only.,U100.B18
V1.2-H0.5-P5R6,motion,LINK_TX,PC6,USART6_TX AF8 /DMA2 S6 C5,output,WeAct P2,21,3.3V; external actuator VIH/VOH unqualified,"[""HW12-WEACT"", ""HW12-F412-DS"", ""HW12-F412-RM""]",P1_SCHEMATIC_ASSIGNED_NOT_BENCH_VERIFIED,GPIO input except external pull states; NO ARM,NOT_TESTED,No TF/USB pin reuse. PB3 requires JTAG disabled while preserving SWD; PB8 open-drain only.,U100.B21
V1.2-H0.5-P5R6,motion,LINK_RX,PC7,USART6_RX AF8 /DMA2 S1 C5,input,WeAct P2,22,3.3V; external actuator VIH/VOH unqualified,"[""HW12-WEACT"", ""HW12-F412-DS"", ""HW12-F412-RM""]",P1_SCHEMATIC_ASSIGNED_NOT_BENCH_VERIFIED,GPIO input except external pull states; NO ARM,NOT_TESTED,No TF/USB pin reuse. PB3 requires JTAG disabled while preserving SWD; PB8 open-drain only.,U100.B22
V1.2-H0.5-P5R6,power,+5V_MOTION,,POWER,supply_out,MORI_power_S3.J17,1,5V nominal,"[""HW12-S3-01"", ""HW12-S3-02"", ""HW12-S3-03"", ""HW12-S3-04"", ""HW12-S3-05"", ""HW12-S3-06"", ""HW12-S3-07"", ""HW12-S3-08"", ""HW12-S3-09"", ""HW12-S3-10"", ""HW12-S3-11"", ""HW12-S3-12""]",S3_SCHEMATIC_ONLY,EN internally enabled; independent of ARM_Q,NOT_TESTED,Output voltage only; MCU3V3 remains local. No PCB connector position frozen.,
V1.2-H0.5-P5R6,power,GND,,POWER,return,MORI_power_S3.J17,2,0V,"[""HW12-S3-01"", ""HW12-S3-02"", ""HW12-S3-03"", ""HW12-S3-04"", ""HW12-S3-05"", ""HW12-S3-06"", ""HW12-S3-07"", ""HW12-S3-08"", ""HW12-S3-09"", ""HW12-S3-10"", ""HW12-S3-11"", ""HW12-S3-12""]",S3_SCHEMATIC_ONLY,EN internally enabled; independent of ARM_Q,NOT_TESTED,Output voltage only; MCU3V3 remains local. No PCB connector position frozen.,
V1.2-H0.5-P5R6,power,+5V_CAM,,POWER,supply_out,MORI_power_S3.J18,1,5V nominal,"[""HW12-S3-01"", ""HW12-S3-02"", ""HW12-S3-03"", ""HW12-S3-04"", ""HW12-S3-05"", ""HW12-S3-06"", ""HW12-S3-07"", ""HW12-S3-08"", ""HW12-S3-09"", ""HW12-S3-10"", ""HW12-S3-11"", ""HW12-S3-12""]",S3_SCHEMATIC_ONLY,EN internally enabled; independent of ARM_Q,NOT_TESTED,Output voltage only; MCU3V3 remains local. No PCB connector position frozen.,
V1.2-H0.5-P5R6,power,GND,,POWER,return,MORI_power_S3.J18,2,0V,"[""HW12-S3-01"", ""HW12-S3-02"", ""HW12-S3-03"", ""HW12-S3-04"", ""HW12-S3-05"", ""HW12-S3-06"", ""HW12-S3-07"", ""HW12-S3-08"", ""HW12-S3-09"", ""HW12-S3-10"", ""HW12-S3-11"", ""HW12-S3-12""]",S3_SCHEMATIC_ONLY,EN internally enabled; independent of ARM_Q,NOT_TESTED,Output voltage only; MCU3V3 remains local. No PCB connector position frozen.,
V1.2-H0.5-P5R6,power,M5_EN,,MAINTENANCE_TEST,passive_test_access,MORI_power_S3.JP60,1,"EN: float=ON, GND=OFF; never3S","[""HW12-S3-01"", ""HW12-S3-02"", ""HW12-S3-03"", ""HW12-S3-04"", ""HW12-S3-05"", ""HW12-S3-06"", ""HW12-S3-07"", ""HW12-S3-08"", ""HW12-S3-09"", ""HW12-S3-10"", ""HW12-S3-11"", ""HW12-S3-12""]",S3_SCHEMATIC_ONLY,JP open; no shunt fitted,NOT_TESTED,Normally open header. Bridge 1-2 only in maintenance cradle to disable this one rail. Motion supply loss removes ARM and robot balance. No automatic MCU-controlled power cycling.,
V1.2-H0.5-P5R6,power,GND,,MAINTENANCE_TEST,passive_test_access,MORI_power_S3.JP60,2,GND,"[""HW12-S3-01"", ""HW12-S3-02"", ""HW12-S3-03"", ""HW12-S3-04"", ""HW12-S3-05"", ""HW12-S3-06"", ""HW12-S3-07"", ""HW12-S3-08"", ""HW12-S3-09"", ""HW12-S3-10"", ""HW12-S3-11"", ""HW12-S3-12""]",S3_SCHEMATIC_ONLY,JP open; no shunt fitted,NOT_TESTED,Normally open header. Bridge 1-2 only in maintenance cradle to disable this one rail. Motion supply loss removes ARM and robot balance. No automatic MCU-controlled power cycling.,
V1.2-H0.5-P5R6,power,+5V_MOTION,,MAINTENANCE_TEST,passive_test_access,MORI_power_S3.TP60,1,5V nominal,"[""HW12-S3-01"", ""HW12-S3-02"", ""HW12-S3-03"", ""HW12-S3-04"", ""HW12-S3-05"", ""HW12-S3-06"", ""HW12-S3-07"", ""HW12-S3-08"", ""HW12-S3-09"", ""HW12-S3-10"", ""HW12-S3-11"", ""HW12-S3-12""]",S3_SCHEMATIC_ONLY,JP open; no shunt fitted,NOT_TESTED,Electrical test access defined; position and fixture coverage intentionally not frozen.,
V1.2-H0.5-P5R6,power,GND,,MAINTENANCE_TEST,passive_test_access,MORI_power_S3.TP61,1,GND,"[""HW12-S3-01"", ""HW12-S3-02"", ""HW12-S3-03"", ""HW12-S3-04"", ""HW12-S3-05"", ""HW12-S3-06"", ""HW12-S3-07"", ""HW12-S3-08"", ""HW12-S3-09"", ""HW12-S3-10"", ""HW12-S3-11"", ""HW12-S3-12""]",S3_SCHEMATIC_ONLY,JP open; no shunt fitted,NOT_TESTED,Electrical test access defined; position and fixture coverage intentionally not frozen.,
V1.2-H0.5-P5R6,power,C5_EN,,MAINTENANCE_TEST,passive_test_access,MORI_power_S3.JP70,1,"EN: float=ON, GND=OFF; never3S","[""HW12-S3-01"", ""HW12-S3-02"", ""HW12-S3-03"", ""HW12-S3-04"", ""HW12-S3-05"", ""HW12-S3-06"", ""HW12-S3-07"", ""HW12-S3-08"", ""HW12-S3-09"", ""HW12-S3-10"", ""HW12-S3-11"", ""HW12-S3-12""]",S3_SCHEMATIC_ONLY,JP open; no shunt fitted,NOT_TESTED,Normally open header. Bridge 1-2 only in maintenance cradle to disable this one rail. Motion supply loss removes ARM and robot balance. No automatic MCU-controlled power cycling.,
V1.2-H0.5-P5R6,power,GND,,MAINTENANCE_TEST,passive_test_access,MORI_power_S3.JP70,2,GND,"[""HW12-S3-01"", ""HW12-S3-02"", ""HW12-S3-03"", ""HW12-S3-04"", ""HW12-S3-05"", ""HW12-S3-06"", ""HW12-S3-07"", ""HW12-S3-08"", ""HW12-S3-09"", ""HW12-S3-10"", ""HW12-S3-11"", ""HW12-S3-12""]",S3_SCHEMATIC_ONLY,JP open; no shunt fitted,NOT_TESTED,Normally open header. Bridge 1-2 only in maintenance cradle to disable this one rail. Motion supply loss removes ARM and robot balance. No automatic MCU-controlled power cycling.,
V1.2-H0.5-P5R6,power,+5V_CAM,,MAINTENANCE_TEST,passive_test_access,MORI_power_S3.TP70,1,5V nominal,"[""HW12-S3-01"", ""HW12-S3-02"", ""HW12-S3-03"", ""HW12-S3-04"", ""HW12-S3-05"", ""HW12-S3-06"", ""HW12-S3-07"", ""HW12-S3-08"", ""HW12-S3-09"", ""HW12-S3-10"", ""HW12-S3-11"", ""HW12-S3-12""]",S3_SCHEMATIC_ONLY,JP open; no shunt fitted,NOT_TESTED,Electrical test access defined; position and fixture coverage intentionally not frozen.,
V1.2-H0.5-P5R6,power,GND,,MAINTENANCE_TEST,passive_test_access,MORI_power_S3.TP71,1,GND,"[""HW12-S3-01"", ""HW12-S3-02"", ""HW12-S3-03"", ""HW12-S3-04"", ""HW12-S3-05"", ""HW12-S3-06"", ""HW12-S3-07"", ""HW12-S3-08"", ""HW12-S3-09"", ""HW12-S3-10"", ""HW12-S3-11"", ""HW12-S3-12""]",S3_SCHEMATIC_ONLY,JP open; no shunt fitted,NOT_TESTED,Electrical test access defined; position and fixture coverage intentionally not frozen.,
