Ref,Val,Package,PosX,PosY,Rot,Side
"C1","100n / 50V / X7R","C_0603_1608Metric",20.000000,-17.000000,180.000000,bottom
"D1","SMF24A / Littelfuse","D_SOD-123F",20.000000,-5.000000,90.000000,bottom
"D2","PESD5V0L1BA,115","D_SOD-323",10.750000,-10.500000,-90.000000,bottom
"D3","PESD5V0L1BA,115","D_SOD-323",13.750000,-10.500000,-90.000000,bottom
"F1","045101.5MRL / 1.5A","Littelfuse_451_6.1x2.69_P4__P3R1_F1",4.000000,-4.800000,90.000000,bottom
"J2","CHARGER / PH5 SIDE ENTRY","JST_PH_S5B-PH-K_1x05_P2.00mm_Horizontal__P4_ANNULUS__P3R1_J2",16.000000,-23.000000,180.000000,bottom
"USB1","HRO TYPE-C-31-M-12 / charge only","USB_C_Receptacle_HRO_TYPE-C-31-M-12__P4_ANNULUS__P3R1_USB1",12.000000,-3.000000,0.000000,bottom
"J3","MASTER + DISARM / PH4","JST_PH_B4B-PH-K_1x04_P2.00mm_Vertical__P4_ANNULUS__P3R1_J3",9.000000,-19.300000,0.000000,top
"SW1","SOFNG MS-202V-G3","SOFNG_MS202V_G3_P4__P3R1_SW1",12.000000,-12.900000,0.000000,top
