rail,load_case,Vin_V,Iout_A,Vout_setpoint_V,inductor_ripple_pp_A,inductor_peak_A,inductor_rms_A,min_chip_HS_limit_A,chip_HS_limit_max_A,inductor_Isat20percent_A,inductor_Irms40C_A,input_current_at85percent_A,input_fuse_A,fuse_utilization,fuse_cold_loss_W,input_cap_ripple_A,input_cap_ripple_pp_V_at12uF,output_ripple_pp_V_at30uF_10mohm,IC_loss_estimate_W,inductor_copper_loss_estimate_W,Tj_estimate_at45C_with_EVM_and_JEDEC_theta,status
MOTION,continuous_target,9.0,0.5,5.077203007518797,1.192339361117771,1.0961696805588854,0.6070195735497836,4.0,6.0,7.5,4.0,0.331843333824758,1,0.331843333824758,0.008589359859906522,0.24793490712923602,0.03532857366274879,0.029054706270915796,0.12687343120210376,0.03305200681172874,"[52.25716026476034, 60.08525096993014]",ESTIMATE_NOT_TESTED
MOTION,transient_target,9.0,0.75,5.077203007518797,1.192339361117771,1.3461696805588854,0.8252107383405534,4.0,6.0,7.5,4.0,0.497765000737137,1,0.497765000737137,0.019326059684789672,0.371902360693854,0.052992860494123176,0.029054706270915796,0.1820834406006,0.06108325681172875,"[55.41517280235432, 66.64972108741134]",ESTIMATE_NOT_TESTED
MOTION,continuous_target,9.9,0.5,5.077203007518797,1.332632325130517,1.1663161625652585,0.6308663959179978,4.0,6.0,7.5,4.0,0.30167575802250723,1,0.30167575802250723,0.007098644512319438,0.24991744068318306,0.03589582020553581,0.032473339416973515,0.13176553601875568,0.03569991913202118,"[52.536988660272826, 60.66692223263005]",ESTIMATE_NOT_TESTED
MOTION,transient_target,9.9,0.75,5.077203007518797,1.332632325130517,1.4163161625652585,0.8429071179546201,4.0,6.0,7.5,4.0,0.45251363703376085,1,0.45251363703376085,0.015971950152718736,0.3748761610247746,0.05384373030830372,0.032473339416973515,0.18696753319920678,0.0637311691320212,"[55.69454289899463, 67.23043969738569]",ESTIMATE_NOT_TESTED
MOTION,continuous_target,11.1,0.5,5.077203007518797,1.4843003943334852,1.2421501971667426,0.65847979345222,4.0,6.0,7.5,4.0,0.2690621625606146,1,0.2690621625606146,0.0056467668910999795,0.24909120999799372,0.03565886833233599,0.036169159034333195,0.13791852063231513,0.03889352876312358,"[52.888939380168424, 61.39851210318227]",ESTIMATE_NOT_TESTED
MOTION,transient_target,11.1,0.75,5.077203007518797,1.4843003943334852,1.4921501971667426,0.863768278177011,4.0,6.0,7.5,4.0,0.40359324384092193,1,0.40359324384092193,0.012705225504974955,0.3736368149969906,0.053488302498503976,0.036169159034333195,0.19347368027974454,0.06692477876312358,"[56.06669451200139, 68.00402058526163]",ESTIMATE_NOT_TESTED
MOTION,continuous_target,12.6,0.5,5.077203007518797,1.6332601051578288,1.3166300525789145,0.6872371358745201,4.0,6.0,7.5,4.0,0.23703095273197,1,0.23703095273197,0.004382326459135982,0.24524569617329967,0.03456635143191173,0.03979898187281146,0.14507421183020258,0.042364850818973725,"[53.29824491668759, 62.249323786611086]",ESTIMATE_NOT_TESTED
MOTION,transient_target,12.6,0.75,5.077203007518797,1.6332601051578288,1.5666300525789145,0.885886494380072,4.0,6.0,7.5,4.0,0.35554642909795503,1,0.35554642909795503,0.009860234533055958,0.3678685442599495,0.05184952714786759,0.03979898187281146,0.20148850425769993,0.07039610081897373,"[56.52514244354044, 68.95698315624053]",ESTIMATE_NOT_TESTED
CAM,continuous_target,9.0,1.5,5.077203007518797,1.192339361117771,2.0961696805588854,1.5389843282738656,4.0,6.0,7.5,4.0,0.995530001474274,2,0.497765000737137,0.036372635406758,0.743804721387708,0.10598572098824635,0.029054706270915796,0.4457924913524797,0.21245200681172877,"[70.49933050536184, 98.00472722180984]",ESTIMATE_NOT_TESTED
CAM,transient_target,9.0,2.0,5.077203007518797,1.192339361117771,2.5961696805588854,2.02940207023462,4.0,6.0,7.5,4.0,1.327373335299032,2,0.663686667649516,0.06466246294534757,0.9917396285169441,0.14131429465099515,0.029054706270915796,0.7033310439840588,0.36942700681172885,"[85.23053571588817, 128.6260611297046]",ESTIMATE_NOT_TESTED
CAM,continuous_target,9.9,1.5,5.077203007518797,1.332632325130517,2.1663161625652583,1.5485452558768065,4.0,6.0,7.5,4.0,0.9050272740675217,2,0.45251363703376085,0.03006002926178347,0.7497523220495492,0.10768746061660744,0.032473339416973515,0.44719081797364285,0.2150999191320212,"[70.57931478809238, 98.17098825706614]",ESTIMATE_NOT_TESTED
CAM,transient_target,9.9,2.0,5.077203007518797,1.332632325130517,2.6663161625652583,2.0366620754309155,4.0,6.0,7.5,4.0,1.206703032090029,2,0.6033515160450145,0.05344005202094839,0.9996697627327322,0.14358328082214325,0.032473339416973515,0.6995207521841693,0.37207491913202123,"[85.01258702493449, 128.17301743469773]",ESTIMATE_NOT_TESTED
CAM,continuous_target,11.1,1.5,5.077203007518797,1.4843003943334852,2.2421501971667426,1.559998602045809,4.0,6.0,7.5,4.0,0.8071864876818439,2,0.40359324384092193,0.02391188595038876,0.7472736299939812,0.10697660499700795,0.036169159034333195,0.45101404237586323,0.2182935287631236,"[70.79800322389937, 98.62556963849013]",ESTIMATE_NOT_TESTED
CAM,transient_target,11.1,2.0,5.077203007518797,1.4843003943334852,2.7421501971667426,2.0453839831153657,4.0,6.0,7.5,4.0,1.0762486502424584,2,0.5381243251212292,0.042510019467357794,0.9963648399919749,0.14263547332934395,0.036169159034333195,0.6984366864014679,0.37526852876312367,"[84.95057846216397, 128.04412201313454]",ESTIMATE_NOT_TESTED
CAM,continuous_target,12.6,1.5,5.077203007518797,1.6332601051578288,2.3166300525789145,1.5723532939276126,4.0,6.0,7.5,4.0,0.7110928581959101,2,0.35554642909795503,0.01855746704426429,0.735737088519899,0.10369905429573519,0.03979898187281146,0.4579306833661854,0.2217648508189737,"[71.1936350885458, 99.44795825223946]",ESTIMATE_NOT_TESTED
CAM,transient_target,12.6,2.0,5.077203007518797,1.6332601051578288,2.8166300525789145,2.0548223477772996,4.0,6.0,7.5,4.0,0.94812381092788,2,0.47406190546394,0.03299105252313652,0.9809827846931987,0.13826540572764692,0.03979898187281146,0.7015582209601705,0.37873985081897377,"[85.12913023892176, 128.41527247216428]",ESTIMATE_NOT_TESTED
