id,name,quantity,category,data_status,material,confirmation,candidate_stl,dimensions_mm,group,model_fidelity,measured_unit,print_orientation_candidate,functional_purpose
Battery,Tenergy31013 成品3S / 71×55×20,1,PURCHASED_REFERENCE,VENDOR_DOCUMENTED,blue,"Manufacturer geometry; physical revision, mating cables and assembly qualification remain pending",False,"[71.0, 55.0, 20.0]",body,VENDOR_DIMENSIONED_ENVELOPE,False,,"Manufacturer geometry; physical revision, mating cables and assembly qualification remain pending"
Battery_Pad_-38.0,电池侧向可更换软垫 / 试配,1,PLACEHOLDER,ASSUMED,Purchased rubber or flexible TPU; NOT rigid shell material,PROVISIONAL / parameterized study,False,"[4.0, 45.0, 8.0]",body,ALLOCATION_ONLY,False,,PROVISIONAL / parameterized study
Battery_Pad_38.0,电池侧向可更换软垫 / 试配,1,PLACEHOLDER,ASSUMED,Purchased rubber or flexible TPU; NOT rigid shell material,PROVISIONAL / parameterized study,False,"[4.0, 45.0, 8.0]",body,ALLOCATION_ONLY,False,,PROVISIONAL / parameterized study
Battery_Pad_Base,电池底部0.5mm软垫 / 试配,1,PLACEHOLDER,ASSUMED,Purchased rubber or flexible TPU; NOT rigid shell material,PROVISIONAL / parameterized study,False,"[71.0, 55.0, 0.5]",body,ALLOCATION_ONLY,False,,PROVISIONAL / parameterized study
Battery_Pad_Top,电池顶部软垫 / 试配压缩厚度,1,PLACEHOLDER,ASSUMED,Purchased rubber or flexible TPU; NOT rigid shell material,"20x52x1mm nominal soft pad requirement; material, compression and real pack tolerance not measured.",False,"[20.0, 52.0, 1.0]",body,NOMINAL_COMPRESSED_FOAM_ALLOCATION,False,,"20x52x1mm nominal soft pad requirement; material, compression and real pack tolerance not measured."
Battery_Retainer_Insert_-1,FINE SL-M2×3 / 目录尺寸基准,1,PLACEHOLDER,VENDOR_DOCUMENTED,Metal hardware placeholder,"Trial fastener envelope; supplier, thread/engagement and printing fits not released",False,"[3.0, 3.6, 3.6]",body,CATALOGUE_MAXIMUM_ENVELOPE; knurl and thread helix omitted,False,,"Trial fastener envelope; supplier, thread/engagement and printing fits not released"
Battery_Retainer_Insert_1,FINE SL-M2×3 / 目录尺寸基准,1,PLACEHOLDER,VENDOR_DOCUMENTED,Metal hardware placeholder,"Trial fastener envelope; supplier, thread/engagement and printing fits not released",False,"[3.0, 3.6, 3.6]",body,CATALOGUE_MAXIMUM_ENVELOPE; knurl and thread helix omitted,False,,"Trial fastener envelope; supplier, thread/engagement and printing fits not released"
Battery_Retainer_Screw_-1,GB/T823 M2×6,1,PLACEHOLDER,VENDOR_DOCUMENTED,Metal hardware placeholder,"Trial fastener envelope; supplier, thread/engagement and printing fits not released",False,"[7.4, 3.5, 3.5]",body,DIMENSIONED_ENVELOPE; drive recess and thread helix omitted,False,,"Trial fastener envelope; supplier, thread/engagement and printing fits not released"
Battery_Retainer_Screw_1,GB/T823 M2×6,1,PLACEHOLDER,VENDOR_DOCUMENTED,Metal hardware placeholder,"Trial fastener envelope; supplier, thread/engagement and printing fits not released",False,"[7.4, 3.5, 3.5]",body,DIMENSIONED_ENVELOPE; drive recess and thread helix omitted,False,,"Trial fastener envelope; supplier, thread/engagement and printing fits not released"
Battery_Strap,20mm自粘绑带 / 包体压持候选,1,PURCHASED_REFERENCE,ASSUMED,Purchased rubber or flexible TPU; NOT rigid shell material,"20mm self-engaging strap requirement;1.5mm nominal thickness assumption. Routing and overlap are modeled, compression/retention loads are NOT_TESTED.",False,"[20.0, 61.0, 28.98]",body,NOMINAL_FLEXIBLE_STRAP_REQUIREMENT,False,,"20mm self-engaging strap requirement;1.5mm nominal thickness assumption. Routing and overlap are modeled, compression/retention loads are NOT_TESTED."
Battery_Tray,加宽电池托盘 / 平侧板直接限位,1,PRINTABLE,ASSUMED,PA12 nylon / JLC3DP first structural prototype,"Wider tray between flat cheeks; bottom floor bears on existing frame ledges. Two side screws retain extraction. Original81mm inner channel, pack/pads and straps retained; physical fit unqualified.",True,"[94.2, 70.0, 11.5]",body,DESIGN_GEOMETRY,False,Largest flat face down,"Wider tray between flat cheeks; bottom floor bears on existing frame ledges. Two side screws retain extraction. Original81mm inner channel, pack/pads and straps retained; physical fit unqualified."
Body_IMU,MORI_imu_P5R4 / 原生装件与板框,1,PURCHASED_REFERENCE,ASSUMED,"FR4 envelope, connectors included separately","Manufacturer geometry; physical revision, mating cables and assembly qualification remain pending",False,"[20.0, 16.0, 9.4]",body,NATIVE_DESIGN_WITH_SOURCE_BACKED_PACKAGES,False,,"Manufacturer geometry; physical revision, mating cables and assembly qualification remain pending"
Body_Lower,身体下壳,1,PRINTABLE,ASSUMED,PA12 nylon / JLC3DP first structural prototype,Candidate trial geometry; vendor fasteners and fits pending Stage B,True,"[136.733, 157.573, 79.8]",body,DESIGN_GEOMETRY,False,,Candidate trial geometry; vendor fasteners and fits pending Stage B
Body_Upper,身体上壳,1,PRINTABLE,ASSUMED,PA12 nylon / JLC3DP first structural prototype,Candidate trial geometry; vendor fasteners and fits pending Stage B,True,"[158.462, 157.758, 71.8]",body,DESIGN_GEOMETRY,False,,Candidate trial geometry; vendor fasteners and fits pending Stage B
CAM_Mainboard,微雪33700 / 官方尺寸＋照片重建 / 待实物复核,1,PURCHASED_REFERENCE,ASSUMED,"FR4 envelope, connectors included separately","Manufacturer geometry; physical revision, mating cables and assembly qualification remain pending",False,"[37.07, 6.8, 38.03]",pitch,VENDOR_DIMENSIONS_PLUS_OFFICIAL_PHOTOS,False,,"Manufacturer geometry; physical revision, mating cables and assembly qualification remain pending"
CAM_Mount_Insert_0,FINE SL-M2×3 / 目录尺寸基准,1,PLACEHOLDER,VENDOR_DOCUMENTED,Metal hardware placeholder,"Trial fastener envelope; supplier, thread/engagement and printing fits not released",False,"[3.6, 3.0, 3.6]",pitch,CATALOGUE_MAXIMUM_ENVELOPE; knurl and thread helix omitted,False,,"Trial fastener envelope; supplier, thread/engagement and printing fits not released"
CAM_Mount_Insert_1,FINE SL-M2×3 / 目录尺寸基准,1,PLACEHOLDER,VENDOR_DOCUMENTED,Metal hardware placeholder,"Trial fastener envelope; supplier, thread/engagement and printing fits not released",False,"[3.6, 3.0, 3.6]",pitch,CATALOGUE_MAXIMUM_ENVELOPE; knurl and thread helix omitted,False,,"Trial fastener envelope; supplier, thread/engagement and printing fits not released"
CAM_Mount_Insert_2,FINE SL-M2×3 / 目录尺寸基准,1,PLACEHOLDER,VENDOR_DOCUMENTED,Metal hardware placeholder,"Trial fastener envelope; supplier, thread/engagement and printing fits not released",False,"[3.6, 3.0, 3.6]",pitch,CATALOGUE_MAXIMUM_ENVELOPE; knurl and thread helix omitted,False,,"Trial fastener envelope; supplier, thread/engagement and printing fits not released"
CAM_Mount_Insert_3,FINE SL-M2×3 / 目录尺寸基准,1,PLACEHOLDER,VENDOR_DOCUMENTED,Metal hardware placeholder,"Trial fastener envelope; supplier, thread/engagement and printing fits not released",False,"[3.6, 3.0, 3.6]",pitch,CATALOGUE_MAXIMUM_ENVELOPE; knurl and thread helix omitted,False,,"Trial fastener envelope; supplier, thread/engagement and printing fits not released"
CAM_Mount_Screw_0,CAM固定 DIN912 M2×5 内六角,1,PLACEHOLDER,VENDOR_DOCUMENTED,Metal hardware placeholder,"Candidate nominal hardware; exact supplier, torque, insert and print fits require coupon.",False,"[3.8, 7.0, 3.8]",pitch,"CATALOGUE_OUTER_ENVELOPE; socket depth assumed, thread helix omitted",False,,"Candidate nominal hardware; exact supplier, torque, insert and print fits require coupon."
CAM_Mount_Screw_1,CAM固定 DIN912 M2×5 内六角,1,PLACEHOLDER,VENDOR_DOCUMENTED,Metal hardware placeholder,"Candidate nominal hardware; exact supplier, torque, insert and print fits require coupon.",False,"[3.8, 7.0, 3.8]",pitch,"CATALOGUE_OUTER_ENVELOPE; socket depth assumed, thread helix omitted",False,,"Candidate nominal hardware; exact supplier, torque, insert and print fits require coupon."
CAM_Mount_Screw_2,CAM固定 DIN912 M2×5 内六角,1,PLACEHOLDER,VENDOR_DOCUMENTED,Metal hardware placeholder,"Candidate nominal hardware; exact supplier, torque, insert and print fits require coupon.",False,"[3.8, 7.0, 3.8]",pitch,"CATALOGUE_OUTER_ENVELOPE; socket depth assumed, thread helix omitted",False,,"Candidate nominal hardware; exact supplier, torque, insert and print fits require coupon."
CAM_Mount_Screw_3,CAM固定 DIN912 M2×5 内六角,1,PLACEHOLDER,VENDOR_DOCUMENTED,Metal hardware placeholder,"Candidate nominal hardware; exact supplier, torque, insert and print fits require coupon.",False,"[3.8, 7.0, 3.8]",pitch,"CATALOGUE_OUTER_ENVELOPE; socket depth assumed, thread helix omitted",False,,"Candidate nominal hardware; exact supplier, torque, insert and print fits require coupon."
Camera_Lens,OV3660 方形镜头座 / 原光轴位置,1,PURCHASED_REFERENCE,ASSUMED,"FR4 envelope, connectors included separately","Manufacturer geometry; physical revision, mating cables and assembly qualification remain pending",False,"[7.8, 4.859, 8.202]",pitch,VENDOR_DIMENSIONS_PLUS_OFFICIAL_PHOTOS,False,,"Manufacturer geometry; physical revision, mating cables and assembly qualification remain pending"
Camera_PCB,OV3660 感光模组基座 / 照片重建,1,PURCHASED_REFERENCE,ASSUMED,"FR4 envelope, connectors included separately","Manufacturer geometry; physical revision, mating cables and assembly qualification remain pending",False,"[8.2, 1.719, 8.128]",pitch,VENDOR_DIMENSIONS_PLUS_OFFICIAL_PHOTOS,False,,"Manufacturer geometry; physical revision, mating cables and assembly qualification remain pending"
Carrier_Insert_0,FINE SL-M2×3 / 目录尺寸基准,1,PLACEHOLDER,VENDOR_DOCUMENTED,Metal hardware placeholder,"Trial fastener envelope; supplier, thread/engagement and printing fits not released",False,"[3.6, 3.6, 3.0]",body,CATALOGUE_MAXIMUM_ENVELOPE; knurl and thread helix omitted,False,,"Trial fastener envelope; supplier, thread/engagement and printing fits not released"
Carrier_Insert_1,FINE SL-M2×3 / 目录尺寸基准,1,PLACEHOLDER,VENDOR_DOCUMENTED,Metal hardware placeholder,"Trial fastener envelope; supplier, thread/engagement and printing fits not released",False,"[3.6, 3.6, 3.0]",body,CATALOGUE_MAXIMUM_ENVELOPE; knurl and thread helix omitted,False,,"Trial fastener envelope; supplier, thread/engagement and printing fits not released"
Carrier_Insert_2,FINE SL-M2×3 / 目录尺寸基准,1,PLACEHOLDER,VENDOR_DOCUMENTED,Metal hardware placeholder,"Trial fastener envelope; supplier, thread/engagement and printing fits not released",False,"[3.6, 3.6, 3.0]",body,CATALOGUE_MAXIMUM_ENVELOPE; knurl and thread helix omitted,False,,"Trial fastener envelope; supplier, thread/engagement and printing fits not released"
Carrier_Insert_3,FINE SL-M2×3 / 目录尺寸基准,1,PLACEHOLDER,VENDOR_DOCUMENTED,Metal hardware placeholder,"Trial fastener envelope; supplier, thread/engagement and printing fits not released",False,"[3.6, 3.6, 3.0]",body,CATALOGUE_MAXIMUM_ENVELOPE; knurl and thread helix omitted,False,,"Trial fastener envelope; supplier, thread/engagement and printing fits not released"
Carrier_Screw_0,GB/T823 M2×5,1,PLACEHOLDER,VENDOR_DOCUMENTED,Metal hardware placeholder,"Trial fastener envelope; supplier, thread/engagement and printing fits not released",False,"[3.5, 3.5, 6.4]",body,DIMENSIONED_ENVELOPE; drive recess and thread helix omitted,False,,"Trial fastener envelope; supplier, thread/engagement and printing fits not released"
Carrier_Screw_1,GB/T823 M2×5,1,PLACEHOLDER,VENDOR_DOCUMENTED,Metal hardware placeholder,"Trial fastener envelope; supplier, thread/engagement and printing fits not released",False,"[3.5, 3.5, 6.4]",body,DIMENSIONED_ENVELOPE; drive recess and thread helix omitted,False,,"Trial fastener envelope; supplier, thread/engagement and printing fits not released"
Carrier_Screw_2,GB/T823 M2×5,1,PLACEHOLDER,VENDOR_DOCUMENTED,Metal hardware placeholder,"Trial fastener envelope; supplier, thread/engagement and printing fits not released",False,"[3.5, 3.5, 6.4]",body,DIMENSIONED_ENVELOPE; drive recess and thread helix omitted,False,,"Trial fastener envelope; supplier, thread/engagement and printing fits not released"
Carrier_Screw_3,GB/T823 M2×5,1,PLACEHOLDER,VENDOR_DOCUMENTED,Metal hardware placeholder,"Trial fastener envelope; supplier, thread/engagement and printing fits not released",False,"[3.5, 3.5, 6.4]",body,DIMENSIONED_ENVELOPE; drive recess and thread helix omitted,False,,"Trial fastener envelope; supplier, thread/engagement and printing fits not released"
Coupon_Insert,嵌件孔径阶梯试样,1,PRINTABLE,ASSUMED,PA12 nylon / JLC3DP first structural prototype,Pilot diameters 3.7/3.9/4.1/4.3/4.5; use selected insert vendor data and same print process,True,"[48.0, 18.0, 8.0]",coupon,DESIGN_GEOMETRY,False,,Pilot diameters 3.7/3.9/4.1/4.3/4.5; use selected insert vendor data and same print process
Coupon_Mating_Tab,间隙试样配合片,1,PRINTABLE,ASSUMED,PA12 nylon / JLC3DP first structural prototype,Candidate trial geometry; vendor fasteners and fits pending Stage B,True,"[4.0, 11.5, 12.0]",coupon,DESIGN_GEOMETRY,False,,Candidate trial geometry; vendor fasteners and fits pending Stage B
Coupon_Plane_Fit,平面装配间隙试样,1,PRINTABLE,ASSUMED,PA12 nylon / JLC3DP first structural prototype,Per-side gaps 0.15/0.25/0.35/0.45/0.60 mm against 4 mm mating tab,True,"[52.0, 20.0, 6.0]",coupon,DESIGN_GEOMETRY,False,,Per-side gaps 0.15/0.25/0.35/0.45/0.60 mm against 4 mm mating tab
Coupon_Wheel_Fit,686ZZ / 双扁位配合试样,1,PRINTABLE,ASSUMED,PA12 nylon / JLC3DP first structural prototype,"Bearing seats12.9/13.0/13.1; D bores6.03x4.79 and6.08x4.84. Printer/material-specific tests, not universal clearance.",True,"[86.0, 23.0, 8.0]",coupon,DESIGN_GEOMETRY,False,,"Bearing seats12.9/13.0/13.1; D bores6.03x4.79 and6.08x4.84. Printer/material-specific tests, not universal clearance."
Display_Frame,平直U形屏幕连接架 / 前面与底边齐平,1,PRINTABLE,ASSUMED,PA12 nylon / JLC3DP first structural prototype,"Original three LCD M2 seats and camera location retained. Two paired side joints resist rotation; Constant-width optical mast and square returns remove redundant width steps and chamfers. Only actual tilted LCD post pads, camera pocket and captive-nut access remain.",True,"[85.0, 23.197, 63.98]",pitch,DESIGN_GEOMETRY,False,Rear planar rails on bed; review three optical seat supports,"Original three LCD M2 seats and camera location retained. Two paired side joints resist rotation; Constant-width optical mast and square returns remove redundant width steps and chamfers. Only actual tilted LCD post pads, camera pocket and captive-nut access remain."
Display_PCB,LCD35079 原厂完整总成 / 含背板接插件,1,PURCHASED_REFERENCE,VENDOR_DOCUMENTED,Black reference / printed bezel,"Manufacturer geometry; physical revision, mating cables and assembly qualification remain pending",False,"[55.0, 17.703, 54.286]",pitch,VENDOR_CAD,False,,"Manufacturer geometry; physical revision, mating cables and assembly qualification remain pending"
Dock_Pad_0,托架软接触垫 0,1,PRINTABLE,ASSUMED,PA12 nylon / JLC3DP first structural prototype,"Separate soft pad / TPU or rubber; nominal spherical contact, compliance and friction unmeasured",False,"[13.0, 13.0, 5.0]",dock,DESIGN_GEOMETRY,False,,"Separate soft pad / TPU or rubber; nominal spherical contact, compliance and friction unmeasured"
Dock_Pad_1,托架软接触垫 1,1,PRINTABLE,ASSUMED,PA12 nylon / JLC3DP first structural prototype,"Separate soft pad / TPU or rubber; nominal spherical contact, compliance and friction unmeasured",False,"[13.0, 13.0, 5.0]",dock,DESIGN_GEOMETRY,False,,"Separate soft pad / TPU or rubber; nominal spherical contact, compliance and friction unmeasured"
Dock_Pad_2,托架软接触垫 2,1,PRINTABLE,ASSUMED,PA12 nylon / JLC3DP first structural prototype,"Separate soft pad / TPU or rubber; nominal spherical contact, compliance and friction unmeasured",False,"[13.0, 13.0, 5.0]",dock,DESIGN_GEOMETRY,False,,"Separate soft pad / TPU or rubber; nominal spherical contact, compliance and friction unmeasured"
Dock_Pad_3,托架软接触垫 3,1,PRINTABLE,ASSUMED,PA12 nylon / JLC3DP first structural prototype,"Separate soft pad / TPU or rubber; nominal spherical contact, compliance and friction unmeasured",False,"[13.0, 13.0, 5.0]",dock,DESIGN_GEOMETRY,False,,"Separate soft pad / TPU or rubber; nominal spherical contact, compliance and friction unmeasured"
Drive_Bridge,平直轮驱上座 / 锁紧柱并入侧壁,1,PRINTABLE,ASSUMED,PA12 nylon / JLC3DP first structural prototype,"Continuous end/side walls replace narrow cage plus four projecting cap posts. Hardware, four upper M2 frame joints and four M3 cap bolts stay fixed.",True,"[104.0, 54.6, 24.5]",body,DESIGN_GEOMETRY,False,Roof down; inspect underside pockets and bearing finish,"Continuous end/side walls replace narrow cage plus four projecting cap posts. Hardware, four upper M2 frame joints and four M3 cap bolts stay fixed."
Drive_L_-8_Nut,M2 A2六角螺母 / DIN934尺寸基准,1,PURCHASED_REFERENCE,VENDOR_DOCUMENTED,Metal hardware placeholder,"Trial fastener envelope; supplier, thread/engagement and printing fits not released",False,"[4.619, 4.0, 1.6]",body,DIN934 maximum AF4x1.6 envelope; chamfer/thread omitted; physical fit unmeasured,False,,"Trial fastener envelope; supplier, thread/engagement and printing fits not released"
Drive_L_-8_Screw,GB823 M2×8 轮驱托板螺钉,1,PURCHASED_REFERENCE,VENDOR_DOCUMENTED,Metal hardware placeholder,"Trial fastener envelope; supplier, thread/engagement and printing fits not released",False,"[3.5, 3.5, 9.4]",body,Documented nominal envelope; thread helix and drive recess omitted,False,,"Trial fastener envelope; supplier, thread/engagement and printing fits not released"
Drive_L_8_Nut,M2 A2六角螺母 / DIN934尺寸基准,1,PURCHASED_REFERENCE,VENDOR_DOCUMENTED,Metal hardware placeholder,"Trial fastener envelope; supplier, thread/engagement and printing fits not released",False,"[4.619, 4.0, 1.6]",body,DIN934 maximum AF4x1.6 envelope; chamfer/thread omitted; physical fit unmeasured,False,,"Trial fastener envelope; supplier, thread/engagement and printing fits not released"
Drive_L_8_Screw,GB823 M2×8 轮驱托板螺钉,1,PURCHASED_REFERENCE,VENDOR_DOCUMENTED,Metal hardware placeholder,"Trial fastener envelope; supplier, thread/engagement and printing fits not released",False,"[3.5, 3.5, 9.4]",body,Documented nominal envelope; thread helix and drive recess omitted,False,,"Trial fastener envelope; supplier, thread/engagement and printing fits not released"
Drive_Motor_L,S288 本体 L,1,PURCHASED_REFERENCE,ASSUMED,Manufacturer engineering plastic case/gears; not a solid metal motor,"VENDOR_DOCUMENTED body20x20x34, outputaxis9.5 from end; cutouts conservative. Variant/holes still require hardware review",False,"[20.0, 34.0, 20.0]",body,VENDOR_DIMENSIONED_SIMPLIFICATION,False,,"VENDOR_DOCUMENTED body20x20x34, outputaxis9.5 from end; cutouts conservative. Variant/holes still require hardware review"
Drive_Motor_R,S288 本体 R,1,PURCHASED_REFERENCE,ASSUMED,Manufacturer engineering plastic case/gears; not a solid metal motor,"VENDOR_DOCUMENTED body20x20x34, outputaxis9.5 from end; cutouts conservative. Variant/holes still require hardware review",False,"[20.0, 34.0, 20.0]",body,VENDOR_DIMENSIONED_SIMPLIFICATION,False,,"VENDOR_DOCUMENTED body20x20x34, outputaxis9.5 from end; cutouts conservative. Variant/holes still require hardware review"
Drive_R_-8_Nut,M2 A2六角螺母 / DIN934尺寸基准,1,PURCHASED_REFERENCE,VENDOR_DOCUMENTED,Metal hardware placeholder,"Trial fastener envelope; supplier, thread/engagement and printing fits not released",False,"[4.619, 4.0, 1.6]",body,DIN934 maximum AF4x1.6 envelope; chamfer/thread omitted; physical fit unmeasured,False,,"Trial fastener envelope; supplier, thread/engagement and printing fits not released"
Drive_R_-8_Screw,GB823 M2×8 轮驱托板螺钉,1,PURCHASED_REFERENCE,VENDOR_DOCUMENTED,Metal hardware placeholder,"Trial fastener envelope; supplier, thread/engagement and printing fits not released",False,"[3.5, 3.5, 9.4]",body,Documented nominal envelope; thread helix and drive recess omitted,False,,"Trial fastener envelope; supplier, thread/engagement and printing fits not released"
Drive_R_8_Nut,M2 A2六角螺母 / DIN934尺寸基准,1,PURCHASED_REFERENCE,VENDOR_DOCUMENTED,Metal hardware placeholder,"Trial fastener envelope; supplier, thread/engagement and printing fits not released",False,"[4.619, 4.0, 1.6]",body,DIN934 maximum AF4x1.6 envelope; chamfer/thread omitted; physical fit unmeasured,False,,"Trial fastener envelope; supplier, thread/engagement and printing fits not released"
Drive_R_8_Screw,GB823 M2×8 轮驱托板螺钉,1,PURCHASED_REFERENCE,VENDOR_DOCUMENTED,Metal hardware placeholder,"Trial fastener envelope; supplier, thread/engagement and printing fits not released",False,"[3.5, 3.5, 9.4]",body,Documented nominal envelope; thread helix and drive recess omitted,False,,"Trial fastener envelope; supplier, thread/engagement and printing fits not released"
E_Straight_Header,E口直排针候选／针孔配合待核,1,PLACEHOLDER,ASSUMED,"FR4 envelope, connectors included separately",BLOCKED: full physical mating unqualified,False,"[5.08, 10.16, 11.54]",body,Vendor catalogue body dimensions; contacts/tolerances are trial allocations,False,,BLOCKED: full physical mating unqualified
Face_Joint_-1_0.0_Nut,屏幕短耳M2螺母,1,PLACEHOLDER,ASSUMED,Metal hardware placeholder,"Trial fastener envelope; supplier, thread/engagement and printing fits not released",False,"[2.4, 4.8, 4.157]",pitch,ALLOCATION_ONLY,False,,"Trial fastener envelope; supplier, thread/engagement and printing fits not released"
Face_Joint_-1_0.0_Screw,侧面可达M2×12 / 屏幕框,1,PLACEHOLDER,ASSUMED,Metal hardware placeholder,"Trial fastener envelope; supplier, thread/engagement and printing fits not released",False,"[13.6, 3.8, 3.8]",pitch,ALLOCATION_ONLY,False,,"Trial fastener envelope; supplier, thread/engagement and printing fits not released"
Face_Joint_-1_7.0_Nut,屏幕短耳M2螺母,1,PLACEHOLDER,ASSUMED,Metal hardware placeholder,"Trial fastener envelope; supplier, thread/engagement and printing fits not released",False,"[2.4, 4.8, 4.157]",pitch,ALLOCATION_ONLY,False,,"Trial fastener envelope; supplier, thread/engagement and printing fits not released"
Face_Joint_-1_7.0_Screw,侧面可达M2×12 / 屏幕框,1,PLACEHOLDER,ASSUMED,Metal hardware placeholder,"Trial fastener envelope; supplier, thread/engagement and printing fits not released",False,"[13.6, 3.8, 3.8]",pitch,ALLOCATION_ONLY,False,,"Trial fastener envelope; supplier, thread/engagement and printing fits not released"
Face_Joint_1_0.0_Nut,屏幕短耳M2螺母,1,PLACEHOLDER,ASSUMED,Metal hardware placeholder,"Trial fastener envelope; supplier, thread/engagement and printing fits not released",False,"[2.4, 4.8, 4.157]",pitch,ALLOCATION_ONLY,False,,"Trial fastener envelope; supplier, thread/engagement and printing fits not released"
Face_Joint_1_0.0_Screw,侧面可达M2×12 / 屏幕框,1,PLACEHOLDER,ASSUMED,Metal hardware placeholder,"Trial fastener envelope; supplier, thread/engagement and printing fits not released",False,"[13.6, 3.8, 3.8]",pitch,ALLOCATION_ONLY,False,,"Trial fastener envelope; supplier, thread/engagement and printing fits not released"
Face_Joint_1_7.0_Nut,屏幕短耳M2螺母,1,PLACEHOLDER,ASSUMED,Metal hardware placeholder,"Trial fastener envelope; supplier, thread/engagement and printing fits not released",False,"[2.4, 4.8, 4.157]",pitch,ALLOCATION_ONLY,False,,"Trial fastener envelope; supplier, thread/engagement and printing fits not released"
Face_Joint_1_7.0_Screw,侧面可达M2×12 / 屏幕框,1,PLACEHOLDER,ASSUMED,Metal hardware placeholder,"Trial fastener envelope; supplier, thread/engagement and printing fits not released",False,"[13.6, 3.8, 3.8]",pitch,ALLOCATION_ONLY,False,,"Trial fastener envelope; supplier, thread/engagement and printing fits not released"
Frame_Insert_0,FINE SL-M3×4 / 目录尺寸基准,1,PLACEHOLDER,VENDOR_DOCUMENTED,Metal hardware placeholder,"Trial fastener envelope; supplier, thread/engagement and printing fits not released",False,"[4.6, 4.6, 4.0]",body,CATALOGUE_MAXIMUM_ENVELOPE; knurl and thread helix omitted,False,,"Trial fastener envelope; supplier, thread/engagement and printing fits not released"
Frame_Insert_1,FINE SL-M3×4 / 目录尺寸基准,1,PLACEHOLDER,VENDOR_DOCUMENTED,Metal hardware placeholder,"Trial fastener envelope; supplier, thread/engagement and printing fits not released",False,"[4.6, 4.6, 4.0]",body,CATALOGUE_MAXIMUM_ENVELOPE; knurl and thread helix omitted,False,,"Trial fastener envelope; supplier, thread/engagement and printing fits not released"
Frame_Insert_2,FINE SL-M3×4 / 目录尺寸基准,1,PLACEHOLDER,VENDOR_DOCUMENTED,Metal hardware placeholder,"Trial fastener envelope; supplier, thread/engagement and printing fits not released",False,"[4.6, 4.6, 4.0]",body,CATALOGUE_MAXIMUM_ENVELOPE; knurl and thread helix omitted,False,,"Trial fastener envelope; supplier, thread/engagement and printing fits not released"
Frame_Insert_3,FINE SL-M3×4 / 目录尺寸基准,1,PLACEHOLDER,VENDOR_DOCUMENTED,Metal hardware placeholder,"Trial fastener envelope; supplier, thread/engagement and printing fits not released",False,"[4.6, 4.6, 4.0]",body,CATALOGUE_MAXIMUM_ENVELOPE; knurl and thread helix omitted,False,,"Trial fastener envelope; supplier, thread/engagement and printing fits not released"
Frame_Screw_0,试配螺丝 Frame0,1,PLACEHOLDER,ASSUMED,Metal hardware placeholder,ASSUMED maximum allocation; not a selected supplier part,False,"[5.4, 5.4, 10.0]",body,ALLOCATION_ONLY,False,,ASSUMED maximum allocation; not a selected supplier part
Frame_Screw_1,试配螺丝 Frame1,1,PLACEHOLDER,ASSUMED,Metal hardware placeholder,ASSUMED maximum allocation; not a selected supplier part,False,"[5.4, 5.4, 10.0]",body,ALLOCATION_ONLY,False,,ASSUMED maximum allocation; not a selected supplier part
Frame_Screw_2,试配螺丝 Frame2,1,PLACEHOLDER,ASSUMED,Metal hardware placeholder,ASSUMED maximum allocation; not a selected supplier part,False,"[5.4, 5.4, 10.0]",body,ALLOCATION_ONLY,False,,ASSUMED maximum allocation; not a selected supplier part
Frame_Screw_3,试配螺丝 Frame3,1,PLACEHOLDER,ASSUMED,Metal hardware placeholder,ASSUMED maximum allocation; not a selected supplier part,False,"[5.4, 5.4, 10.0]",body,ALLOCATION_ONLY,False,,ASSUMED maximum allocation; not a selected supplier part
Head_Buck,D24V22F6 #2859 / 原厂CAD,1,PURCHASED_REFERENCE,VENDOR_DOCUMENTED,"FR4 envelope, connectors included separately","Manufacturer geometry; physical revision, mating cables and assembly qualification remain pending",False,"[17.78, 17.78, 8.219]",body,VENDOR_CAD,False,,"Manufacturer geometry; physical revision, mating cables and assembly qualification remain pending"
Head_Buck_Insert_0,FINE SL-M2×3 / 目录尺寸基准,1,PLACEHOLDER,VENDOR_DOCUMENTED,Metal hardware placeholder,"Trial fastener envelope; supplier, thread/engagement and printing fits not released",False,"[3.6, 3.6, 3.0]",body,CATALOGUE_MAXIMUM_ENVELOPE; knurl and thread helix omitted,False,,"Trial fastener envelope; supplier, thread/engagement and printing fits not released"
Head_Buck_Insert_1,FINE SL-M2×3 / 目录尺寸基准,1,PLACEHOLDER,VENDOR_DOCUMENTED,Metal hardware placeholder,"Trial fastener envelope; supplier, thread/engagement and printing fits not released",False,"[3.6, 3.6, 3.0]",body,CATALOGUE_MAXIMUM_ENVELOPE; knurl and thread helix omitted,False,,"Trial fastener envelope; supplier, thread/engagement and printing fits not released"
Head_Buck_Screw_0,GB/T823 M2×4,1,PLACEHOLDER,VENDOR_DOCUMENTED,Metal hardware placeholder,"Trial fastener envelope; supplier, thread/engagement and printing fits not released",False,"[3.5, 3.5, 5.4]",body,DIMENSIONED_ENVELOPE; drive recess and thread helix omitted,False,,"Trial fastener envelope; supplier, thread/engagement and printing fits not released"
Head_Buck_Screw_1,GB/T823 M2×4,1,PLACEHOLDER,VENDOR_DOCUMENTED,Metal hardware placeholder,"Trial fastener envelope; supplier, thread/engagement and printing fits not released",False,"[3.5, 3.5, 5.4]",body,DIMENSIONED_ENVELOPE; drive recess and thread helix omitted,False,,"Trial fastener envelope; supplier, thread/engagement and printing fits not released"
Head_Cradle_Insert_-1,FINE SL-M2×3 / 目录尺寸基准,1,PLACEHOLDER,VENDOR_DOCUMENTED,Metal hardware placeholder,"Trial fastener envelope; supplier, thread/engagement and printing fits not released",False,"[3.6, 3.6, 3.0]",pitch,CATALOGUE_MAXIMUM_ENVELOPE; knurl and thread helix omitted,False,,"Trial fastener envelope; supplier, thread/engagement and printing fits not released"
Head_Cradle_Insert_1,FINE SL-M2×3 / 目录尺寸基准,1,PLACEHOLDER,VENDOR_DOCUMENTED,Metal hardware placeholder,"Trial fastener envelope; supplier, thread/engagement and printing fits not released",False,"[3.6, 3.6, 3.0]",pitch,CATALOGUE_MAXIMUM_ENVELOPE; knurl and thread helix omitted,False,,"Trial fastener envelope; supplier, thread/engagement and printing fits not released"
Head_Cradle_Screw_-1,GB/T823 M2×12,1,PLACEHOLDER,VENDOR_DOCUMENTED,Metal hardware placeholder,"Smooth nominal hardware envelope, not a thread model; physical thread fit, torque and printed strength NOT_TESTED.",False,"[3.5, 3.5, 13.4]",pitch,DIMENSIONED_ENVELOPE; drive recess and thread helix omitted,False,,"Smooth nominal hardware envelope, not a thread model; physical thread fit, torque and printed strength NOT_TESTED."
Head_Cradle_Screw_1,GB/T823 M2×12,1,PLACEHOLDER,VENDOR_DOCUMENTED,Metal hardware placeholder,"Smooth nominal hardware envelope, not a thread model; physical thread fit, torque and printed strength NOT_TESTED.",False,"[3.5, 3.5, 13.4]",pitch,DIMENSIONED_ENVELOPE; drive recess and thread helix omitted,False,,"Smooth nominal hardware envelope, not a thread model; physical thread fit, torque and printed strength NOT_TESTED."
Head_Front,头前壳 / 一体相机遮光座,1,PRINTABLE,ASSUMED,PA12 nylon / JLC3DP first structural prototype,Candidate trial geometry; vendor fasteners and fits pending Stage B,True,"[119.987, 56.179, 106.495]",pitch,DESIGN_GEOMETRY,False,,Candidate trial geometry; vendor fasteners and fits pending Stage B
Head_Pitch_Ear_0_Nut,M2六角螺母 / GB6170名义,1,PURCHASED_REFERENCE,ASSUMED,Metal hardware placeholder,"User-approved through-bolt interface; source dimensioned nominal envelope. Selected supplier, actual thread engagement and strength require samples.",False,"[1.6, 4.619, 4.0]",yaw,DRAWING_REFERENCE_ENVELOPE,False,,"User-approved through-bolt interface; source dimensioned nominal envelope. Selected supplier, actual thread engagement and strength require samples."
Head_Pitch_Ear_0_Screw,M2×8 内六角俯仰上耳螺钉,1,PURCHASED_REFERENCE,VENDOR_DOCUMENTED,Metal hardware placeholder,"User-approved through-bolt interface; source dimensioned nominal envelope. Selected supplier, actual thread engagement and strength require samples.",False,"[10.0, 3.8, 3.8]",yaw,"DIN912 M2 nominal head and socket; thread omitted; source family dimensions, physical fastener unmeasured",False,,"User-approved through-bolt interface; source dimensioned nominal envelope. Selected supplier, actual thread engagement and strength require samples."
Head_Pitch_Ear_1_Nut,M2六角螺母 / GB6170名义,1,PURCHASED_REFERENCE,ASSUMED,Metal hardware placeholder,"User-approved through-bolt interface; source dimensioned nominal envelope. Selected supplier, actual thread engagement and strength require samples.",False,"[1.6, 4.619, 4.0]",yaw,DRAWING_REFERENCE_ENVELOPE,False,,"User-approved through-bolt interface; source dimensioned nominal envelope. Selected supplier, actual thread engagement and strength require samples."
Head_Pitch_Ear_1_Screw,M2x14 A2 socket cap screw DIN912 / ISO4762,1,PURCHASED_REFERENCE,VENDOR_DOCUMENTED,Metal hardware placeholder,"User-approved through-bolt interface; source dimensioned nominal envelope. Selected supplier, actual thread engagement and strength require samples.",False,"[16.0, 3.8, 3.8]",yaw,Documented nominal outer envelope and1.5AF socket; thread helix omitted,False,,"User-approved through-bolt interface; source dimensioned nominal envelope. Selected supplier, actual thread engagement and strength require samples."
Head_Rear,头后壳,1,PRINTABLE,ASSUMED,PA12 nylon / JLC3DP first structural prototype,Candidate trial geometry; vendor fasteners and fits pending Stage B,True,"[119.987, 59.8, 106.495]",pitch,DESIGN_GEOMETRY,False,,Candidate trial geometry; vendor fasteners and fits pending Stage B
Head_Seam_Insert_-1,FINE SL-M2×3 / 目录尺寸基准,1,PLACEHOLDER,VENDOR_DOCUMENTED,Metal hardware placeholder,"Trial fastener envelope; supplier, thread/engagement and printing fits not released",False,"[3.6, 3.0, 3.6]",pitch,CATALOGUE_MAXIMUM_ENVELOPE; knurl and thread helix omitted,False,,"Trial fastener envelope; supplier, thread/engagement and printing fits not released"
Head_Seam_Insert_1,FINE SL-M2×3 / 目录尺寸基准,1,PLACEHOLDER,VENDOR_DOCUMENTED,Metal hardware placeholder,"Trial fastener envelope; supplier, thread/engagement and printing fits not released",False,"[3.6, 3.0, 3.6]",pitch,CATALOGUE_MAXIMUM_ENVELOPE; knurl and thread helix omitted,False,,"Trial fastener envelope; supplier, thread/engagement and printing fits not released"
Head_Seam_Screw_-1,GB/T823 M2×16,1,PLACEHOLDER,VENDOR_DOCUMENTED,Metal hardware placeholder,"Smooth nominal hardware envelope, not a thread model; physical thread fit, torque and printed strength NOT_TESTED.",False,"[3.5, 17.4, 3.5]",pitch,DIMENSIONED_ENVELOPE; drive recess and thread helix omitted,False,,"Smooth nominal hardware envelope, not a thread model; physical thread fit, torque and printed strength NOT_TESTED."
Head_Seam_Screw_1,GB/T823 M2×16,1,PLACEHOLDER,VENDOR_DOCUMENTED,Metal hardware placeholder,"Smooth nominal hardware envelope, not a thread model; physical thread fit, torque and printed strength NOT_TESTED.",False,"[3.5, 17.4, 3.5]",pitch,DIMENSIONED_ENVELOPE; drive recess and thread helix omitted,False,,"Smooth nominal hardware envelope, not a thread model; physical thread fit, torque and printed strength NOT_TESTED."
Head_Yaw_Ear_0_Nut,M2六角螺母 / GB6170名义,1,PURCHASED_REFERENCE,ASSUMED,Metal hardware placeholder,"User-approved through-bolt interface; source dimensioned nominal envelope. Selected supplier, actual thread engagement and strength require samples.",False,"[4.619, 4.0, 1.6]",yaw,DRAWING_REFERENCE_ENVELOPE,False,,"User-approved through-bolt interface; source dimensioned nominal envelope. Selected supplier, actual thread engagement and strength require samples."
Head_Yaw_Ear_0_Screw,M2×6舵机穿栓 / GB823名义,1,PURCHASED_REFERENCE,ASSUMED,Metal hardware placeholder,"User-approved through-bolt interface; source dimensioned nominal envelope. Selected supplier, actual thread engagement and strength require samples.",False,"[3.5, 3.5, 7.4]",yaw,DRAWING_REFERENCE_ENVELOPE,False,,"User-approved through-bolt interface; source dimensioned nominal envelope. Selected supplier, actual thread engagement and strength require samples."
Head_Yaw_Ear_1_Nut,M2六角螺母 / GB6170名义,1,PURCHASED_REFERENCE,ASSUMED,Metal hardware placeholder,"User-approved through-bolt interface; source dimensioned nominal envelope. Selected supplier, actual thread engagement and strength require samples.",False,"[4.619, 4.0, 1.6]",yaw,DRAWING_REFERENCE_ENVELOPE,False,,"User-approved through-bolt interface; source dimensioned nominal envelope. Selected supplier, actual thread engagement and strength require samples."
Head_Yaw_Ear_1_Screw,M2×25舵机穿栓 / GB823名义,1,PURCHASED_REFERENCE,ASSUMED,Metal hardware placeholder,"User-approved through-bolt interface; source dimensioned nominal envelope. Selected supplier, actual thread engagement and strength require samples.",False,"[3.5, 3.5, 26.4]",yaw,DRAWING_REFERENCE_ENVELOPE,False,,"User-approved through-bolt interface; source dimensioned nominal envelope. Selected supplier, actual thread engagement and strength require samples."
IMU_Insert_0,FINE SL-M2×3 / 目录尺寸基准,1,PLACEHOLDER,VENDOR_DOCUMENTED,Metal hardware placeholder,"Trial fastener envelope; supplier, thread/engagement and printing fits not released",False,"[3.6, 3.6, 3.0]",body,CATALOGUE_MAXIMUM_ENVELOPE; knurl and thread helix omitted,False,,"Trial fastener envelope; supplier, thread/engagement and printing fits not released"
IMU_Insert_1,FINE SL-M2×3 / 目录尺寸基准,1,PLACEHOLDER,VENDOR_DOCUMENTED,Metal hardware placeholder,"Trial fastener envelope; supplier, thread/engagement and printing fits not released",False,"[3.6, 3.6, 3.0]",body,CATALOGUE_MAXIMUM_ENVELOPE; knurl and thread helix omitted,False,,"Trial fastener envelope; supplier, thread/engagement and printing fits not released"
IMU_Screw_0,GB/T823 M2×6,1,PLACEHOLDER,VENDOR_DOCUMENTED,Metal hardware placeholder,"Trial fastener envelope; supplier, thread/engagement and printing fits not released",False,"[3.5, 3.5, 7.4]",body,DIMENSIONED_ENVELOPE; drive recess and thread helix omitted,False,,"Trial fastener envelope; supplier, thread/engagement and printing fits not released"
IMU_Screw_1,GB/T823 M2×6,1,PLACEHOLDER,VENDOR_DOCUMENTED,Metal hardware placeholder,"Trial fastener envelope; supplier, thread/engagement and printing fits not released",False,"[3.5, 3.5, 7.4]",body,DIMENSIONED_ENVELOPE; drive recess and thread helix omitted,False,,"Trial fastener envelope; supplier, thread/engagement and printing fits not released"
LCD_Mount_Screw_0,LCD原厂M2柱固定 / M2×12试配,1,PLACEHOLDER,ASSUMED,Metal hardware placeholder,"Smooth nominal hardware envelope, not a thread model; physical thread fit, torque and printed strength NOT_TESTED.",False,"[3.8, 13.79, 5.151]",pitch,NOMINAL_M2_FASTENER_TRIAL,False,,"Smooth nominal hardware envelope, not a thread model; physical thread fit, torque and printed strength NOT_TESTED."
LCD_Mount_Screw_1,LCD原厂M2柱固定 / M2×12试配,1,PLACEHOLDER,ASSUMED,Metal hardware placeholder,"Smooth nominal hardware envelope, not a thread model; physical thread fit, torque and printed strength NOT_TESTED.",False,"[3.8, 13.79, 5.151]",pitch,NOMINAL_M2_FASTENER_TRIAL,False,,"Smooth nominal hardware envelope, not a thread model; physical thread fit, torque and printed strength NOT_TESTED."
LCD_Mount_Screw_2,LCD原厂M2柱固定 / M2×12试配,1,PLACEHOLDER,ASSUMED,Metal hardware placeholder,"Smooth nominal hardware envelope, not a thread model; physical thread fit, torque and printed strength NOT_TESTED.",False,"[3.8, 13.79, 5.151]",pitch,NOMINAL_M2_FASTENER_TRIAL,False,,"Smooth nominal hardware envelope, not a thread model; physical thread fit, torque and printed strength NOT_TESTED."
Load_Frame,主托板与两侧短板一体 / 平面轮廓,1,PRINTABLE,ASSUMED,PA12 nylon / JLC3DP first structural prototype,Shared rigid electronics datum and short wheel-load sides. Four lower drive joints retained; four deck and four carrier screw/nut pairs removed.,True,"[104.0, 114.0, 54.5]",body,DESIGN_GEOMETRY,False,Candidate: broad side face toward bed with brim; compare inverted deck orientation. Opposed PCB bosses and short side legs require limited supports; no slicing claim.,Shared rigid electronics datum and short wheel-load sides. Four lower drive joints retained; four deck and four carrier screw/nut pairs removed.
MCU_Carrier,MORI_motion_P5R7 / 原生装件与板框,1,PURCHASED_REFERENCE,ASSUMED,"FR4 envelope, connectors included separately","Manufacturer geometry; physical revision, mating cables and assembly qualification remain pending",False,"[70.0, 35.0, 9.4]",body,NATIVE_DESIGN_WITH_SOURCE_BACKED_PACKAGES,False,,"Manufacturer geometry; physical revision, mating cables and assembly qualification remain pending"
MCU_Motion,WeAct V1.1 元件面朝上／排针朝下,1,PURCHASED_REFERENCE,ASSUMED,"FR4 envelope, connectors included separately",BLOCKED: E source STEP pin/hole inconsistency retained,False,"[41.63, 33.22, 13.441]",body,VENDOR_CAD,False,,BLOCKED: E source STEP pin/hole inconsistency retained
Motor_Retainer,平板电机底盖 / 一体轴承鞍座,1,PRINTABLE,ASSUMED,PA12 nylon / JLC3DP first structural prototype,"Flat cap at the original motor pad plane, with straight-topped bearing saddles. Existing pads/bolts unchanged; functional bearing bores and shell-clearance underside retained.",True,"[104.0, 54.6, 16.05]",body,DESIGN_GEOMETRY,False,Flat bottom on bed; verify short bearing overhang supports,"Flat cap at the original motor pad plane, with straight-topped bearing saddles. Existing pads/bolts unchanged; functional bearing bores and shell-clearance underside retained."
Motor_Retainer_Pad_-1,轮驱底部软垫，压缩量待测,1,PLACEHOLDER,ASSUMED,Metal hardware placeholder,"Trial fastener envelope; supplier, thread/engagement and printing fits not released",False,"[12.0, 12.0, 0.5]",body,ALLOCATION_ONLY,False,,"Trial fastener envelope; supplier, thread/engagement and printing fits not released"
Motor_Retainer_Pad_1,轮驱底部软垫，压缩量待测,1,PLACEHOLDER,ASSUMED,Metal hardware placeholder,"Trial fastener envelope; supplier, thread/engagement and printing fits not released",False,"[12.0, 12.0, 0.5]",body,ALLOCATION_ONLY,False,,"Trial fastener envelope; supplier, thread/engagement and printing fits not released"
Motor_Top_Pad_L,轮驱上方定厚软垫 L,1,PLACEHOLDER,ASSUMED,Purchased rubber or flexible TPU; NOT rigid shell material,"1mm nominal EPDM cut sheet; compression, temperature and creep not qualified. Case flats react torque after fit/shim adjustment.",False,"[12.0, 12.0, 1.0]",body,ALLOCATION_ONLY,False,,"1mm nominal EPDM cut sheet; compression, temperature and creep not qualified. Case flats react torque after fit/shim adjustment."
Motor_Top_Pad_R,轮驱上方定厚软垫 R,1,PLACEHOLDER,ASSUMED,Purchased rubber or flexible TPU; NOT rigid shell material,"1mm nominal EPDM cut sheet; compression, temperature and creep not qualified. Case flats react torque after fit/shim adjustment.",False,"[12.0, 12.0, 1.0]",body,ALLOCATION_ONLY,False,,"1mm nominal EPDM cut sheet; compression, temperature and creep not qualified. Case flats react torque after fit/shim adjustment."
Onboard_MIC_L,板载MEMS L / 照片外形与声孔,1,PURCHASED_REFERENCE,ASSUMED,"FR4 envelope, connectors included separately","Manufacturer geometry; physical revision, mating cables and assembly qualification remain pending",False,"[3.0, 1.2, 4.0]",pitch,VENDOR_DIMENSIONS_PLUS_OFFICIAL_PHOTOS,False,,"Manufacturer geometry; physical revision, mating cables and assembly qualification remain pending"
Onboard_MIC_R,板载MEMS R / 照片外形与声孔,1,PURCHASED_REFERENCE,ASSUMED,"FR4 envelope, connectors included separately","Manufacturer geometry; physical revision, mating cables and assembly qualification remain pending",False,"[3.0, 1.2, 4.0]",pitch,VENDOR_DIMENSIONS_PLUS_OFFICIAL_PHOTOS,False,,"Manufacturer geometry; physical revision, mating cables and assembly qualification remain pending"
Parking_Cradle,独立停放 / 刷机 / 有线充电托架,1,PRINTABLE,ASSUMED,PA12 nylon / JLC3DP first structural prototype,"Separate maintenance-only accessory. Lift robot 8 mm, disable wheel drive. No motors/charging contacts; does not prove free-standing stability",True,"[108.0, 146.0, 40.097]",dock,DESIGN_GEOMETRY,False,,"Separate maintenance-only accessory. Lift robot 8 mm, disable wheel drive. No motors/charging contacts; does not prove free-standing stability"
Pitch_Bearing_L,Pitch 两侧承重轴承,1,PLACEHOLDER,ASSUMED,Metal hardware placeholder,ASSUMED maximum allocation; not a selected supplier part,False,"[4.0, 12.0, 12.0]",yaw,ALLOCATION_ONLY,False,,ASSUMED maximum allocation; not a selected supplier part
Pitch_Bearing_R,Pitch 两侧承重轴承,1,PLACEHOLDER,ASSUMED,Metal hardware placeholder,ASSUMED maximum allocation; not a selected supplier part,False,"[4.0, 12.0, 12.0]",yaw,ALLOCATION_ONLY,False,,ASSUMED maximum allocation; not a selected supplier part
Pitch_Cradle,等厚折角U形头托 / 后侧双斜壁,1,PRINTABLE,ASSUMED,PA12 nylon / JLC3DP first structural prototype,"Uniform4.5mm normal walls replace raised shaft pads; final rear profile uses shared parameters. Bilateral shaft bores, shell mounts and four removable face-joint holes retained. CAM retention still needs complete supplier package/hole data; the old acoustic holes were never board mounts.",True,"[102.0, 62.0, 42.3]",pitch,DESIGN_GEOMETRY,False,Rear flat face down; inspect short shell lugs and transverse bores,"Uniform4.5mm normal walls replace raised shaft pads; final rear profile uses shared parameters. Bilateral shaft bores, shell mounts and four removable face-joint holes retained. CAM retention still needs complete supplier package/hole data; the old acoustic holes were never board mounts."
Pitch_Horn,Pitch 舵盘 / 轴联接,1,PLACEHOLDER,ASSUMED,Metal hardware placeholder,BLOCKED: retain SCS0009; awaiting matching factory horn drawing. Existing geometry remains an allocation.,False,"[1.0, 10.0, 10.0]",pitch,ALLOCATION_ONLY,False,,BLOCKED: retain SCS0009; awaiting matching factory horn drawing. Existing geometry remains an allocation.
Pitch_Lock_Screw,舵盘M2中心锁紧螺丝包络,1,PLACEHOLDER,ASSUMED,Metal hardware placeholder,BLOCKED: retain SCS0009; awaiting matching factory horn drawing. Existing geometry remains an allocation.,False,"[4.0, 2.0, 2.0]",pitch,ALLOCATION_ONLY,False,,BLOCKED: retain SCS0009; awaiting matching factory horn drawing. Existing geometry remains an allocation.
Pitch_Output,SCS0009 Pitch 20T输出端 / 齿根形状示意,1,PURCHASED_REFERENCE,ASSUMED,Metal hardware placeholder,"FEETECH A/0 p4/p6 drawing reconstruction. Bought revision, horn and thread engagement not measured.",False,"[3.2, 3.941, 3.941]",pitch,DRAWING_RECONSTRUCTED_WITH_EXPLICIT_ASSUMPTIONS,False,,"FEETECH A/0 p4/p6 drawing reconstruction. Bought revision, horn and thread engagement not measured."
Pitch_Servo,SCS0009 Pitch 连续壳体与安装耳,1,PURCHASED_REFERENCE,ASSUMED,Metal hardware placeholder,"FEETECH A/0 p4/p6 drawing reconstruction. Bought revision, horn and thread engagement not measured.",False,"[25.25, 12.1, 32.5]",yaw,DRAWING_RECONSTRUCTED_WITH_EXPLICIT_ASSUMPTIONS,False,,"FEETECH A/0 p4/p6 drawing reconstruction. Bought revision, horn and thread engagement not measured."
Pitch_Trunnion_L,Pitch 承重短轴 L,1,PLACEHOLDER,ASSUMED,Metal hardware placeholder,BLOCKED: retain SCS0009; awaiting matching factory horn drawing. Existing geometry remains an allocation.,False,"[7.1, 4.98, 4.98]",pitch,ALLOCATION_ONLY,False,,BLOCKED: retain SCS0009; awaiting matching factory horn drawing. Existing geometry remains an allocation.
Pitch_Trunnion_R,Pitch 承重短轴 R,1,PLACEHOLDER,ASSUMED,Metal hardware placeholder,BLOCKED: retain SCS0009; awaiting matching factory horn drawing. Existing geometry remains an allocation.,False,"[11.0, 4.98, 4.98]",pitch,ALLOCATION_ONLY,False,,BLOCKED: retain SCS0009; awaiting matching factory horn drawing. Existing geometry remains an allocation.
Pitch_Yoke,简洁双轴U托 / 四处舵机安装耳座,1,PRINTABLE,ASSUMED,PA12 nylon / JLC3DP first structural prototype,Approved C5 neck with K1 keeper-wall correction; trial PA12 fits and strength NOT_TESTED; full wiring incomplete,True,"[96.976, 73.338, 85.6]",yaw,DESIGN_GEOMETRY,False,Print side orientation requires slicer review; test insert and bearing coupons first,"Continuous load web, bilateral bearings and compact flat seats. Four M2x5 trial ear fasteners. No preliminary cable bores, clip or swept cable cuts."
Power_Board_H2_Insert,FINE SL-M2×3 / 目录尺寸基准,1,PLACEHOLDER,VENDOR_DOCUMENTED,Metal hardware placeholder,"Trial fastener envelope; supplier, thread/engagement and printing fits not released",False,"[3.6, 3.6, 3.0]",body,CATALOGUE_MAXIMUM_ENVELOPE; knurl and thread helix omitted,False,,"Trial fastener envelope; supplier, thread/engagement and printing fits not released"
Power_Board_H2_Screw,GB/T823 M2×5,1,PLACEHOLDER,VENDOR_DOCUMENTED,Metal hardware placeholder,"Trial M2 hardware at unchanged received native holes; nominal populated geometry checked, thread/insert fit and physical strength not qualified.",False,"[3.5, 3.5, 6.4]",body,DIMENSIONED_ENVELOPE; drive recess and thread helix omitted,False,,"Trial M2 hardware at unchanged received native holes; nominal populated geometry checked, thread/insert fit and physical strength not qualified."
Power_Board_H3_Insert,FINE SL-M2×3 / 目录尺寸基准,1,PLACEHOLDER,VENDOR_DOCUMENTED,Metal hardware placeholder,"Trial fastener envelope; supplier, thread/engagement and printing fits not released",False,"[3.6, 3.6, 3.0]",body,CATALOGUE_MAXIMUM_ENVELOPE; knurl and thread helix omitted,False,,"Trial fastener envelope; supplier, thread/engagement and printing fits not released"
Power_Board_H3_Screw,GB/T823 M2×5,1,PLACEHOLDER,VENDOR_DOCUMENTED,Metal hardware placeholder,"Trial M2 hardware at unchanged received native holes; nominal populated geometry checked, thread/insert fit and physical strength not qualified.",False,"[3.5, 3.5, 6.4]",body,DIMENSIONED_ENVELOPE; drive recess and thread helix omitted,False,,"Trial M2 hardware at unchanged received native holes; nominal populated geometry checked, thread/insert fit and physical strength not qualified."
Power_Module,MORI_power_P5R6 / 原生装件与板框,1,PURCHASED_REFERENCE,ASSUMED,"FR4 envelope, connectors included separately","Manufacturer geometry; physical revision, mating cables and assembly qualification remain pending",False,"[80.0, 55.0, 19.36]",body,NATIVE_DESIGN_WITH_SOURCE_BACKED_PACKAGES,False,,"Manufacturer geometry; physical revision, mating cables and assembly qualification remain pending"
Power_Switch,SW1 原生位置 / 厂图重建,1,PURCHASED_REFERENCE,ASSUMED,"FR4 envelope, connectors included separately","Manufacturer geometry; physical revision, mating cables and assembly qualification remain pending",False,"[9.1, 8.05, 4.0]",body,NATIVE_DESIGN_WITH_SOURCE_BACKED_PACKAGES,False,,"Manufacturer geometry; physical revision, mating cables and assembly qualification remain pending"
Rear_Interface_Insert_0,FINE SL-M2×3 / 目录尺寸基准,1,PLACEHOLDER,VENDOR_DOCUMENTED,Metal hardware placeholder,"Trial fastener envelope; supplier, thread/engagement and printing fits not released",False,"[3.6, 3.6, 3.0]",body,CATALOGUE_MAXIMUM_ENVELOPE; knurl and thread helix omitted,False,,"Trial fastener envelope; supplier, thread/engagement and printing fits not released"
Rear_Interface_Insert_1,FINE SL-M2×3 / 目录尺寸基准,1,PLACEHOLDER,VENDOR_DOCUMENTED,Metal hardware placeholder,"Trial fastener envelope; supplier, thread/engagement and printing fits not released",False,"[3.6, 3.6, 3.0]",body,CATALOGUE_MAXIMUM_ENVELOPE; knurl and thread helix omitted,False,,"Trial fastener envelope; supplier, thread/engagement and printing fits not released"
Rear_Interface_PCB,MORI_rear_P5R7 / 原生装件与板框,1,PURCHASED_REFERENCE,ASSUMED,"FR4 envelope, connectors included separately","Manufacturer geometry; physical revision, mating cables and assembly qualification remain pending",False,"[25.25, 25.65, 9.4]",body,NATIVE_DESIGN_WITH_SOURCE_BACKED_PACKAGES,False,,"Manufacturer geometry; physical revision, mating cables and assembly qualification remain pending"
Rear_Interface_Screw_0,GB/T823 M2×5,1,PLACEHOLDER,VENDOR_DOCUMENTED,Metal hardware placeholder,"Trial fastener envelope; supplier, thread/engagement and printing fits not released",False,"[3.5, 3.5, 6.4]",body,DIMENSIONED_ENVELOPE; drive recess and thread helix omitted,False,,"Trial fastener envelope; supplier, thread/engagement and printing fits not released"
Rear_Interface_Screw_1,GB/T823 M2×5,1,PLACEHOLDER,VENDOR_DOCUMENTED,Metal hardware placeholder,"Trial fastener envelope; supplier, thread/engagement and printing fits not released",False,"[3.5, 3.5, 6.4]",body,DIMENSIONED_ENVELOPE; drive recess and thread helix omitted,False,,"Trial fastener envelope; supplier, thread/engagement and printing fits not released"
S288_Output_L_Inner,S288原配输出盘 / 六孔 L Inner,1,PURCHASED_REFERENCE,VENDOR_DOCUMENTED,Metal hardware placeholder,"S288 drawing: OD14 x3, 6 x1.7 pilots PCD10.5, M2 self-tapping maximum3mm. Centre factory screw profile/clocking unmeasured.",False,"[3.0, 14.0, 14.0]",wheel_L,VENDOR_DIMENSIONED_SIMPLIFICATION,False,,"S288 drawing: OD14 x3, 6 x1.7 pilots PCD10.5, M2 self-tapping maximum3mm. Centre factory screw profile/clocking unmeasured."
S288_Output_L_Outer,S288原配输出盘 / 六孔 L Outer,1,PURCHASED_REFERENCE,VENDOR_DOCUMENTED,Metal hardware placeholder,"S288 drawing: OD14 x3, 6 x1.7 pilots PCD10.5, M2 self-tapping maximum3mm. Centre factory screw profile/clocking unmeasured.",False,"[3.0, 14.0, 14.0]",wheel_L,VENDOR_DIMENSIONED_SIMPLIFICATION,False,,"S288 drawing: OD14 x3, 6 x1.7 pilots PCD10.5, M2 self-tapping maximum3mm. Centre factory screw profile/clocking unmeasured."
S288_Output_R_Inner,S288原配输出盘 / 六孔 R Inner,1,PURCHASED_REFERENCE,VENDOR_DOCUMENTED,Metal hardware placeholder,"S288 drawing: OD14 x3, 6 x1.7 pilots PCD10.5, M2 self-tapping maximum3mm. Centre factory screw profile/clocking unmeasured.",False,"[3.0, 14.0, 14.0]",wheel_R,VENDOR_DIMENSIONED_SIMPLIFICATION,False,,"S288 drawing: OD14 x3, 6 x1.7 pilots PCD10.5, M2 self-tapping maximum3mm. Centre factory screw profile/clocking unmeasured."
S288_Output_R_Outer,S288原配输出盘 / 六孔 R Outer,1,PURCHASED_REFERENCE,VENDOR_DOCUMENTED,Metal hardware placeholder,"S288 drawing: OD14 x3, 6 x1.7 pilots PCD10.5, M2 self-tapping maximum3mm. Centre factory screw profile/clocking unmeasured.",False,"[3.0, 14.0, 14.0]",wheel_R,VENDOR_DIMENSIONED_SIMPLIFICATION,False,,"S288 drawing: OD14 x3, 6 x1.7 pilots PCD10.5, M2 self-tapping maximum3mm. Centre factory screw profile/clocking unmeasured."
Shell_Insert_0,FINE SL-M3×4 / 目录尺寸基准,1,PLACEHOLDER,VENDOR_DOCUMENTED,Metal hardware placeholder,"Trial fastener envelope; supplier, thread/engagement and printing fits not released",False,"[4.6, 4.6, 4.0]",body,CATALOGUE_MAXIMUM_ENVELOPE; knurl and thread helix omitted,False,,"Trial fastener envelope; supplier, thread/engagement and printing fits not released"
Shell_Insert_1,FINE SL-M3×4 / 目录尺寸基准,1,PLACEHOLDER,VENDOR_DOCUMENTED,Metal hardware placeholder,"Trial fastener envelope; supplier, thread/engagement and printing fits not released",False,"[4.6, 4.6, 4.0]",body,CATALOGUE_MAXIMUM_ENVELOPE; knurl and thread helix omitted,False,,"Trial fastener envelope; supplier, thread/engagement and printing fits not released"
Shell_Insert_2,FINE SL-M3×4 / 目录尺寸基准,1,PLACEHOLDER,VENDOR_DOCUMENTED,Metal hardware placeholder,"Trial fastener envelope; supplier, thread/engagement and printing fits not released",False,"[4.6, 4.6, 4.0]",body,CATALOGUE_MAXIMUM_ENVELOPE; knurl and thread helix omitted,False,,"Trial fastener envelope; supplier, thread/engagement and printing fits not released"
Shell_Insert_3,FINE SL-M3×4 / 目录尺寸基准,1,PLACEHOLDER,VENDOR_DOCUMENTED,Metal hardware placeholder,"Trial fastener envelope; supplier, thread/engagement and printing fits not released",False,"[4.6, 4.6, 4.0]",body,CATALOGUE_MAXIMUM_ENVELOPE; knurl and thread helix omitted,False,,"Trial fastener envelope; supplier, thread/engagement and printing fits not released"
Shell_Screw_0,试配螺丝 Shell0,1,PLACEHOLDER,ASSUMED,Metal hardware placeholder,ASSUMED maximum allocation; not a selected supplier part,False,"[5.4, 5.4, 18.0]",body,ALLOCATION_ONLY,False,,ASSUMED maximum allocation; not a selected supplier part
Shell_Screw_1,试配螺丝 Shell1,1,PLACEHOLDER,ASSUMED,Metal hardware placeholder,ASSUMED maximum allocation; not a selected supplier part,False,"[5.4, 5.4, 18.0]",body,ALLOCATION_ONLY,False,,ASSUMED maximum allocation; not a selected supplier part
Shell_Screw_2,试配螺丝 Shell2,1,PLACEHOLDER,ASSUMED,Metal hardware placeholder,ASSUMED maximum allocation; not a selected supplier part,False,"[5.4, 5.4, 18.0]",body,ALLOCATION_ONLY,False,,ASSUMED maximum allocation; not a selected supplier part
Shell_Screw_3,试配螺丝 Shell3,1,PLACEHOLDER,ASSUMED,Metal hardware placeholder,ASSUMED maximum allocation; not a selected supplier part,False,"[5.4, 5.4, 18.0]",body,ALLOCATION_ONLY,False,,ASSUMED maximum allocation; not a selected supplier part
Socket_AC,WeAct AC 排母候选,1,PLACEHOLDER,ASSUMED,"FR4 envelope, connectors included separately",BLOCKED: full physical mating unqualified,False,"[38.6, 5.08, 11.6]",body,Vendor catalogue body dimensions; contacts/tolerances are trial allocations,False,,BLOCKED: full physical mating unqualified
Socket_BD,WeAct BD 排母候选,1,PLACEHOLDER,ASSUMED,"FR4 envelope, connectors included separately",BLOCKED: full physical mating unqualified,False,"[38.6, 5.08, 11.6]",body,Vendor catalogue body dimensions; contacts/tolerances are trial allocations,False,,BLOCKED: full physical mating unqualified
Socket_E,WeAct E 排母候选,1,PLACEHOLDER,ASSUMED,"FR4 envelope, connectors included separately",BLOCKED: full physical mating unqualified,False,"[5.08, 10.66, 11.6]",body,Vendor catalogue body dimensions; contacts/tolerances are trial allocations,False,,BLOCKED: full physical mating unqualified
Speaker,WSS-SP3040-08 / YH-SP3040-08 / 42×30×9 / 4Ω3W,1,PURCHASED_REFERENCE,ASSUMED,Black reference / printed bezel,Box/pitch from supplied PDF; unmarked ear/diaphragm geometry estimated with user approval. NOT measured; nominal hole clearance/tolerance not released.,False,"[56.0, 20.835, 30.993]",body,DIMENSIONED_ENVELOPE_WITH_APPROVED_ESTIMATES,False,,Box/pitch from supplied PDF; unmarked ear/diaphragm geometry estimated with user approval. NOT measured; nominal hole clearance/tolerance not released.
Speaker_Gasket,喇叭前端试配泡棉密封圈 / 自裁软片,1,PURCHASED_REFERENCE,ASSUMED,Purchased rubber or flexible TPU; NOT rigid shell material,"Custom cut soft sheet, NOT supplied factory gasket; dimensions and compression trial only.",False,"[39.5, 13.132, 26.337]",body,TRIAL_SOFT_SHEET,False,,"Custom cut soft sheet, NOT supplied factory gasket; dimensions and compression trial only."
Speaker_Insert_-1,FINE SL-M2×3 / 目录尺寸基准,1,PLACEHOLDER,VENDOR_DOCUMENTED,Metal hardware placeholder,"Trial fastener envelope; supplier, thread/engagement and printing fits not released",False,"[3.6, 4.24, 4.531]",body,CATALOGUE_MAXIMUM_ENVELOPE; knurl and thread helix omitted,False,,"Trial fastener envelope; supplier, thread/engagement and printing fits not released"
Speaker_Insert_1,FINE SL-M2×3 / 目录尺寸基准,1,PLACEHOLDER,VENDOR_DOCUMENTED,Metal hardware placeholder,"Trial fastener envelope; supplier, thread/engagement and printing fits not released",False,"[3.6, 4.24, 4.531]",body,CATALOGUE_MAXIMUM_ENVELOPE; knurl and thread helix omitted,False,,"Trial fastener envelope; supplier, thread/engagement and printing fits not released"
Speaker_Screw_-1,GB/T823 M2×5,1,PLACEHOLDER,VENDOR_DOCUMENTED,Metal hardware placeholder,"Trial fastener envelope; supplier, thread/engagement and printing fits not released",False,"[3.5, 6.963, 5.197]",body,DIMENSIONED_ENVELOPE; drive recess and thread helix omitted,False,,"Trial fastener envelope; supplier, thread/engagement and printing fits not released"
Speaker_Screw_1,GB/T823 M2×5,1,PLACEHOLDER,VENDOR_DOCUMENTED,Metal hardware placeholder,"Trial fastener envelope; supplier, thread/engagement and printing fits not released",False,"[3.5, 6.963, 5.197]",body,DIMENSIONED_ENVELOPE; drive recess and thread helix omitted,False,,"Trial fastener envelope; supplier, thread/engagement and printing fits not released"
Tire_L,软轮胎 L,1,PLACEHOLDER,ASSUMED,Purchased rubber or flexible TPU; NOT rigid shell material,105x18 soft tire requirement; no selected supplier/TPU traction certification,False,"[18.0, 105.0, 105.0]",wheel_L,ALLOCATION_ONLY,False,,105x18 soft tire requirement; no selected supplier/TPU traction certification
Tire_R,软轮胎 R,1,PLACEHOLDER,ASSUMED,Purchased rubber or flexible TPU; NOT rigid shell material,105x18 soft tire requirement; no selected supplier/TPU traction certification,False,"[18.0, 105.0, 105.0]",wheel_R,ALLOCATION_ONLY,False,,105x18 soft tire requirement; no selected supplier/TPU traction certification
USB_Receptacle,USB1 原生位置 / 厂图重建,1,PURCHASED_REFERENCE,ASSUMED,"FR4 envelope, connectors included separately","Manufacturer geometry; physical revision, mating cables and assembly qualification remain pending",False,"[8.94, 7.35, 3.16]",body,NATIVE_DESIGN_WITH_SOURCE_BACKED_PACKAGES,False,,"Manufacturer geometry; physical revision, mating cables and assembly qualification remain pending"
Wheel_Axle_L,整体金属法兰轴 / 双扁位 L,1,PLACEHOLDER,ASSUMED,C45/1045 steel candidate; no material certificate,"CUSTOM MACHINED, not purchased Unitree geometry and not printable. 6mm journals, integral output flange/shoulder, double-D end and M3 axial thread. Nominal drawing; physical coaxiality/fits/strength pending.",False,"[45.7, 14.0, 14.0]",wheel_L,CUSTOM_DESIGN_OR_FASTENER_REQUIREMENT,False,,"CUSTOM MACHINED, not purchased Unitree geometry and not printable. 6mm journals, integral output flange/shoulder, double-D end and M3 axial thread. Nominal drawing; physical coaxiality/fits/strength pending."
Wheel_Axle_R,整体金属法兰轴 / 双扁位 R,1,PLACEHOLDER,ASSUMED,C45/1045 steel candidate; no material certificate,"CUSTOM MACHINED, not purchased Unitree geometry and not printable. 6mm journals, integral output flange/shoulder, double-D end and M3 axial thread. Nominal drawing; physical coaxiality/fits/strength pending.",False,"[45.7, 14.0, 14.0]",wheel_R,CUSTOM_DESIGN_OR_FASTENER_REQUIREMENT,False,,"CUSTOM MACHINED, not purchased Unitree geometry and not printable. 6mm journals, integral output flange/shoulder, double-D end and M3 axial thread. Nominal drawing; physical coaxiality/fits/strength pending."
Wheel_Bearing_L_Inner,686ZZ 独立轮轴承 L 内,1,PURCHASED_REFERENCE,VENDOR_DOCUMENTED,Metal hardware placeholder,686ZZ nominal6x13x5 from SMB supplier drawing. Ring/shield/bearing internals simplified; bore P0 0/-0.008. Shaft/seat fits and internal clearance must be qualified.,False,"[5.0, 13.0, 13.0]",body,VENDOR_DIMENSIONED_SIMPLIFICATION,False,,686ZZ nominal6x13x5 from SMB supplier drawing. Ring/shield/bearing internals simplified; bore P0 0/-0.008. Shaft/seat fits and internal clearance must be qualified.
Wheel_Bearing_L_Outer,686ZZ 独立轮轴承 L 外,1,PURCHASED_REFERENCE,VENDOR_DOCUMENTED,Metal hardware placeholder,686ZZ nominal6x13x5 from SMB supplier drawing. Ring/shield/bearing internals simplified; bore P0 0/-0.008. Shaft/seat fits and internal clearance must be qualified.,False,"[5.0, 13.0, 13.0]",body,VENDOR_DIMENSIONED_SIMPLIFICATION,False,,686ZZ nominal6x13x5 from SMB supplier drawing. Ring/shield/bearing internals simplified; bore P0 0/-0.008. Shaft/seat fits and internal clearance must be qualified.
Wheel_Bearing_R_Inner,686ZZ 独立轮轴承 R 内,1,PURCHASED_REFERENCE,VENDOR_DOCUMENTED,Metal hardware placeholder,686ZZ nominal6x13x5 from SMB supplier drawing. Ring/shield/bearing internals simplified; bore P0 0/-0.008. Shaft/seat fits and internal clearance must be qualified.,False,"[5.0, 13.0, 13.0]",body,VENDOR_DIMENSIONED_SIMPLIFICATION,False,,686ZZ nominal6x13x5 from SMB supplier drawing. Ring/shield/bearing internals simplified; bore P0 0/-0.008. Shaft/seat fits and internal clearance must be qualified.
Wheel_Bearing_R_Outer,686ZZ 独立轮轴承 R 外,1,PURCHASED_REFERENCE,VENDOR_DOCUMENTED,Metal hardware placeholder,686ZZ nominal6x13x5 from SMB supplier drawing. Ring/shield/bearing internals simplified; bore P0 0/-0.008. Shaft/seat fits and internal clearance must be qualified.,False,"[5.0, 13.0, 13.0]",body,VENDOR_DIMENSIONED_SIMPLIFICATION,False,,686ZZ nominal6x13x5 from SMB supplier drawing. Ring/shield/bearing internals simplified; bore P0 0/-0.008. Shaft/seat fits and internal clearance must be qualified.
Wheel_Buck,D36V50F9 #4094 / 原厂CAD,1,PURCHASED_REFERENCE,VENDOR_DOCUMENTED,"FR4 envelope, connectors included separately","Manufacturer geometry; physical revision, mating cables and assembly qualification remain pending",False,"[25.4, 25.4, 9.475]",body,VENDOR_CAD,False,,"Manufacturer geometry; physical revision, mating cables and assembly qualification remain pending"
Wheel_Buck_Insert_1,FINE SL-M2×3 / 目录尺寸基准,1,PLACEHOLDER,VENDOR_DOCUMENTED,Metal hardware placeholder,"Trial fastener envelope; supplier, thread/engagement and printing fits not released",False,"[3.6, 3.6, 3.0]",body,CATALOGUE_MAXIMUM_ENVELOPE; knurl and thread helix omitted,False,,"Trial fastener envelope; supplier, thread/engagement and printing fits not released"
Wheel_Buck_Insert_2,FINE SL-M2×3 / 目录尺寸基准,1,PLACEHOLDER,VENDOR_DOCUMENTED,Metal hardware placeholder,"Trial fastener envelope; supplier, thread/engagement and printing fits not released",False,"[3.6, 3.6, 3.0]",body,CATALOGUE_MAXIMUM_ENVELOPE; knurl and thread helix omitted,False,,"Trial fastener envelope; supplier, thread/engagement and printing fits not released"
Wheel_Buck_Screw_1,GB/T823 M2×5,1,PLACEHOLDER,VENDOR_DOCUMENTED,Metal hardware placeholder,"Trial fastener envelope; supplier, thread/engagement and printing fits not released",False,"[3.5, 3.5, 6.4]",body,DIMENSIONED_ENVELOPE; drive recess and thread helix omitted,False,,"Trial fastener envelope; supplier, thread/engagement and printing fits not released"
Wheel_Buck_Screw_2,GB/T823 M2×5,1,PLACEHOLDER,VENDOR_DOCUMENTED,Metal hardware placeholder,"Trial fastener envelope; supplier, thread/engagement and printing fits not released",False,"[3.5, 3.5, 6.4]",body,DIMENSIONED_ENVELOPE; drive recess and thread helix omitted,False,,"Trial fastener envelope; supplier, thread/engagement and printing fits not released"
Wheel_Cap_Clamp_Nut_0,轮驱共用底盖 M3 防转六角螺母 0,1,PLACEHOLDER,ASSUMED,Metal hardware placeholder,M3 ISO4032 nominalAF5.5x2.4; print hex pocket5.8 trial. Nut insertion from top before load frame assembly.,False,"[5.5, 6.351, 2.4]",body,CUSTOM_DESIGN_OR_FASTENER_REQUIREMENT,False,,M3 ISO4032 nominalAF5.5x2.4; print hex pocket5.8 trial. Nut insertion from top before load frame assembly.
Wheel_Cap_Clamp_Nut_1,轮驱共用底盖 M3 防转六角螺母 1,1,PLACEHOLDER,ASSUMED,Metal hardware placeholder,M3 ISO4032 nominalAF5.5x2.4; print hex pocket5.8 trial. Nut insertion from top before load frame assembly.,False,"[5.5, 6.351, 2.4]",body,CUSTOM_DESIGN_OR_FASTENER_REQUIREMENT,False,,M3 ISO4032 nominalAF5.5x2.4; print hex pocket5.8 trial. Nut insertion from top before load frame assembly.
Wheel_Cap_Clamp_Nut_2,轮驱共用底盖 M3 防转六角螺母 2,1,PLACEHOLDER,ASSUMED,Metal hardware placeholder,M3 ISO4032 nominalAF5.5x2.4; print hex pocket5.8 trial. Nut insertion from top before load frame assembly.,False,"[5.5, 6.351, 2.4]",body,CUSTOM_DESIGN_OR_FASTENER_REQUIREMENT,False,,M3 ISO4032 nominalAF5.5x2.4; print hex pocket5.8 trial. Nut insertion from top before load frame assembly.
Wheel_Cap_Clamp_Nut_3,轮驱共用底盖 M3 防转六角螺母 3,1,PLACEHOLDER,ASSUMED,Metal hardware placeholder,M3 ISO4032 nominalAF5.5x2.4; print hex pocket5.8 trial. Nut insertion from top before load frame assembly.,False,"[5.5, 6.351, 2.4]",body,CUSTOM_DESIGN_OR_FASTENER_REQUIREMENT,False,,M3 ISO4032 nominalAF5.5x2.4; print hex pocket5.8 trial. Nut insertion from top before load frame assembly.
Wheel_Cap_Clamp_Screw_0,轮驱共用底盖 M3×25 0,1,PLACEHOLDER,ASSUMED,Metal hardware placeholder,"M3x25 ISO4762 dimensional requirement, smooth thread approximation; nut nominal full2.4mm engagement.",False,"[5.5, 5.5, 28.0]",body,CUSTOM_DESIGN_OR_FASTENER_REQUIREMENT,False,,"M3x25 ISO4762 dimensional requirement, smooth thread approximation; nut nominal full2.4mm engagement."
Wheel_Cap_Clamp_Screw_1,轮驱共用底盖 M3×25 1,1,PLACEHOLDER,ASSUMED,Metal hardware placeholder,"M3x25 ISO4762 dimensional requirement, smooth thread approximation; nut nominal full2.4mm engagement.",False,"[5.5, 5.5, 28.0]",body,CUSTOM_DESIGN_OR_FASTENER_REQUIREMENT,False,,"M3x25 ISO4762 dimensional requirement, smooth thread approximation; nut nominal full2.4mm engagement."
Wheel_Cap_Clamp_Screw_2,轮驱共用底盖 M3×25 2,1,PLACEHOLDER,ASSUMED,Metal hardware placeholder,"M3x25 ISO4762 dimensional requirement, smooth thread approximation; nut nominal full2.4mm engagement.",False,"[5.5, 5.5, 28.0]",body,CUSTOM_DESIGN_OR_FASTENER_REQUIREMENT,False,,"M3x25 ISO4762 dimensional requirement, smooth thread approximation; nut nominal full2.4mm engagement."
Wheel_Cap_Clamp_Screw_3,轮驱共用底盖 M3×25 3,1,PLACEHOLDER,ASSUMED,Metal hardware placeholder,"M3x25 ISO4762 dimensional requirement, smooth thread approximation; nut nominal full2.4mm engagement.",False,"[5.5, 5.5, 28.0]",body,CUSTOM_DESIGN_OR_FASTENER_REQUIREMENT,False,,"M3x25 ISO4762 dimensional requirement, smooth thread approximation; nut nominal full2.4mm engagement."
Wheel_End_Screw_L,M3×8 轮毂轴向锁紧螺钉 L,1,PLACEHOLDER,ASSUMED,Metal hardware placeholder,"Nominal ISO4762 head5.5x3; thread simplified.7.3mm axial engagement, washer contacts hub0.2mm beyond shaft tip. Removable thread patch/locking and torque require trial; do not bottom the screw.",False,"[11.0, 5.5, 5.5]",wheel_L,CUSTOM_DESIGN_OR_FASTENER_REQUIREMENT,False,,"Nominal ISO4762 head5.5x3; thread simplified.7.3mm axial engagement, washer contacts hub0.2mm beyond shaft tip. Removable thread patch/locking and torque require trial; do not bottom the screw."
Wheel_End_Screw_R,M3×8 轮毂轴向锁紧螺钉 R,1,PLACEHOLDER,ASSUMED,Metal hardware placeholder,"Nominal ISO4762 head5.5x3; thread simplified.7.3mm axial engagement, washer contacts hub0.2mm beyond shaft tip. Removable thread patch/locking and torque require trial; do not bottom the screw.",False,"[11.0, 5.5, 5.5]",wheel_R,CUSTOM_DESIGN_OR_FASTENER_REQUIREMENT,False,,"Nominal ISO4762 head5.5x3; thread simplified.7.3mm axial engagement, washer contacts hub0.2mm beyond shaft tip. Removable thread patch/locking and torque require trial; do not bottom the screw."
Wheel_End_Washer_L,M3 端部平垫圈 L,1,PLACEHOLDER,ASSUMED,Metal hardware placeholder,Nominal7x3.2x0.5 washer; confirm selected ISO7089 supplier variant.,False,"[0.5, 7.0, 7.0]",wheel_L,CUSTOM_DESIGN_OR_FASTENER_REQUIREMENT,False,,Nominal7x3.2x0.5 washer; confirm selected ISO7089 supplier variant.
Wheel_End_Washer_R,M3 端部平垫圈 R,1,PLACEHOLDER,ASSUMED,Metal hardware placeholder,Nominal7x3.2x0.5 washer; confirm selected ISO7089 supplier variant.,False,"[0.5, 7.0, 7.0]",wheel_R,CUSTOM_DESIGN_OR_FASTENER_REQUIREMENT,False,,Nominal7x3.2x0.5 washer; confirm selected ISO7089 supplier variant.
Wheel_Hub_L,双扁位止转轮毂 L,1,PRINTABLE,ASSUMED,PA12 nylon / JLC3DP first structural prototype,No separate cap or coupler. Double-D is torque interface; M3 end screw and metal spacers give axial retention.,True,"[15.0, 84.0, 84.0]",wheel_L,DESIGN_GEOMETRY,False,Outer flat face down; shaft-fit coupon first,No separate cap or coupler. Double-D is torque interface; M3 end screw and metal spacers give axial retention.
Wheel_Hub_R,双扁位止转轮毂 R,1,PRINTABLE,ASSUMED,PA12 nylon / JLC3DP first structural prototype,No separate cap or coupler. Double-D is torque interface; M3 end screw and metal spacers give axial retention.,True,"[15.0, 84.0, 84.0]",wheel_R,DESIGN_GEOMETRY,False,Outer flat face down; shaft-fit coupon first,No separate cap or coupler. Double-D is torque interface; M3 end screw and metal spacers give axial retention.
Wheel_Output_Screw_L_0,原厂兼容 M2 自攻 ×8 需求 L 0,1,PLACEHOLDER,ASSUMED,Metal hardware placeholder,"Manufacturer says M2 self-tap, not ordinary metric machine thread. Candidate head<=3.8x1.6; root shown1.48, major2 not meshed. Supplier head/length/tip must be matched before use.",False,"[9.6, 3.8, 3.8]",wheel_L,CUSTOM_DESIGN_OR_FASTENER_REQUIREMENT,False,,"Manufacturer says M2 self-tap, not ordinary metric machine thread. Candidate head<=3.8x1.6; root shown1.48, major2 not meshed. Supplier head/length/tip must be matched before use."
Wheel_Output_Screw_L_1,原厂兼容 M2 自攻 ×8 需求 L 1,1,PLACEHOLDER,ASSUMED,Metal hardware placeholder,"Manufacturer says M2 self-tap, not ordinary metric machine thread. Candidate head<=3.8x1.6; root shown1.48, major2 not meshed. Supplier head/length/tip must be matched before use.",False,"[9.6, 3.8, 3.8]",wheel_L,CUSTOM_DESIGN_OR_FASTENER_REQUIREMENT,False,,"Manufacturer says M2 self-tap, not ordinary metric machine thread. Candidate head<=3.8x1.6; root shown1.48, major2 not meshed. Supplier head/length/tip must be matched before use."
Wheel_Output_Screw_L_2,原厂兼容 M2 自攻 ×8 需求 L 2,1,PLACEHOLDER,ASSUMED,Metal hardware placeholder,"Manufacturer says M2 self-tap, not ordinary metric machine thread. Candidate head<=3.8x1.6; root shown1.48, major2 not meshed. Supplier head/length/tip must be matched before use.",False,"[9.6, 3.8, 3.8]",wheel_L,CUSTOM_DESIGN_OR_FASTENER_REQUIREMENT,False,,"Manufacturer says M2 self-tap, not ordinary metric machine thread. Candidate head<=3.8x1.6; root shown1.48, major2 not meshed. Supplier head/length/tip must be matched before use."
Wheel_Output_Screw_L_3,原厂兼容 M2 自攻 ×8 需求 L 3,1,PLACEHOLDER,ASSUMED,Metal hardware placeholder,"Manufacturer says M2 self-tap, not ordinary metric machine thread. Candidate head<=3.8x1.6; root shown1.48, major2 not meshed. Supplier head/length/tip must be matched before use.",False,"[9.6, 3.8, 3.8]",wheel_L,CUSTOM_DESIGN_OR_FASTENER_REQUIREMENT,False,,"Manufacturer says M2 self-tap, not ordinary metric machine thread. Candidate head<=3.8x1.6; root shown1.48, major2 not meshed. Supplier head/length/tip must be matched before use."
Wheel_Output_Screw_L_4,原厂兼容 M2 自攻 ×8 需求 L 4,1,PLACEHOLDER,ASSUMED,Metal hardware placeholder,"Manufacturer says M2 self-tap, not ordinary metric machine thread. Candidate head<=3.8x1.6; root shown1.48, major2 not meshed. Supplier head/length/tip must be matched before use.",False,"[9.6, 3.8, 3.8]",wheel_L,CUSTOM_DESIGN_OR_FASTENER_REQUIREMENT,False,,"Manufacturer says M2 self-tap, not ordinary metric machine thread. Candidate head<=3.8x1.6; root shown1.48, major2 not meshed. Supplier head/length/tip must be matched before use."
Wheel_Output_Screw_L_5,原厂兼容 M2 自攻 ×8 需求 L 5,1,PLACEHOLDER,ASSUMED,Metal hardware placeholder,"Manufacturer says M2 self-tap, not ordinary metric machine thread. Candidate head<=3.8x1.6; root shown1.48, major2 not meshed. Supplier head/length/tip must be matched before use.",False,"[9.6, 3.8, 3.8]",wheel_L,CUSTOM_DESIGN_OR_FASTENER_REQUIREMENT,False,,"Manufacturer says M2 self-tap, not ordinary metric machine thread. Candidate head<=3.8x1.6; root shown1.48, major2 not meshed. Supplier head/length/tip must be matched before use."
Wheel_Output_Screw_R_0,原厂兼容 M2 自攻 ×8 需求 R 0,1,PLACEHOLDER,ASSUMED,Metal hardware placeholder,"Manufacturer says M2 self-tap, not ordinary metric machine thread. Candidate head<=3.8x1.6; root shown1.48, major2 not meshed. Supplier head/length/tip must be matched before use.",False,"[9.6, 3.8, 3.8]",wheel_R,CUSTOM_DESIGN_OR_FASTENER_REQUIREMENT,False,,"Manufacturer says M2 self-tap, not ordinary metric machine thread. Candidate head<=3.8x1.6; root shown1.48, major2 not meshed. Supplier head/length/tip must be matched before use."
Wheel_Output_Screw_R_1,原厂兼容 M2 自攻 ×8 需求 R 1,1,PLACEHOLDER,ASSUMED,Metal hardware placeholder,"Manufacturer says M2 self-tap, not ordinary metric machine thread. Candidate head<=3.8x1.6; root shown1.48, major2 not meshed. Supplier head/length/tip must be matched before use.",False,"[9.6, 3.8, 3.8]",wheel_R,CUSTOM_DESIGN_OR_FASTENER_REQUIREMENT,False,,"Manufacturer says M2 self-tap, not ordinary metric machine thread. Candidate head<=3.8x1.6; root shown1.48, major2 not meshed. Supplier head/length/tip must be matched before use."
Wheel_Output_Screw_R_2,原厂兼容 M2 自攻 ×8 需求 R 2,1,PLACEHOLDER,ASSUMED,Metal hardware placeholder,"Manufacturer says M2 self-tap, not ordinary metric machine thread. Candidate head<=3.8x1.6; root shown1.48, major2 not meshed. Supplier head/length/tip must be matched before use.",False,"[9.6, 3.8, 3.8]",wheel_R,CUSTOM_DESIGN_OR_FASTENER_REQUIREMENT,False,,"Manufacturer says M2 self-tap, not ordinary metric machine thread. Candidate head<=3.8x1.6; root shown1.48, major2 not meshed. Supplier head/length/tip must be matched before use."
Wheel_Output_Screw_R_3,原厂兼容 M2 自攻 ×8 需求 R 3,1,PLACEHOLDER,ASSUMED,Metal hardware placeholder,"Manufacturer says M2 self-tap, not ordinary metric machine thread. Candidate head<=3.8x1.6; root shown1.48, major2 not meshed. Supplier head/length/tip must be matched before use.",False,"[9.6, 3.8, 3.8]",wheel_R,CUSTOM_DESIGN_OR_FASTENER_REQUIREMENT,False,,"Manufacturer says M2 self-tap, not ordinary metric machine thread. Candidate head<=3.8x1.6; root shown1.48, major2 not meshed. Supplier head/length/tip must be matched before use."
Wheel_Output_Screw_R_4,原厂兼容 M2 自攻 ×8 需求 R 4,1,PLACEHOLDER,ASSUMED,Metal hardware placeholder,"Manufacturer says M2 self-tap, not ordinary metric machine thread. Candidate head<=3.8x1.6; root shown1.48, major2 not meshed. Supplier head/length/tip must be matched before use.",False,"[9.6, 3.8, 3.8]",wheel_R,CUSTOM_DESIGN_OR_FASTENER_REQUIREMENT,False,,"Manufacturer says M2 self-tap, not ordinary metric machine thread. Candidate head<=3.8x1.6; root shown1.48, major2 not meshed. Supplier head/length/tip must be matched before use."
Wheel_Output_Screw_R_5,原厂兼容 M2 自攻 ×8 需求 R 5,1,PLACEHOLDER,ASSUMED,Metal hardware placeholder,"Manufacturer says M2 self-tap, not ordinary metric machine thread. Candidate head<=3.8x1.6; root shown1.48, major2 not meshed. Supplier head/length/tip must be matched before use.",False,"[9.6, 3.8, 3.8]",wheel_R,CUSTOM_DESIGN_OR_FASTENER_REQUIREMENT,False,,"Manufacturer says M2 self-tap, not ordinary metric machine thread. Candidate head<=3.8x1.6; root shown1.48, major2 not meshed. Supplier head/length/tip must be matched before use."
Wheel_Spacer_L_0,金属定长隔套 L 4.5mm,1,PLACEHOLDER,ASSUMED,Metal hardware placeholder,Custom cut/face tube OD8 ID6.1; end faces square. Contact only inner races. Actual lengths must match bearing stack without unwanted preload.,False,"[4.5, 8.0, 8.0]",wheel_L,CUSTOM_DESIGN_OR_FASTENER_REQUIREMENT,False,,Custom cut/face tube OD8 ID6.1; end faces square. Contact only inner races. Actual lengths must match bearing stack without unwanted preload.
Wheel_Spacer_L_1,金属定长隔套 L 10mm,1,PLACEHOLDER,ASSUMED,Metal hardware placeholder,Custom cut/face tube OD8 ID6.1; end faces square. Contact only inner races. Actual lengths must match bearing stack without unwanted preload.,False,"[10.0, 8.0, 8.0]",wheel_L,CUSTOM_DESIGN_OR_FASTENER_REQUIREMENT,False,,Custom cut/face tube OD8 ID6.1; end faces square. Contact only inner races. Actual lengths must match bearing stack without unwanted preload.
Wheel_Spacer_R_0,金属定长隔套 R 4.5mm,1,PLACEHOLDER,ASSUMED,Metal hardware placeholder,Custom cut/face tube OD8 ID6.1; end faces square. Contact only inner races. Actual lengths must match bearing stack without unwanted preload.,False,"[4.5, 8.0, 8.0]",wheel_R,CUSTOM_DESIGN_OR_FASTENER_REQUIREMENT,False,,Custom cut/face tube OD8 ID6.1; end faces square. Contact only inner races. Actual lengths must match bearing stack without unwanted preload.
Wheel_Spacer_R_1,金属定长隔套 R 10mm,1,PLACEHOLDER,ASSUMED,Metal hardware placeholder,Custom cut/face tube OD8 ID6.1; end faces square. Contact only inner races. Actual lengths must match bearing stack without unwanted preload.,False,"[10.0, 8.0, 8.0]",wheel_R,CUSTOM_DESIGN_OR_FASTENER_REQUIREMENT,False,,Custom cut/face tube OD8 ID6.1; end faces square. Contact only inner races. Actual lengths must match bearing stack without unwanted preload.
Yaw_Anti_Lift_Keeper,Yaw防脱C压板,1,PRINTABLE,ASSUMED,"PA12 nylon; first structural trial, strength unqualified",Approved C5 neck with K1 keeper-wall correction; trial PA12 fits and strength NOT_TESTED; full wiring incomplete,True,"[60.4, 56.264, 4.0]",body,DESIGN_GEOMETRY,False,Broad flat face parallel to build bed; PA12 service to review orientation,Removable axial anti-lift stop; fitted before pitch head; separate fixed and rotating groups
Yaw_Base,插接Yaw承重桥 / 横向M3穿栓与一体限位,1,PRINTABLE,ASSUMED,PA12 nylon / JLC3DP first structural prototype,Approved C5 neck with K1 keeper-wall correction; trial PA12 fits and strength NOT_TESTED; full wiring incomplete,True,"[94.2, 71.6, 65.3]",body,DESIGN_GEOMETRY,False,"Compare planar Y-end down with roof-down; tongue layer adhesion, bearing roundness and support removal need slicer and physical review.","Bearing load to two broad bridge legs, shoulders and keyed/lap sockets; transverse metal nuts retain detachable joint. Compact yaw stops preserved."
Yaw_Base_-1_Nut,承重桥M3金属六角螺母 / 名义外形参考,1,PURCHASED_REFERENCE,ASSUMED,Metal hardware placeholder,"Nominal M3x8 button-head / M3 hex nut reference; trial clearances require printed coupon, clamped-contact and load tests. Manually hold nut during first engagement; no snap retention.",False,"[2.4, 6.351, 5.5]",body,NOMINAL_FASTENER_ENVELOPE,False,,"Nominal M3x8 button-head / M3 hex nut reference; trial clearances require printed coupon, clamped-contact and load tests. Manually hold nut during first engagement; no snap retention."
Yaw_Base_-1_Screw,承重桥横向M3×8低圆头螺钉 / 名义包络,1,PURCHASED_REFERENCE,ASSUMED,Metal hardware placeholder,"Nominal M3x8 button-head / M3 hex nut reference; trial clearances require printed coupon, clamped-contact and load tests. Manually hold nut during first engagement; no snap retention.",False,"[9.65, 5.7, 5.7]",body,NOMINAL_FASTENER_ENVELOPE,False,,"Nominal M3x8 button-head / M3 hex nut reference; trial clearances require printed coupon, clamped-contact and load tests. Manually hold nut during first engagement; no snap retention."
Yaw_Base_1_Nut,承重桥M3金属六角螺母 / 名义外形参考,1,PURCHASED_REFERENCE,ASSUMED,Metal hardware placeholder,"Nominal M3x8 button-head / M3 hex nut reference; trial clearances require printed coupon, clamped-contact and load tests. Manually hold nut during first engagement; no snap retention.",False,"[2.4, 6.351, 5.5]",body,NOMINAL_FASTENER_ENVELOPE,False,,"Nominal M3x8 button-head / M3 hex nut reference; trial clearances require printed coupon, clamped-contact and load tests. Manually hold nut during first engagement; no snap retention."
Yaw_Base_1_Screw,承重桥横向M3×8低圆头螺钉 / 名义包络,1,PURCHASED_REFERENCE,ASSUMED,Metal hardware placeholder,"Nominal M3x8 button-head / M3 hex nut reference; trial clearances require printed coupon, clamped-contact and load tests. Manually hold nut during first engagement; no snap retention.",False,"[9.65, 5.7, 5.7]",body,NOMINAL_FASTENER_ENVELOPE,False,,"Nominal M3x8 button-head / M3 hex nut reference; trial clearances require printed coupon, clamped-contact and load tests. Manually hold nut during first engagement; no snap retention."
Yaw_Bearing,Yaw轴承 NSK6806ZZ（边界参考）,1,PURCHASED_REFERENCE,VENDOR_DOCUMENTED,Metal hardware placeholder,30x42x7 boundary;29.9/42.1mm trial fits; physical fit and PA12 strength NOT_TESTED,False,"[42.0, 42.0, 7.0]",body,BOUNDARY_ENVELOPE_ONLY,False,,30x42x7 boundary;29.9/42.1mm trial fits; physical fit and PA12 strength NOT_TESTED
Yaw_Horn,Yaw 舵盘/联轴器占位,1,PLACEHOLDER,ASSUMED,Metal hardware placeholder,BLOCKED: retain SCS0009; awaiting matching factory horn drawing. Existing geometry remains an allocation.,False,"[10.0, 10.0, 1.0]",body,ALLOCATION_ONLY,False,,BLOCKED: retain SCS0009; awaiting matching factory horn drawing. Existing geometry remains an allocation.
Yaw_Keeper_Insert_0,Yaw压板SL-M3×4嵌件,1,PURCHASED_REFERENCE,ASSUMED,"Purchased metal hardware, nominal envelope",FINE SL-M3x4; catalogue envelope; PA12 pilot trial only,False,"[4.6, 4.6, 4.0]",body,NOMINAL_FASTENER_ENVELOPE,False,,Retains removable keeper to fixed bridge
Yaw_Keeper_Insert_1,Yaw压板SL-M3×4嵌件,1,PURCHASED_REFERENCE,ASSUMED,"Purchased metal hardware, nominal envelope",FINE SL-M3x4; catalogue envelope; PA12 pilot trial only,False,"[4.6, 4.6, 4.0]",body,NOMINAL_FASTENER_ENVELOPE,False,,Retains removable keeper to fixed bridge
Yaw_Keeper_Screw_0,Yaw压板M3×8螺钉,1,PURCHASED_REFERENCE,ASSUMED,"Purchased metal hardware, nominal envelope",M3x8 button head; nominal envelope only,False,"[5.7, 5.7, 9.65]",body,NOMINAL_FASTENER_ENVELOPE,False,,Retains removable keeper to fixed bridge
Yaw_Keeper_Screw_1,Yaw压板M3×8螺钉,1,PURCHASED_REFERENCE,ASSUMED,"Purchased metal hardware, nominal envelope",M3x8 button head; nominal envelope only,False,"[5.7, 5.7, 9.65]",body,NOMINAL_FASTENER_ENVELOPE,False,,Retains removable keeper to fixed bridge
Yaw_Lock_Screw,舵盘M2中心锁紧螺丝包络,1,PLACEHOLDER,ASSUMED,Metal hardware placeholder,BLOCKED: retain SCS0009; awaiting matching factory horn drawing. Existing geometry remains an allocation.,False,"[2.0, 2.0, 4.0]",body,ALLOCATION_ONLY,False,,BLOCKED: retain SCS0009; awaiting matching factory horn drawing. Existing geometry remains an allocation.
Yaw_Output,SCS0009 Yaw 20T输出端 / 齿根形状示意,1,PURCHASED_REFERENCE,ASSUMED,Metal hardware placeholder,"FEETECH A/0 p4/p6 drawing reconstruction. Bought revision, horn and thread engagement not measured.",False,"[3.941, 3.941, 3.2]",body,DRAWING_RECONSTRUCTED_WITH_EXPLICIT_ASSUMPTIONS,False,,"FEETECH A/0 p4/p6 drawing reconstruction. Bought revision, horn and thread engagement not measured."
Yaw_Reaction_Clamp_Nut,固定反力连接M2螺母,1,PLACEHOLDER,ASSUMED,Metal hardware placeholder,"Trial fastener envelope; supplier, thread/engagement and printing fits not released",False,"[4.8, 2.4, 4.157]",body,ALLOCATION_ONLY,False,,"Trial fastener envelope; supplier, thread/engagement and printing fits not released"
Yaw_Reaction_Clamp_Screw,固定反力连接M2试配螺钉,1,PLACEHOLDER,ASSUMED,Metal hardware placeholder,"Trial fastener envelope; supplier, thread/engagement and printing fits not released",False,"[3.8, 11.6, 3.8]",body,ALLOCATION_ONLY,False,,"Trial fastener envelope; supplier, thread/engagement and printing fits not released"
Yaw_Reaction_Link,可拆固定反力轴 / D形定位与舵盘夹口,1,PRINTABLE,ASSUMED,PA12 nylon / JLC3DP first structural prototype,BLOCKED: retain SCS0009; awaiting matching factory horn drawing. Existing geometry remains an allocation.,True,"[23.98, 24.0, 56.3]",body,DESIGN_GEOMETRY,False,Axis vertical; keyed fit and split-clamp coupon required,"Carries reaction torque, not head weight. D-key socket and cross screw prevent rotation/lift; split horn socket requires real-horn preload/torque testing. Axial bore gives locking-screw tool access before cross screw insertion."
Yaw_Reaction_Retainer_Nut,固定反力连接M2螺母,1,PLACEHOLDER,ASSUMED,Metal hardware placeholder,"Trial fastener envelope; supplier, thread/engagement and printing fits not released",False,"[4.8, 2.4, 4.157]",body,ALLOCATION_ONLY,False,,"Trial fastener envelope; supplier, thread/engagement and printing fits not released"
Yaw_Reaction_Retainer_Screw,固定反力连接M2试配螺钉,1,PLACEHOLDER,ASSUMED,Metal hardware placeholder,"Trial fastener envelope; supplier, thread/engagement and printing fits not released",False,"[3.8, 19.6, 3.8]",body,ALLOCATION_ONLY,False,,"Trial fastener envelope; supplier, thread/engagement and printing fits not released"
Yaw_Servo,SCS0009 Yaw 连续壳体与安装耳,1,PURCHASED_REFERENCE,ASSUMED,Metal hardware placeholder,"FEETECH A/0 p4/p6 drawing reconstruction. Bought revision, horn and thread engagement not measured.",False,"[12.1, 32.5, 25.25]",yaw,DRAWING_RECONSTRUCTED_WITH_EXPLICIT_ASSUMPTIONS,False,,"FEETECH A/0 p4/p6 drawing reconstruction. Bought revision, horn and thread engagement not measured."
