insert,host,catalogue,pilot_diameter_mm,pilot_depth_mm,entry_xyz_mm,min_wall_mm,screw,length_mm,engagement_mm
Battery_Retainer_Insert_-1,Battery_Tray,FINE SL-M2×3,3.25,4.2,"[-47.10000152587891, 0.0, 79.0]",3.375000006341125,Battery_Retainer_Screw_-1,6,3.0
Battery_Retainer_Insert_1,Battery_Tray,FINE SL-M2×3,3.25,4.2,"[47.10000152587891, 0.0, 79.0]",3.375000006341125,Battery_Retainer_Screw_1,6,3.0
CAM_Mount_Insert_0,Pitch_Cradle,FINE SL-M2×3,3.25,4.2,"[-16.299999713897705, -23.840000343322753, 218.6999969482422]",1.374999523162842,CAM_Mount_Screw_0,5,3.0
CAM_Mount_Insert_1,Pitch_Cradle,FINE SL-M2×3,3.25,4.2,"[-16.299999713897705, -23.840000343322753, 251.3000030517578]",1.374999523162842,CAM_Mount_Screw_1,5,3.0
CAM_Mount_Insert_2,Pitch_Cradle,FINE SL-M2×3,3.25,4.2,"[16.299999713897705, -23.840000343322753, 218.6999969482422]",1.374999523162842,CAM_Mount_Screw_2,5,3.0
CAM_Mount_Insert_3,Pitch_Cradle,FINE SL-M2×3,3.25,4.2,"[16.299999713897705, -23.840000343322753, 251.3000030517578]",1.374999523162842,CAM_Mount_Screw_3,5,3.0
Carrier_Insert_0,Load_Frame,FINE SL-M2×3,3.25,4.2,"[-32.5, -59.0, 120.99999923706055]",1.571572195647676,Carrier_Screw_0,5,3.0
Carrier_Insert_1,Load_Frame,FINE SL-M2×3,3.25,4.2,"[-32.5, -29.0, 120.99999923706055]",1.571572195647676,Carrier_Screw_1,5,3.0
Carrier_Insert_2,Load_Frame,FINE SL-M2×3,3.25,4.2,"[32.5, -59.0, 120.99999923706055]",1.571572195647676,Carrier_Screw_2,5,3.0
Carrier_Insert_3,Load_Frame,FINE SL-M2×3,3.25,4.2,"[32.5, -29.0, 120.99999923706055]",1.571572195647676,Carrier_Screw_3,5,3.0
Frame_Insert_0,Body_Upper,FINE SL-M3×4,4.05,5.2,"[48.0, 42.0, 115.0]",3.6688944381830795,Frame_Screw_0,original,3.8
Frame_Insert_1,Body_Upper,FINE SL-M3×4,4.05,5.2,"[-48.0, 42.0, 115.0]",3.6688944381830795,Frame_Screw_1,original,3.8
Frame_Insert_2,Body_Upper,FINE SL-M3×4,4.05,5.2,"[48.0, -42.0, 115.0]",3.6688944381830795,Frame_Screw_2,original,3.8
Frame_Insert_3,Body_Upper,FINE SL-M3×4,4.05,5.2,"[-48.0, -42.0, 115.0]",3.6688944381830795,Frame_Screw_3,original,3.8
Head_Buck_Insert_0,Load_Frame,FINE SL-M2×3,3.25,4.2,"[-22.604000091552734, -6.604000091552734, 108.00000305175782]",1.3743449987513716,Head_Buck_Screw_0,4,2.7839981079101532
Head_Buck_Insert_1,Load_Frame,FINE SL-M2×3,3.25,4.2,"[-9.395999908447266, 6.604000091552734, 108.00000305175782]",1.3743451834611622,Head_Buck_Screw_1,4,2.7839981079101532
Head_Cradle_Insert_-1,Pitch_Cradle,FINE SL-M2×3,3.25,4.4,"[-46.75, 3.5, 247.0]",1.375,Head_Cradle_Screw_-1,12,3.0
Head_Cradle_Insert_1,Pitch_Cradle,FINE SL-M2×3,3.25,4.4,"[46.75, 3.5, 247.0]",1.375,Head_Cradle_Screw_1,12,3.0
Head_Seam_Insert_-1,Head_Front,FINE SL-M2×3,3.25,4.2,"[-41.0, 0.3, 261.0]",1.661059231061749,Head_Seam_Screw_-1,16,3.0
Head_Seam_Insert_1,Head_Front,FINE SL-M2×3,3.25,4.2,"[41.0, 0.3, 261.0]",1.6610406149753236,Head_Seam_Screw_1,16,3.0
IMU_Insert_0,Load_Frame,FINE SL-M2×3,3.25,4.2,"[-32.5, -35.5, 108.4]",1.6714650020635808,IMU_Screw_0,6,3.0
IMU_Insert_1,Load_Frame,FINE SL-M2×3,3.25,4.2,"[-17.5, -35.5, 108.4]",1.671465002060366,IMU_Screw_1,6,3.0
Power_Board_H2_Insert,Load_Frame,FINE SL-M2×3,3.25,4.2,"[-37.0, -21.5, 119.50000076293945]",1.374343626581584,Power_Board_H2_Screw,5,3.0
Power_Board_H3_Insert,Load_Frame,FINE SL-M2×3,3.25,4.2,"[37.0, 27.5, 119.50000076293945]",1.374343626581584,Power_Board_H3_Screw,5,3.0
Rear_Interface_Insert_0,Body_Upper,FINE SL-M2×3,3.25,4.2,"[9.0, -64.0, 112.10000152587891]",1.375,Rear_Interface_Screw_0,5,3.0
Rear_Interface_Insert_1,Body_Upper,FINE SL-M2×3,3.25,4.2,"[-9.0, -64.0, 112.10000152587891]",1.375,Rear_Interface_Screw_1,5,3.0
Shell_Insert_0,Body_Upper,FINE SL-M3×4,4.05,5.2,"[22, 71, 100.3]",2.518169077311776,Shell_Screw_0,original,4.0
Shell_Insert_1,Body_Upper,FINE SL-M3×4,4.05,5.2,"[-22, 71, 100.3]",2.518236157908495,Shell_Screw_1,original,4.0
Shell_Insert_2,Body_Upper,FINE SL-M3×4,4.05,5.2,"[22, -71, 100.3]",2.5181994743224876,Shell_Screw_2,original,4.0
Shell_Insert_3,Body_Upper,FINE SL-M3×4,4.05,5.2,"[-22, -71, 100.3]",2.5181942897308454,Shell_Screw_3,original,4.0
Speaker_Insert_-1,Body_Upper,FINE SL-M2×3,3.25,4.2,"[-24.5, 58.90999733510954, 127.47021438319975]",1.3750002563103332,Speaker_Screw_-1,5,3.0
Speaker_Insert_1,Body_Upper,FINE SL-M2×3,3.25,4.2,"[24.5, 58.90999733510954, 127.47021438319975]",1.3750002563142196,Speaker_Screw_1,5,3.0
Wheel_Buck_Insert_1,Load_Frame,FINE SL-M2×3,3.25,4.2,"[5.459000110626221, 10.541000366210938, 108.57480163574219]",1.3743451167895604,Wheel_Buck_Screw_1,5,3.0
Wheel_Buck_Insert_2,Load_Frame,FINE SL-M2×3,3.25,4.2,"[26.541000366210938, -10.541000366210938, 108.57480163574219]",1.3743446630801526,Wheel_Buck_Screw_2,5,3.0
