revision,board,reference,pin,net,xy_mm,component_side,view,status
V1.2-H0.5-P5R7,MORI_motion_P5R7,J1,1,/+5V_MOTION,"[58.5, 3.0]",F,Native numbered pads; mating cable observation must account for mirror,NOT_TESTED
V1.2-H0.5-P5R7,MORI_motion_P5R7,J1,2,/GND,"[60.5, 3.0]",F,Native numbered pads; mating cable observation must account for mirror,NOT_TESTED
V1.2-H0.5-P5R7,MORI_motion_P5R7,J2,1,/S288_BUS,"[51.0, 3.0]",F,Native numbered pads; mating cable observation must account for mirror,NOT_TESTED
V1.2-H0.5-P5R7,MORI_motion_P5R7,J2,2,/GND,"[53.0, 3.0]",F,Native numbered pads; mating cable observation must account for mirror,NOT_TESTED
V1.2-H0.5-P5R7,MORI_motion_P5R7,J3,1,/HEAD_BUS,"[62.0, 18.0]",F,Native numbered pads; mating cable observation must account for mirror,NOT_TESTED
V1.2-H0.5-P5R7,MORI_motion_P5R7,J3,2,/GND,"[64.0, 18.0]",F,Native numbered pads; mating cable observation must account for mirror,NOT_TESTED
V1.2-H0.5-P5R7,MORI_motion_P5R7,J3,3,unconnected-(J3-Pad3),"[66.0, 18.0]",F,Native numbered pads; mating cable observation must account for mirror,NOT_TESTED
V1.2-H0.5-P5R7,MORI_motion_P5R7,J4,1,/+3V3,"[50.5, 25.0]",F,Native numbered pads; mating cable observation must account for mirror,NOT_TESTED
V1.2-H0.5-P5R7,MORI_motion_P5R7,J4,2,/GND,"[52.5, 25.0]",F,Native numbered pads; mating cable observation must account for mirror,NOT_TESTED
V1.2-H0.5-P5R7,MORI_motion_P5R7,J4,3,/IMU_SCK,"[54.5, 25.0]",F,Native numbered pads; mating cable observation must account for mirror,NOT_TESTED
V1.2-H0.5-P5R7,MORI_motion_P5R7,J4,4,/IMU_MOSI,"[56.5, 25.0]",F,Native numbered pads; mating cable observation must account for mirror,NOT_TESTED
V1.2-H0.5-P5R7,MORI_motion_P5R7,J4,5,/IMU_MISO,"[58.5, 25.0]",F,Native numbered pads; mating cable observation must account for mirror,NOT_TESTED
V1.2-H0.5-P5R7,MORI_motion_P5R7,J4,6,/IMU_CS,"[60.5, 25.0]",F,Native numbered pads; mating cable observation must account for mirror,NOT_TESTED
V1.2-H0.5-P5R7,MORI_motion_P5R7,J4,7,/IMU_DRDY,"[62.5, 25.0]",F,Native numbered pads; mating cable observation must account for mirror,NOT_TESTED
V1.2-H0.5-P5R7,MORI_motion_P5R7,J4,8,/GND,"[64.5, 25.0]",F,Native numbered pads; mating cable observation must account for mirror,NOT_TESTED
V1.2-H0.5-P5R7,MORI_motion_P5R7,J5,1,/CAM_RX,"[50.5, 18.0]",F,Native numbered pads; mating cable observation must account for mirror,NOT_TESTED
V1.2-H0.5-P5R7,MORI_motion_P5R7,J5,2,/CAM_TX,"[52.5, 18.0]",F,Native numbered pads; mating cable observation must account for mirror,NOT_TESTED
V1.2-H0.5-P5R7,MORI_motion_P5R7,J5,3,/CAM_3V3,"[54.5, 18.0]",F,Native numbered pads; mating cable observation must account for mirror,NOT_TESTED
V1.2-H0.5-P5R7,MORI_motion_P5R7,J5,4,/GND,"[56.5, 18.0]",F,Native numbered pads; mating cable observation must account for mirror,NOT_TESTED
V1.2-H0.5-P5R7,MORI_motion_P5R7,J6,1,/USER_KEY_N,"[51.0, 31.3]",F,Native numbered pads; mating cable observation must account for mirror,NOT_TESTED
V1.2-H0.5-P5R7,MORI_motion_P5R7,J6,2,/GND,"[53.0, 31.3]",F,Native numbered pads; mating cable observation must account for mirror,NOT_TESTED
V1.2-H0.5-P5R7,MORI_motion_P5R7,J7,1,/+3V3,"[50.5, 10.0]",F,Native numbered pads; mating cable observation must account for mirror,NOT_TESTED
V1.2-H0.5-P5R7,MORI_motion_P5R7,J7,2,/ARM_Q,"[52.5, 10.0]",F,Native numbered pads; mating cable observation must account for mirror,NOT_TESTED
V1.2-H0.5-P5R7,MORI_motion_P5R7,J7,3,/FAULT_N,"[54.5, 10.0]",F,Native numbered pads; mating cable observation must account for mirror,NOT_TESTED
V1.2-H0.5-P5R7,MORI_motion_P5R7,J7,4,/CHG_N,"[56.5, 10.0]",F,Native numbered pads; mating cable observation must account for mirror,NOT_TESTED
V1.2-H0.5-P5R7,MORI_motion_P5R7,J7,5,/BAT_ADC_IN,"[58.5, 10.0]",F,Native numbered pads; mating cable observation must account for mirror,NOT_TESTED
V1.2-H0.5-P5R7,MORI_motion_P5R7,J7,6,/WHEEL_ADC_IN,"[60.5, 10.0]",F,Native numbered pads; mating cable observation must account for mirror,NOT_TESTED
V1.2-H0.5-P5R7,MORI_motion_P5R7,J7,7,/CURRENT_ADC_IN,"[62.5, 10.0]",F,Native numbered pads; mating cable observation must account for mirror,NOT_TESTED
V1.2-H0.5-P5R7,MORI_motion_P5R7,J7,8,/GND,"[64.5, 10.0]",F,Native numbered pads; mating cable observation must account for mirror,NOT_TESTED
V1.2-H0.5-P5R7,MORI_motion_P5R7,J8,1,/LOOP_3V3,"[58.5, 31.3]",F,Native numbered pads; mating cable observation must account for mirror,NOT_TESTED
V1.2-H0.5-P5R7,MORI_motion_P5R7,J8,2,/CLR_N,"[60.5, 31.3]",F,Native numbered pads; mating cable observation must account for mirror,NOT_TESTED
V1.2-H0.5-P5R6,MORI_imu_P5R4,J1,1,/+3V3,"[3.0, 3.5]",F,Native component-side pad number; mating cable view is mirrored,NOT_TESTED
V1.2-H0.5-P5R6,MORI_imu_P5R4,J1,2,/GND,"[5.0, 3.5]",F,Native component-side pad number; mating cable view is mirrored,NOT_TESTED
V1.2-H0.5-P5R6,MORI_imu_P5R4,J1,3,/SCK,"[7.0, 3.5]",F,Native component-side pad number; mating cable view is mirrored,NOT_TESTED
V1.2-H0.5-P5R6,MORI_imu_P5R4,J1,4,/MOSI,"[9.0, 3.5]",F,Native component-side pad number; mating cable view is mirrored,NOT_TESTED
V1.2-H0.5-P5R6,MORI_imu_P5R4,J1,5,/MISO,"[11.0, 3.5]",F,Native component-side pad number; mating cable view is mirrored,NOT_TESTED
V1.2-H0.5-P5R6,MORI_imu_P5R4,J1,6,/CS_N,"[13.0, 3.5]",F,Native component-side pad number; mating cable view is mirrored,NOT_TESTED
V1.2-H0.5-P5R6,MORI_imu_P5R4,J1,7,/DRDY,"[15.0, 3.5]",F,Native component-side pad number; mating cable view is mirrored,NOT_TESTED
V1.2-H0.5-P5R6,MORI_imu_P5R4,J1,8,/GND,"[17.0, 3.5]",F,Native component-side pad number; mating cable view is mirrored,NOT_TESTED
V1.2-H0.5-P5R6,MORI_power_P5R6,J1,1,/GND,"[9.0, 6.0]",F,Native numbered pads; mating cable observation must account for mirror,NOT_TESTED
V1.2-H0.5-P5R6,MORI_power_P5R6,J1,2,/PACK_FUSED,"[14.0, 6.0]",F,Native numbered pads; mating cable observation must account for mirror,NOT_TESTED
V1.2-H0.5-P5R6,MORI_power_P5R6,J10,1,/+3V3,"[44.5, 27.0]",F,Native numbered pads; mating cable observation must account for mirror,NOT_TESTED
V1.2-H0.5-P5R6,MORI_power_P5R6,J10,2,/ARM_Q,"[44.5, 29.0]",F,Native numbered pads; mating cable observation must account for mirror,NOT_TESTED
V1.2-H0.5-P5R6,MORI_power_P5R6,J10,3,/FAULT_N,"[44.5, 31.0]",F,Native numbered pads; mating cable observation must account for mirror,NOT_TESTED
V1.2-H0.5-P5R6,MORI_power_P5R6,J10,4,/CHG_N,"[44.5, 33.0]",F,Native numbered pads; mating cable observation must account for mirror,NOT_TESTED
V1.2-H0.5-P5R6,MORI_power_P5R6,J10,5,/BAT_ADC,"[44.5, 35.0]",F,Native numbered pads; mating cable observation must account for mirror,NOT_TESTED
V1.2-H0.5-P5R6,MORI_power_P5R6,J10,6,/WHEEL_ADC,"[44.5, 37.0]",F,Native numbered pads; mating cable observation must account for mirror,NOT_TESTED
V1.2-H0.5-P5R6,MORI_power_P5R6,J10,7,/CURRENT_ADC,"[44.5, 39.0]",F,Native numbered pads; mating cable observation must account for mirror,NOT_TESTED
V1.2-H0.5-P5R6,MORI_power_P5R6,J10,8,/GND,"[44.5, 41.0]",F,Native numbered pads; mating cable observation must account for mirror,NOT_TESTED
V1.2-H0.5-P5R6,MORI_power_P5R6,J11,1,/W_DUMP_D,"[61.0, 6.0]",F,Native numbered pads; mating cable observation must account for mirror,NOT_TESTED
V1.2-H0.5-P5R6,MORI_power_P5R6,J11,2,/W_VM,"[66.0, 6.0]",F,Native numbered pads; mating cable observation must account for mirror,NOT_TESTED
V1.2-H0.5-P5R6,MORI_power_P5R6,J12,1,/H_DUMP_D,"[65.0, 50.0]",F,Native numbered pads; mating cable observation must account for mirror,NOT_TESTED
V1.2-H0.5-P5R6,MORI_power_P5R6,J12,2,/H_VM,"[70.0, 50.0]",F,Native numbered pads; mating cable observation must account for mirror,NOT_TESTED
V1.2-H0.5-P5R6,MORI_power_P5R6,J13,1,/W_BUS,"[75.0, 34.0]",F,Native numbered pads; mating cable observation must account for mirror,NOT_TESTED
V1.2-H0.5-P5R6,MORI_power_P5R6,J13,2,/GND,"[75.0, 32.0]",F,Native numbered pads; mating cable observation must account for mirror,NOT_TESTED
V1.2-H0.5-P5R6,MORI_power_P5R6,J14,1,/H_BUS,"[75.0, 43.0]",F,Native numbered pads; mating cable observation must account for mirror,NOT_TESTED
V1.2-H0.5-P5R6,MORI_power_P5R6,J14,2,/GND,"[75.0, 41.0]",F,Native numbered pads; mating cable observation must account for mirror,NOT_TESTED
V1.2-H0.5-P5R6,MORI_power_P5R6,J14,3,unconnected-(J14-Pad3),"[75.0, 39.0]",F,Native numbered pads; mating cable observation must account for mirror,NOT_TESTED
V1.2-H0.5-P5R6,MORI_power_P5R6,J15,1,/CHG_N,"[4.5, 31.0]",F,Native numbered pads; mating cable observation must account for mirror,NOT_TESTED
V1.2-H0.5-P5R6,MORI_power_P5R6,J15,2,/GND,"[4.5, 29.0]",F,Native numbered pads; mating cable observation must account for mirror,NOT_TESTED
V1.2-H0.5-P5R6,MORI_power_P5R6,J16,1,/VBUS_CHARGE,"[4.5, 46.0]",F,Native numbered pads; mating cable observation must account for mirror,NOT_TESTED
V1.2-H0.5-P5R6,MORI_power_P5R6,J16,2,/GND,"[4.5, 44.0]",F,Native numbered pads; mating cable observation must account for mirror,NOT_TESTED
V1.2-H0.5-P5R6,MORI_power_P5R6,J17,1,/+5V_MOTION,"[4.5, 24.0]",F,Native numbered pads; mating cable observation must account for mirror,NOT_TESTED
V1.2-H0.5-P5R6,MORI_power_P5R6,J17,2,/GND,"[4.5, 22.0]",F,Native numbered pads; mating cable observation must account for mirror,NOT_TESTED
V1.2-H0.5-P5R6,MORI_power_P5R6,J18,1,/+5V_CAM,"[13.0, 50.0]",F,Native numbered pads; mating cable observation must account for mirror,NOT_TESTED
V1.2-H0.5-P5R6,MORI_power_P5R6,J18,2,/GND,"[15.5, 50.0]",F,Native numbered pads; mating cable observation must account for mirror,NOT_TESTED
V1.2-H0.5-P5R6,MORI_power_P5R6,J19,1,/MASTER_RETURN,"[4.5, 17.0]",F,Native numbered pads; mating cable observation must account for mirror,NOT_TESTED
V1.2-H0.5-P5R6,MORI_power_P5R6,J19,2,/GND,"[4.5, 15.0]",F,Native numbered pads; mating cable observation must account for mirror,NOT_TESTED
V1.2-H0.5-P5R6,MORI_power_P5R6,J2,1,/GND,"[22.0, 6.0]",F,Native numbered pads; mating cable observation must account for mirror,NOT_TESTED
V1.2-H0.5-P5R6,MORI_power_P5R6,J2,2,/BAT_MON,"[27.0, 6.0]",F,Native numbered pads; mating cable observation must account for mirror,NOT_TESTED
V1.2-H0.5-P5R6,MORI_power_P5R6,J3,1,/GND,"[35.0, 6.0]",F,Native numbered pads; mating cable observation must account for mirror,NOT_TESTED
V1.2-H0.5-P5R6,MORI_power_P5R6,J3,2,/W9_IN,"[40.0, 6.0]",F,Native numbered pads; mating cable observation must account for mirror,NOT_TESTED
V1.2-H0.5-P5R6,MORI_power_P5R6,J4,1,/GND,"[25.0, 50.0]",F,Native numbered pads; mating cable observation must account for mirror,NOT_TESTED
V1.2-H0.5-P5R6,MORI_power_P5R6,J4,2,/BAT_MON,"[30.0, 50.0]",F,Native numbered pads; mating cable observation must account for mirror,NOT_TESTED
V1.2-H0.5-P5R6,MORI_power_P5R6,J5,1,/GND,"[40.0, 50.0]",F,Native numbered pads; mating cable observation must account for mirror,NOT_TESTED
V1.2-H0.5-P5R6,MORI_power_P5R6,J5,2,/H6_IN,"[45.0, 50.0]",F,Native numbered pads; mating cable observation must account for mirror,NOT_TESTED
V1.2-H0.5-P5R6,MORI_power_P5R6,J6,1,/GND,"[48.0, 6.0]",F,Native numbered pads; mating cable observation must account for mirror,NOT_TESTED
V1.2-H0.5-P5R6,MORI_power_P5R6,J6,2,/BAT_MON,"[53.0, 6.0]",F,Native numbered pads; mating cable observation must account for mirror,NOT_TESTED
V1.2-H0.5-P5R6,MORI_power_P5R6,J7,1,/GND,"[75.0, 19.0]",F,Native numbered pads; mating cable observation must account for mirror,NOT_TESTED
V1.2-H0.5-P5R6,MORI_power_P5R6,J7,2,/W_VM,"[75.0, 16.5]",F,Native numbered pads; mating cable observation must account for mirror,NOT_TESTED
V1.2-H0.5-P5R6,MORI_power_P5R6,J7,3,/W_BUS,"[75.0, 14.0]",F,Native numbered pads; mating cable observation must account for mirror,NOT_TESTED
V1.2-H0.5-P5R6,MORI_power_P5R6,J8,1,/GND,"[63.0, 26.0]",F,Native numbered pads; mating cable observation must account for mirror,NOT_TESTED
V1.2-H0.5-P5R6,MORI_power_P5R6,J8,2,/W_VM,"[65.5, 26.0]",F,Native numbered pads; mating cable observation must account for mirror,NOT_TESTED
V1.2-H0.5-P5R6,MORI_power_P5R6,J8,3,/W_BUS,"[68.0, 26.0]",F,Native numbered pads; mating cable observation must account for mirror,NOT_TESTED
V1.2-H0.5-P5R6,MORI_power_P5R6,J9,1,/GND,"[64.0, 42.5]",F,Native numbered pads; mating cable observation must account for mirror,NOT_TESTED
V1.2-H0.5-P5R6,MORI_power_P5R6,J9,2,/H_VM,"[66.5, 42.5]",F,Native numbered pads; mating cable observation must account for mirror,NOT_TESTED
V1.2-H0.5-P5R6,MORI_power_P5R6,J9,3,/H_BUS,"[69.0, 42.5]",F,Native numbered pads; mating cable observation must account for mirror,NOT_TESTED
V1.2-H0.5-P5R6,MORI_power_P5R6,JP60,1,/M5_EN,"[5.0, 39.5]",F,Native numbered pads; mating cable observation must account for mirror,NOT_TESTED
V1.2-H0.5-P5R6,MORI_power_P5R6,JP60,2,/GND,"[2.46, 39.5]",F,Native numbered pads; mating cable observation must account for mirror,NOT_TESTED
V1.2-H0.5-P5R6,MORI_power_P5R6,JP70,1,/C5_EN,"[36.5, 44.5]",F,Native numbered pads; mating cable observation must account for mirror,NOT_TESTED
V1.2-H0.5-P5R6,MORI_power_P5R6,JP70,2,/GND,"[39.04, 44.5]",F,Native numbered pads; mating cable observation must account for mirror,NOT_TESTED
V1.2-H0.5-P5R7,MORI_rear_P5R7,J2,1,/VBUS_FUSED,"[19.0, 15.7]",B,Native numbered pads; mating cable observation must account for mirror,NOT_TESTED
V1.2-H0.5-P5R7,MORI_rear_P5R7,J2,2,/GND,"[19.0, 17.7]",B,Native numbered pads; mating cable observation must account for mirror,NOT_TESTED
V1.2-H0.5-P5R7,MORI_rear_P5R7,J2,3,/CC1,"[19.0, 19.7]",B,Native numbered pads; mating cable observation must account for mirror,NOT_TESTED
V1.2-H0.5-P5R7,MORI_rear_P5R7,J2,4,/CC2,"[19.0, 21.7]",B,Native numbered pads; mating cable observation must account for mirror,NOT_TESTED
V1.2-H0.5-P5R7,MORI_rear_P5R7,J2,5,/VBUS_RAW,"[19.0, 23.7]",B,Native numbered pads; mating cable observation must account for mirror,NOT_TESTED
V1.2-H0.5-P5R7,MORI_rear_P5R7,J3,1,/MASTER_RETURN,"[14.45, 21.2]",B,Native numbered pads; mating cable observation must account for mirror,NOT_TESTED
V1.2-H0.5-P5R7,MORI_rear_P5R7,J3,2,/GND,"[12.45, 21.2]",B,Native numbered pads; mating cable observation must account for mirror,NOT_TESTED
V1.2-H0.5-P5R7,MORI_rear_P5R7,J3,3,/LOOP_3V3,"[10.45, 21.2]",B,Native numbered pads; mating cable observation must account for mirror,NOT_TESTED
V1.2-H0.5-P5R7,MORI_rear_P5R7,J3,4,/CLR_N,"[8.45, 21.2]",B,Native numbered pads; mating cable observation must account for mirror,NOT_TESTED
V1.2-H0.5-P5R7,MORI_rear_P5R7,SW1,1,/MASTER_RETURN,"[9.5, 10.1]",F,Native numbered pads; mating cable observation must account for mirror,NOT_TESTED
V1.2-H0.5-P5R7,MORI_rear_P5R7,SW1,2,/GND,"[12.0, 10.1]",F,Native numbered pads; mating cable observation must account for mirror,NOT_TESTED
V1.2-H0.5-P5R7,MORI_rear_P5R7,SW1,3,unconnected-(SW1-B1-Pad3),"[14.5, 10.1]",F,Native numbered pads; mating cable observation must account for mirror,NOT_TESTED
V1.2-H0.5-P5R7,MORI_rear_P5R7,SW1,4,/LOOP_3V3,"[9.5, 15.7]",F,Native numbered pads; mating cable observation must account for mirror,NOT_TESTED
V1.2-H0.5-P5R7,MORI_rear_P5R7,SW1,5,/CLR_N,"[12.0, 15.7]",F,Native numbered pads; mating cable observation must account for mirror,NOT_TESTED
V1.2-H0.5-P5R7,MORI_rear_P5R7,SW1,6,unconnected-(SW1-B2-Pad6),"[14.5, 15.7]",F,Native numbered pads; mating cable observation must account for mirror,NOT_TESTED
V1.2-H0.5-P5R7,MORI_rear_P5R7,USB1,A1,/GND,"[8.75, 7.045]",B,Native numbered pads; mating cable observation must account for mirror,NOT_TESTED
V1.2-H0.5-P5R7,MORI_rear_P5R7,USB1,A4,/VBUS_RAW,"[9.55, 7.045]",B,Native numbered pads; mating cable observation must account for mirror,NOT_TESTED
V1.2-H0.5-P5R7,MORI_rear_P5R7,USB1,A5,/CC1,"[10.75, 7.045]",B,Native numbered pads; mating cable observation must account for mirror,NOT_TESTED
V1.2-H0.5-P5R7,MORI_rear_P5R7,USB1,A6,unconnected-(USB1-PadA6),"[11.75, 7.045]",B,Native numbered pads; mating cable observation must account for mirror,NOT_TESTED
V1.2-H0.5-P5R7,MORI_rear_P5R7,USB1,A7,unconnected-(USB1-PadA7),"[12.25, 7.045]",B,Native numbered pads; mating cable observation must account for mirror,NOT_TESTED
V1.2-H0.5-P5R7,MORI_rear_P5R7,USB1,A8,unconnected-(USB1-PadA8),"[13.25, 7.045]",B,Native numbered pads; mating cable observation must account for mirror,NOT_TESTED
V1.2-H0.5-P5R7,MORI_rear_P5R7,USB1,A9,/VBUS_RAW,"[14.45, 7.045]",B,Native numbered pads; mating cable observation must account for mirror,NOT_TESTED
V1.2-H0.5-P5R7,MORI_rear_P5R7,USB1,A12,/GND,"[15.25, 7.045]",B,Native numbered pads; mating cable observation must account for mirror,NOT_TESTED
V1.2-H0.5-P5R7,MORI_rear_P5R7,USB1,B1,/GND,"[15.25, 7.045]",B,Native numbered pads; mating cable observation must account for mirror,NOT_TESTED
V1.2-H0.5-P5R7,MORI_rear_P5R7,USB1,B4,/VBUS_RAW,"[14.45, 7.045]",B,Native numbered pads; mating cable observation must account for mirror,NOT_TESTED
V1.2-H0.5-P5R7,MORI_rear_P5R7,USB1,B5,/CC2,"[13.75, 7.045]",B,Native numbered pads; mating cable observation must account for mirror,NOT_TESTED
V1.2-H0.5-P5R7,MORI_rear_P5R7,USB1,B6,unconnected-(USB1-PadB6),"[12.75, 7.045]",B,Native numbered pads; mating cable observation must account for mirror,NOT_TESTED
V1.2-H0.5-P5R7,MORI_rear_P5R7,USB1,B7,unconnected-(USB1-PadB7),"[11.25, 7.045]",B,Native numbered pads; mating cable observation must account for mirror,NOT_TESTED
V1.2-H0.5-P5R7,MORI_rear_P5R7,USB1,B8,unconnected-(USB1-PadB8),"[10.25, 7.045]",B,Native numbered pads; mating cable observation must account for mirror,NOT_TESTED
V1.2-H0.5-P5R7,MORI_rear_P5R7,USB1,B9,/VBUS_RAW,"[9.55, 7.045]",B,Native numbered pads; mating cable observation must account for mirror,NOT_TESTED
V1.2-H0.5-P5R7,MORI_rear_P5R7,USB1,B12,/GND,"[8.75, 7.045]",B,Native numbered pads; mating cable observation must account for mirror,NOT_TESTED
V1.2-H0.5-P5R7,MORI_rear_P5R7,USB1,SH,/GND,"[7.68, 1.95]",B,Native numbered pads; mating cable observation must account for mirror,NOT_TESTED
V1.2-H0.5-P5R7,MORI_rear_P5R7,USB1,SH,/GND,"[7.68, 1.95]",B,Native numbered pads; mating cable observation must account for mirror,NOT_TESTED
V1.2-H0.5-P5R7,MORI_rear_P5R7,USB1,SH,/GND,"[7.68, 1.95]",B,Native numbered pads; mating cable observation must account for mirror,NOT_TESTED
V1.2-H0.5-P5R7,MORI_rear_P5R7,USB1,SH,/GND,"[7.68, 1.95]",B,Native numbered pads; mating cable observation must account for mirror,NOT_TESTED
