pin,vendor_connector,vendor_pin,signal,carrier_net,old_native_xy_mm,correct_native_xy_mm,world_xy_mm,STEP_correct_pose_pin_xy_mm,document_vs_STEP_error_mm,old_flipped_pose_xy_mm,flipped_pose_error_mm
A1,P1,1,,unconnected-(U100-A.1_VB-PadA1),"[7.37, 32.74]","[7.37, 32.74]","[-27.63, -59.24]","[-27.63012451940775, -59.23988441589475]",0.00016989634573426262,"[-27.63012451940775, -28.76011558410525]",30.4798844161491
A2,P1,2,,/GND,"[7.37, 30.2]","[7.37, 30.2]","[-27.63, -56.7]","[-27.63012462744117, -56.69988441678882]",0.00016997493285835657,"[-27.63012462744117, -31.30011558321118]",25.399884417094572
A3,P1,3,,unconnected-(U100-A.3_PC14-PadA3),"[9.91, 32.74]","[9.91, 32.74]","[-25.09, -59.24]","[-25.09012451657653, -59.23988430786133]",0.00016996778748078423,"[-25.09012451657653, -28.76011569213867]",30.479884308115672
A4,P1,4,,/USER_KEY_N,"[9.91, 30.2]","[9.91, 30.2]","[-25.09, -56.7]","[-25.09012462833524, -56.69988430503011]",0.00017005160394111752,"[-25.09012462833524, -31.30011569496989]",25.399884305335863
A5,P1,5,,/BAT_ADC,"[12.45, 32.74]","[12.45, 32.74]","[-22.55, -59.24]","[-22.5501245174706, -59.23988419610262]",0.00017004453279304924,"[-22.5501245174706, -28.760115803897378]",30.479884196356963
A6,P1,6,,unconnected-(U100-A.6_PC15-PadA6),"[12.45, 30.2]","[12.45, 30.2]","[-22.55, -56.7]","[-22.55012462922931, -56.69988419699669]",0.00017012577809908766,"[-22.55012462922931, -31.300115803003308]",25.399884197302452
A7,P1,7,,/CURRENT_ADC,"[14.99, 32.74]","[14.99, 32.74]","[-20.009999999999998, -59.24]","[-20.01012451836467, -59.23988408434391]",0.0001701213169094376,"[-20.01012451836467, -28.760115915656087]",30.47988408459826
A8,P1,8,,/WHEEL_ADC,"[14.99, 30.2]","[14.99, 30.2]","[-20.009999999999998, -56.7]","[-20.01012462639809, -56.69988408523798]",0.00017019979775285997,"[-20.01012462639809, -31.300115914762017]",25.399884085543732
A9,P1,9,,unconnected-(U100-A.9_PA0-PadA9),"[17.53, 32.74]","[17.53, 32.74]","[-17.47, -59.24]","[-17.47012451553345, -59.239883972585204]",0.00017019541431846188,"[-17.47012451553345, -28.760116027414796]",30.479883972839538
A10,P1,10,,unconnected-(U100-A.10_PC3-PadA10),"[17.53, 30.2]","[17.53, 30.2]","[-17.47, -56.7]","[-17.470124627292158, -56.699883973479274]",0.0001702765851882755,"[-17.470124627292158, -31.300116026520726]",25.399883973785023
A11,P1,11,,/HEAD_TX,"[20.07, 32.74]","[20.07, 32.74]","[-14.93, -59.24]","[-14.930124516427519, -59.239883860826495]",0.00017027227708853624,"[-14.930124516427519, -28.760116139173505]",30.479883861080836
A12,P1,12,,unconnected-(U100-A.12_PA1-PadA12),"[20.07, 30.2]","[20.07, 30.2]","[-14.93, -56.7]","[-14.930124628186228, -56.699883861720565]",0.00017035341133438567,"[-14.930124628186228, -31.300116138279435]",25.399883862026318
A13,P1,13,,/IMU_CS_M,"[22.61, 32.74]","[22.61, 32.74]","[-12.39, -59.24]","[-12.390124517321588, -59.239883749067786]",0.0001703491785023174,"[-12.390124517321588, -28.760116250932214]",30.479883749322127
A14,P1,14,,/HEAD_RX,"[22.61, 30.2]","[22.61, 30.2]","[-12.39, -56.7]","[-12.390124629080297, -56.699883749961856]",0.00017043027613884083,"[-12.390124629080297, -31.300116250038144]",25.399883750267616
A15,P1,15,,/IMU_MISO,"[25.15, 32.74]","[25.15, 32.74]","[-9.850000000000001, -59.24]","[-9.850124518215658, -59.23988364103437]",0.0001704235749941917,"[-9.850124518215658, -28.760116358965632]",30.479883641288716
A16,P1,16,,/IMU_SCK_M,"[25.15, 30.2]","[25.15, 30.2]","[-9.850000000000001, -56.7]","[-9.850124629974367, -56.69988363820315]",0.0001705071795493593,"[-9.850124629974367, -31.300116361796853]",25.39988363850891
A17,P1,17,,/CHG_N,"[27.69, 32.74]","[27.69, 32.74]","[-7.309999999999999, -59.24]","[-7.310124519109728, -59.23988352927566]",0.00017050055224764247,"[-7.310124519109728, -28.76011647072434]",30.479883529530007
A18,P1,18,,/IMU_MOSI_M,"[27.69, 30.2]","[27.69, 30.2]","[-7.309999999999999, -56.7]","[-7.310124627143146, -56.69988352644444]",0.0001705813997921324,"[-7.310124627143146, -31.300116473555562]",25.399883526750187
A19,P1,19,,/IMU_DRDY,"[30.23, 32.74]","[30.23, 32.74]","[-4.77, -59.24]","[-4.770124516278507, -59.23988341751695]",0.00017057484857969774,"[-4.770124516278507, -28.76011658248305]",30.47988341777129
A20,P1,20,,/ARM_FEEDBACK,"[30.23, 30.2]","[30.23, 30.2]","[-4.77, -56.7]","[-4.770124628037216, -56.69988341841102]",0.00017065583655512286,"[-4.770124628037216, -31.30011658158898]",25.399883418716772
A21,P1,21,,unconnected-(U100-A.21_PB2-PadA21),"[32.77, 32.74]","[32.77, 32.74]","[-2.229999999999997, -59.24]","[-2.2301245171725768, -59.23988330575824]",0.00017065190396684473,"[-2.2301245171725768, -28.76011669424176]",30.47988330601258
A22,P1,22,,unconnected-(U100-A.22_PB1-PadA22),"[32.77, 30.2]","[32.77, 30.2]","[-2.229999999999997, -56.7]","[-2.2301246289312857, -56.69988330665231]",0.0001707328553906716,"[-2.2301246289312857, -31.30011669334769]",25.39988330695807
A23,P1,23,,unconnected-(U100-A.23_PB11_NC_VCAP-PadA23),"[35.31, 32.74]","[35.31, 32.74]","[0.3100000000000023, -59.24]","[0.30987548193335357, -59.23988319772482]",0.0001707264490614172,"[0.30987548193335357, -28.760116802275178]",30.47988319797917
A24,P1,24,,unconnected-(U100-A.24_PB10-PadA24),"[35.31, 30.2]","[35.31, 30.2]","[0.3100000000000023, -56.7]","[0.3098753738999349, -56.6998831948936]",0.0001708071945189241,"[0.3098753738999349, -31.3001168051064]",25.399883195199344
B1,P2,1,,unconnected-(U100-B.1_PB9-PadB1),"[7.37, 4.8]","[7.37, 4.8]","[-27.63, -31.3]","[-27.63012451940775, -31.29987434509397]",0.00017690177590080674,"[-27.63012451940775, -56.70012565490603]",25.400125655211248
B2,P2,2,,/GND,"[7.37, 2.26]","[7.37, 2.26]","[-27.63, -28.759999999999998]","[-27.63012462744117, -28.759874345988038]",0.00017697720139705914,"[-27.63012462744117, -59.24012565401196]",30.48012565426675
B3,P2,3,,/ARM_CLK,"[9.91, 4.8]","[9.91, 4.8]","[-25.09, -31.3]","[-25.09012451657653, -31.29987423706055]",0.0001769765373437674,"[-25.09012451657653, -56.70012576293945]",25.40012576324465
B4,P2,4,,/CLR_N,"[9.91, 2.26]","[9.91, 2.26]","[-25.09, -28.759999999999998]","[-25.09012462833524, -28.75987423422933]",0.00017705719701967753,"[-25.09012462833524, -59.24012576577067]",30.480125766025466
B5,P2,5,,/S288_OE_REQ_N,"[12.45, 4.8]","[12.45, 4.8]","[-22.55, -31.3]","[-22.5501245174706, -31.29987412530184]",0.00017705660146198979,"[-22.5501245174706, -56.70012587469816]",25.400125875003365
B6,P2,6,,/HEAD_OE_REQ_N,"[12.45, 2.26]","[12.45, 2.26]","[-22.55, -28.759999999999998]","[-22.55012462922931, -28.75987412619591]",0.00017713457977879752,"[-22.55012462922931, -59.24012587380409]",30.480125874058885
B7,P2,7,,/FAULT_N,"[14.99, 4.8]","[14.99, 4.8]","[-20.009999999999998, -31.3]","[-20.01012451836467, -31.299874013543132]",0.00017713669990956525,"[-20.01012451836467, -56.70012598645687]",25.40012598676208
B8,P2,8,,unconnected-(U100-B.8_PB4-PadB8),"[14.99, 2.26]","[14.99, 2.26]","[-20.009999999999998, -28.759999999999998]","[-20.01012462639809, -28.7598740144372]",0.00017721202310817238,"[-20.01012462639809, -59.2401259855628]",30.480125985817587
B9,P2,9,,unconnected-(U100-B.9_PC12-PadB9),"[17.53, 4.8]","[17.53, 4.8]","[-17.47, -31.3]","[-17.47012451553345, -31.299873901784423]",0.00017721421512471728,"[-17.47012451553345, -56.70012609821558]",25.400126098520772
B10,P2,10,,unconnected-(U100-B.10_PD2-PadB10),"[17.53, 2.26]","[17.53, 2.26]","[-17.47, -28.759999999999998]","[-17.470124627292158, -28.759873902678493]",0.00017729212177009673,"[-17.470124627292158, -59.24012609732151]",30.480126097576296
B11,P2,11,,unconnected-(U100-B.11_PC10-PadB11),"[20.07, 4.8]","[20.07, 4.8]","[-14.93, -31.3]","[-14.930124516427519, -31.299873790025714]",0.0001772943832487046,"[-14.930124516427519, -56.700126209974286]",25.400126210279485
B12,P2,12,,unconnected-(U100-B.12_PC11-PadB12),"[20.07, 2.26]","[20.07, 2.26]","[-14.93, -28.759999999999998]","[-14.930124628186228, -28.759873790919784]",0.00017737225468209786,"[-14.930124628186228, -59.240126209080216]",30.480126209335012
B13,P2,13,,unconnected-(U100-B.13_PA12-PadB13),"[22.61, 4.8]","[22.61, 4.8]","[-12.39, -31.3]","[-12.390124517321588, -31.299873678267005]",0.00017737458555955608,"[-12.390124517321588, -56.700126321732995]",25.4001263220382
B14,P2,14,,unconnected-(U100-B.14_PA15-PadB14),"[22.61, 2.26]","[22.61, 2.26]","[-12.39, -28.759999999999998]","[-12.390124629080297, -28.759873679161075]",0.00017745242179777635,"[-12.390124629080297, -59.240126320838925]",30.48012632109372
B15,P2,15,,/S288_RX,"[25.15, 4.8]","[25.15, 4.8]","[-9.850000000000001, -31.3]","[-9.850124518215658, -31.299873570233586]",0.0001774521678252607,"[-9.850124518215658, -56.700126429766414]",25.400126430071627
B16,P2,16,,unconnected-(U100-B.16_PA11-PadB16),"[25.15, 2.26]","[25.15, 2.26]","[-9.850000000000001, -28.759999999999998]","[-9.850124629974367, -28.759873567402366]",0.0001775326230707969,"[-9.850124629974367, -59.240126432597634]",30.480126432852437
B17,P2,17,,unconnected-(U100-B.17_PA8-PadB17),"[27.69, 4.8]","[27.69, 4.8]","[-7.309999999999999, -31.3]","[-7.310124519109728, -31.299873458474877]",0.00017753243722830276,"[-7.310124519109728, -56.70012654152512]",25.400126541830335
B18,P2,18,,/S288_TX,"[27.69, 2.26]","[27.69, 2.26]","[-7.309999999999999, -28.759999999999998]","[-7.310124627143146, -28.759873455643657]",0.00017761024444256957,"[-7.310124627143146, -59.24012654435634]",30.48012654461113
B19,P2,19,,unconnected-(U100-B.19_PC8-PadB19),"[30.23, 4.8]","[30.23, 4.8]","[-4.77, -31.3]","[-4.770124516278507, -31.29987334671617]",0.00017761012898718254,"[-4.770124516278507, -56.70012665328383]",25.40012665358903
B20,P2,20,,unconnected-(U100-B.20_PC9-PadB20),"[30.23, 2.26]","[30.23, 2.26]","[-4.77, -28.759999999999998]","[-4.770124628037216, -28.759873347610238]",0.00017768785972121948,"[-4.770124628037216, -59.24012665238976]",30.480126652644557
B21,P2,21,,/LINK_TX,"[32.77, 4.8]","[32.77, 4.8]","[-2.229999999999997, -31.3]","[-2.2301245171725768, -31.29987323495746]",0.00017769046760519427,"[-2.2301245171725768, -56.70012676504254]",25.400126765347746
B22,P2,22,,/LINK_RX,"[32.77, 2.26]","[32.77, 2.26]","[-2.229999999999997, -28.759999999999998]","[-2.2301246289312857, -28.75987323585153]",0.00017776816321044876,"[-2.2301246289312857, -59.24012676414847]",30.480126764403266
B23,P2,23,,unconnected-(U100-B.23_PB14-PadB23),"[35.31, 4.8]","[35.31, 4.8]","[0.3100000000000023, -31.3]","[0.30987548193335357, -31.29987312692404]",0.00017776818142017936,"[0.30987548193335357, -56.70012687307596]",25.400126873381165
B24,P2,24,,unconnected-(U100-B.24_PB15-PadB24),"[35.31, 2.26]","[35.31, 2.26]","[0.3100000000000023, -28.759999999999998]","[0.3098753738999349, -28.75987312409282]",0.00017784589014136973,"[0.3098753738999349, -59.24012687590718]",30.48012687616196
C1,P3,1,,/+3V3,"[37.85, 32.74]","[37.85, 32.74]","[2.8500000000000014, -59.24]","[2.8498785320520383, -59.23987628731132]",0.000173376156733451,"[2.8498785320520383, -28.76012371268868]",30.479876287553353
C2,P3,2,,/GND,"[37.85, 30.2]","[37.85, 30.2]","[2.8500000000000014, -56.7]","[2.8498784240186197, -56.69987628820539]",0.00017345122477433576,"[2.8498784240186197, -31.300123711794612]",25.399876288496348
C3,P3,3,,/+3V3,"[40.39, 32.74]","[40.39, 32.74]","[5.390000000000001, -59.24]","[5.389878534883259, -59.2398761792779]",0.00017345127790520856,"[5.389878534883259, -28.7601238207221]",30.479876179519923
C4,P3,4,,/GND,"[40.39, 30.2]","[40.39, 30.2]","[5.390000000000001, -56.7]","[5.38987842312455, -56.69987617644668]",0.0001735315792644403,"[5.38987842312455, -31.30012382355332]",25.399876176737646
C5,P3,5,,/+3V3,"[42.93, 32.74]","[42.93, 32.74]","[7.93, -59.24]","[7.929878533989189, -59.23987606751919]",0.0001735317019515252,"[7.929878533989189, -28.76012393248081]",30.479876067761218
C6,P3,6,,/GND,"[42.93, 30.2]","[42.93, 30.2]","[7.93, -56.7]","[7.929878425955771, -56.69987606841326]",0.00017360670039683068,"[7.929878425955771, -31.30012393158674]",25.399876068704216
D1,P4,1,,unconnected-(U100-D.1_PB12-PadD1),"[37.85, 4.8]","[37.85, 4.8]","[2.8500000000000014, -31.3]","[2.8498785320520383, -31.29987384590507]",0.00017512657722495862,"[2.8498785320520383, -56.70012615409493]",25.400126154385372
D2,P4,2,,unconnected-(U100-D.2_PB13-PadD2),"[37.85, 2.26]","[37.85, 2.26]","[2.8500000000000014, -28.759999999999998]","[2.8498784240186197, -28.759873846799138]",0.00017520088280633064,"[2.8498784240186197, -59.24012615320086]",30.480126153443326
D3,P4,3,,/+5V_MOTION,"[40.39, 4.8]","[40.39, 4.8]","[5.390000000000001, -31.3]","[5.389878534883259, -31.29987373787165]",0.00017520245329544868,"[5.389878534883259, -56.70012626212835]",25.400126262418773
D4,P4,4,,/+5V_MOTION,"[40.39, 2.26]","[40.39, 2.26]","[5.390000000000001, -28.759999999999998]","[5.38987842312455, -28.75987373504043]",0.00017528199182811438,"[5.38987842312455, -59.24012626495957]",30.480126265202042
D5,P4,5,,/GND,"[42.93, 4.8]","[42.93, 4.8]","[7.93, -31.3]","[7.929878533989189, -31.29987362611294]",0.00017528363047588822,"[7.929878533989189, -56.70012637388706]",25.40012637417749
D6,P4,6,,/GND,"[42.93, 2.26]","[42.93, 2.26]","[7.93, -28.759999999999998]","[7.929878425955771, -28.75987362700701]",0.0001753578671939795,"[7.929878425955771, -59.24012637299299]",30.480126373235446
E1,P5,1,GND,unconnected-(U100-E.1_GND-PadE1),"[32.39, 19.28]","[34.93, 19.28]","[-0.07000000000000028, -45.78]","[-0.06691937038302598, -45.77791892203689]",0.003717682655301486,"[-0.06691937038302598, -42.22208107796311]",3.5579202557206067
E2,P5,2,GND,unconnected-(U100-E.2_GND-PadE2),"[34.93, 19.28]","[37.47, 19.28]","[2.469999999999999, -45.78]","[2.4730806324481946, -45.777918478727344]",0.0037179331744132235,"[2.4730806324481946, -42.222081521272656]",3.5579198124136786
E3,P5,3,PA10,unconnected-(U100-E.3_PA10-PadE3),"[32.39, 21.82]","[34.93, 21.82]","[-0.07000000000000028, -48.32]","[-0.06691892334819016, -48.31791892114282]",0.0037180535961890532,"[-0.06691892334819016, -39.68208107885718]",8.637919470640512
E4,P5,4,PA14/SWCLK,unconnected-(U100-E.4_PA14_SWCLK-PadE4),"[34.93, 21.82]","[37.47, 21.82]","[2.469999999999999, -48.32]","[2.47308107575774, -48.317918481558564]",0.0037182989184544202,"[2.47308107575774, -39.682081518441436]",8.637919031055965
E5,P5,5,PA9,unconnected-(U100-E.5_PA9-PadE5),"[32.39, 24.36]","[34.93, 24.36]","[-0.07000000000000028, -50.86]","[-0.06691847631335435, -50.85791892024875]",0.0037184245538159143,"[-0.06691847631335435, -37.14208107975125]",13.717919266357665
E6,P5,6,PA13/SWDIO,unconnected-(U100-E.6_PA13_SWDIO-PadE6),"[34.93, 24.36]","[37.47, 24.36]","[2.469999999999999, -50.86]","[2.473081522792576, -50.857918480664495]",0.0037186698516072543,"[2.473081522792576, -37.142081519335505]",13.717918826773223
E7,P5,7,NRST,/NRST,"[32.39, 26.9]","[34.93, 26.9]","[-0.07000000000000028, -53.4]","[-0.06691803672909913, -53.39791891935468]",0.0037187893534728067,"[-0.06691803672909913, -34.60208108064532]",18.79791917200226
E8,P5,8,3V3,unconnected-(U100-E.8_3V3-PadE8),"[34.93, 26.9]","[37.47, 26.9]","[2.469999999999999, -53.4]","[2.473081962376831, -53.397918479770425]",0.0037190346272029154,"[2.473081962376831, -34.602081520229575]",18.797918732417866
