insert_id,host,catalogue,pilot_diameter_mm,blind_depth_mm,min_pilot_wall_mm,blind_end_wall_mm,screw,screw_length_mm,thread_engagement_mm,entry_screen
Battery_Retainer_Insert_-1,Battery_Tray,FINE SL-M2×3,3.25,4.2,3.375000006341125,2.400001525878908,Battery_Retainer_Screw_-1,6,3.0,PASS
Battery_Retainer_Insert_1,Battery_Tray,FINE SL-M2×3,3.25,4.2,3.375000006341125,2.400001525878908,Battery_Retainer_Screw_1,6,3.0,PASS
CAM_Mount_Insert_0,Pitch_Cradle,FINE SL-M2×3,3.25,4.2,1.374999523162842,5.959999084472655,CAM_Mount_Screw_0,5,3.0,PASS
CAM_Mount_Insert_1,Pitch_Cradle,FINE SL-M2×3,3.25,4.2,1.374999523162842,5.959999084472655,CAM_Mount_Screw_1,5,3.0,PASS
CAM_Mount_Insert_2,Pitch_Cradle,FINE SL-M2×3,3.25,4.2,1.374999523162842,5.959999084472655,CAM_Mount_Screw_2,5,3.0,PASS
CAM_Mount_Insert_3,Pitch_Cradle,FINE SL-M2×3,3.25,4.2,1.374999523162842,5.959999084472655,CAM_Mount_Screw_3,5,3.0,PASS
Carrier_Insert_0,Load_Frame,FINE SL-M2×3,3.25,4.2,1.571572195647676,5.799995422363276,Carrier_Screw_0,5,3.0,PASS
Carrier_Insert_1,Load_Frame,FINE SL-M2×3,3.25,4.2,1.571572195647676,5.799995422363276,Carrier_Screw_1,5,3.0,PASS
Carrier_Insert_2,Load_Frame,FINE SL-M2×3,3.25,4.2,1.571572195647676,5.799995422363276,Carrier_Screw_2,5,3.0,PASS
Carrier_Insert_3,Load_Frame,FINE SL-M2×3,3.25,4.2,1.571572195647676,5.799995422363276,Carrier_Screw_3,5,3.0,PASS
Frame_Insert_0,Body_Upper,FINE SL-M3×4,4.05,5.2,3.6688944381830795,1.3500061035156201,Frame_Screw_0,existing nominal,3.8,PASS
Frame_Insert_1,Body_Upper,FINE SL-M3×4,4.05,5.2,3.6688944381830795,1.3500061035156201,Frame_Screw_1,existing nominal,3.8,PASS
Frame_Insert_2,Body_Upper,FINE SL-M3×4,4.05,5.2,3.6688944381830795,1.3500061035156201,Frame_Screw_2,existing nominal,3.8,PASS
Frame_Insert_3,Body_Upper,FINE SL-M3×4,4.05,5.2,3.6688944381830795,1.3500061035156201,Frame_Screw_3,existing nominal,3.8,PASS
Head_Buck_Insert_0,Load_Frame,FINE SL-M2×3,3.25,4.2,1.3743449987513716,2.7999954223632764,Head_Buck_Screw_0,4,2.7839981079101532,PASS
Head_Buck_Insert_1,Load_Frame,FINE SL-M2×3,3.25,4.2,1.3743451834611622,2.7999954223632764,Head_Buck_Screw_1,4,2.7839981079101532,PASS
Head_Cradle_Insert_-1,Pitch_Cradle,FINE SL-M2×3,3.25,4.4,1.375,1.4999847412109466,Head_Cradle_Screw_-1,12,3.0,PASS
Head_Cradle_Insert_1,Pitch_Cradle,FINE SL-M2×3,3.25,4.4,1.375,1.4999847412109466,Head_Cradle_Screw_1,12,3.0,PASS
Head_Seam_Insert_-1,Head_Front,FINE SL-M2×3,3.25,4.2,1.661059231061749,1.199999809265137,Head_Seam_Screw_-1,16,3.0,PASS
Head_Seam_Insert_1,Head_Front,FINE SL-M2×3,3.25,4.2,1.6610406149753236,1.199999809265137,Head_Seam_Screw_1,16,3.0,PASS
IMU_Insert_0,Load_Frame,FINE SL-M2×3,3.25,4.2,1.6714650020635808,2.4000015258789014,IMU_Screw_0,6,3.0,PASS
IMU_Insert_1,Load_Frame,FINE SL-M2×3,3.25,4.2,1.671465002060366,2.4000015258789014,IMU_Screw_1,6,3.0,PASS
Power_Board_H2_Insert,Load_Frame,FINE SL-M2×3,3.25,4.2,1.374343626581584,4.300003051757807,Power_Board_H2_Screw,5,3.0,PASS
Power_Board_H3_Insert,Load_Frame,FINE SL-M2×3,3.25,4.2,1.374343626581584,4.300003051757807,Power_Board_H3_Screw,5,3.0,PASS
Rear_Interface_Insert_0,Body_Upper,FINE SL-M2×3,3.25,4.2,1.375,1.7999954223632764,Rear_Interface_Screw_0,5,3.0,PASS
Rear_Interface_Insert_1,Body_Upper,FINE SL-M2×3,3.25,4.2,1.375,1.7999954223632764,Rear_Interface_Screw_1,5,3.0,PASS
Shell_Insert_0,Body_Upper,FINE SL-M3×4,4.05,5.2,3.6688944381830795,1.1999969482421826,Shell_Screw_0,existing nominal,4.0,PASS
Shell_Insert_1,Body_Upper,FINE SL-M3×4,4.05,5.2,3.6688944381830795,1.1999969482421826,Shell_Screw_1,existing nominal,4.0,PASS
Shell_Insert_2,Body_Upper,FINE SL-M3×4,4.05,5.2,3.6688944381830795,1.1999969482421826,Shell_Screw_2,existing nominal,4.0,PASS
Shell_Insert_3,Body_Upper,FINE SL-M3×4,4.05,5.2,3.6688944381830795,1.1999969482421826,Shell_Screw_3,existing nominal,4.0,PASS
Speaker_Insert_-1,Body_Upper,FINE SL-M2×3,3.25,4.2,1.3750002563103332,6.996443408907301,Speaker_Screw_-1,5,3.0,PASS
Speaker_Insert_1,Body_Upper,FINE SL-M2×3,3.25,4.2,1.3750002563142196,6.996349028661538,Speaker_Screw_1,5,3.0,PASS
Wheel_Buck_Insert_1,Load_Frame,FINE SL-M2×3,3.25,4.2,1.3743451167895604,2.2251968383789014,Wheel_Buck_Screw_1,5,3.0,PASS
Wheel_Buck_Insert_2,Load_Frame,FINE SL-M2×3,3.25,4.2,1.3743446630801526,2.2251968383789014,Wheel_Buck_Screw_2,5,3.0,PASS
