uuid,net,layer,a,z,width,length,flags
2f874599-135b-428b-af30-bd97ff377280,/S288_BUS,F.Cu,"(48.2, 0.7)","(50.500001, 0.7)",0.2,2.3000009999999946,['C0001']
41a12201-a182-414f-828a-9068c202cb84,/S288_BUS,F.Cu,"(32.6136, 0.7112)","(31.394399, 1.9304)",0.2,1.7242098823522023,[]
615f31ad-95fe-41eb-ae51-321e16fd07b8,/S288_BUS,F.Cu,"(31.394399, 1.9304)","(31.394399, 6.7056)",0.2,4.7752,[]
c9f5c376-cecb-49b6-a1c4-31cf905a9254,/S288_BUS,F.Cu,"(50.500001, 0.7)","(51.0, 1.199999)",0.2,0.707105366972987,[]
caf3e5a9-156f-4342-b329-0b4a30cc6887,/S288_BUS,F.Cu,"(48.1584, 0.7112)","(32.6136, 0.7112)",0.2,15.544800000000002,['C0001']
de28146a-f39f-4953-bf6f-39ab91ba1d5f,/S288_BUS,F.Cu,"(51.0, 1.199999)","(51.0, 3.0)",0.2,1.800001,[]
40364f92-c1cb-49de-bc12-31879f84530a,/S288_BUS,B.Cu,"(31.394399, 6.7056)","(29.8704, 8.2296)",0.2,2.1552607619499318,[]
c5c91145-1c67-4ba6-ac1d-b95166d9adb2,/S288_BUS,B.Cu,"(31.394399, 6.7056)","(33.1216, 8.4328)",0.2,2.4426303720376947,[]
05fdf506-0026-4237-8ef7-dafd1ad93a84,/GND,B.Cu,"(7.225, 21.0058)","(6.0198, 21.0058)",0.2,1.2051999999999996,[]
09ea0d45-b661-47d0-802b-0fd39853438e,/GND,B.Cu,"(25.025, 22.75)","(26.4668, 22.75)",0.2,1.4418000000000006,[]
1737a38a-0f91-4609-8d86-63b763a2edc9,/GND,B.Cu,"(20.25, 26.257399)","(19.659599, 26.8478)",0.2,0.8349531014386377,[]
2a6377d2-8860-4e6f-b38b-070cbe48632a,/GND,B.Cu,"(18.25, 13.05)","(18.25, 13.6)",0.2,0.5499999999999989,[]
3e35c2b0-c453-470b-8e7b-c6944598d317,/GND,B.Cu,"(36.95, 10.25)","(36.1696, 11.0304)",0.2,1.1036522640759638,['C0003']
63d33f90-a277-4423-be35-3c4a2a3b6f82,/GND,B.Cu,"(20.25, 25.05)","(20.25, 26.257399)",0.2,1.2073989999999988,[]
6776a79e-7181-4e4b-a2ee-192246332551,/GND,B.Cu,"(44.875, 9.0)","(43.8, 9.0)",0.2,1.0750000000000028,[]
699a09d0-c47f-4489-b8eb-ee75dd1e3fc8,/GND,B.Cu,"(12.325, 21.0058)","(13.512799, 21.0058)",0.2,1.187799,[]
6b344e2a-08e8-45cb-a76a-61b32b95643d,/GND,B.Cu,"(45.5, 8.375)","(44.875, 9.0)",0.2,0.8838834764831844,[]
6b66a954-6c5b-4d83-8646-1c296211791a,/GND,B.Cu,"(43.275, 11.9888)","(44.4754, 11.9888)",0.2,1.200400000000002,[]
79acebe8-c0f6-4c2a-b3e3-d87e05d351d3,/GND,B.Cu,"(12.675, 27.6)","(13.275, 27.0)",0.2,0.8485281374238578,[]
8e779b4e-f4a5-40f7-bbd4-2e702db916cf,/GND,B.Cu,"(8.775, 15.0114)","(9.982199, 15.0114)",0.2,1.2071989999999992,[]
b485bbfa-1db1-45a0-8622-c45988fda97b,/GND,B.Cu,"(8.9375, 17.0434)","(10.3886, 17.0434)",0.2,1.4511000000000003,[]
bb4b8cbb-5f3d-4ba6-9b81-e648f01f4450,/GND,B.Cu,"(6.175, 10.2616)","(4.9784, 10.2616)",0.2,1.1966,[]
c16857bc-0a30-408a-9b36-cb8fa36103f1,/GND,B.Cu,"(37.45, 10.25)","(36.95, 10.25)",0.2,0.5,[]
d2717f4f-a9d3-46ef-af2a-e3b0649e9e8a,/GND,B.Cu,"(29.55, 9.25)","(30.7384, 9.25)",0.2,1.188399999999998,[]
d29f1574-332e-4019-b13f-1cc86f7ffd74,/GND,B.Cu,"(30.7384, 9.25)","(31.3436, 9.8552)",0.2,0.8558820479481971,[]
de49b9a2-c6d3-42d1-8ecd-12b52d702065,/GND,B.Cu,"(15.275, 10.2616)","(16.4846, 10.2616)",0.2,1.2096,[]
e16e74f2-bc30-4852-845c-91e52da60fb3,/GND,B.Cu,"(18.25, 13.6)","(17.5514, 14.2986)",0.2,0.9879695946738439,[]
e530f3ad-5b87-4250-a5c3-7d79abe1ad55,/GND,B.Cu,"(36.1696, 11.0304)","(36.1696, 11.0744)",0.2,0.04400000000000048,"['C0002', 'C0003']"
e5dd42f6-3d1d-4b9a-bc4b-42840e2b0cbf,/GND,B.Cu,"(21.2598, 21.95)","(21.2598, 20.7518)",0.2,1.1982,[]
e67667b5-2d2b-44ab-a9ae-d6760f50c7dd,/GND,B.Cu,"(19.175, 27.6)","(18.575, 27.0)",0.2,0.8485281374238591,[]
edc4821d-aac5-4d29-bdf8-a271de0aacb5,/GND,B.Cu,"(25.8522, 8.25)","(25.2476, 7.645399)",0.2,0.8550342269178476,[]
f0211365-cebd-48df-98ef-ca57a04705b7,/GND,B.Cu,"(42.4942, 8.475)","(42.4942, 7.264399)",0.2,1.2106009999999996,[]
fab39e18-4189-4fa3-b342-5f4611512e1b,/GND,B.Cu,"(26.45, 8.25)","(25.8522, 8.25)",0.2,0.5977999999999994,[]
fbc6b60b-16e4-49b1-88f1-25ff8317fc7c,/GND,B.Cu,"(15.775, 27.6)","(15.175, 27.0)",0.2,0.8485281374238578,[]
0850e49c-ebb6-440c-b42f-b809905ae07c,/USER_KEY_N,F.Cu,"(46.736, 30.6832)","(46.228, 30.6832)",0.2,0.5079999999999956,[]
3c837259-1469-44de-a112-b4014490daf7,/USER_KEY_N,F.Cu,"(50.4, 29.0)","(48.5, 29.0)",0.2,1.8999999999999986,['C0004']
7a7fb289-f78e-45e7-9889-7654dbd6a8e6,/USER_KEY_N,F.Cu,"(51.0, 31.3)","(51.0, 29.6)",0.2,1.6999999999999993,[]
836a810b-ef7d-4769-86d3-024572c08a8e,/USER_KEY_N,F.Cu,"(33.8328, 28.1432)","(30.581599, 28.1432)",0.2,3.2512009999999982,[]
b8453239-4ed2-44be-a8cc-fff3aa8b9c79,/USER_KEY_N,F.Cu,"(48.4632, 28.956)","(46.736, 30.6832)",0.2,2.442629664930812,['C0004']
fd50ad39-c4ce-45d3-85d5-7005d9020772,/USER_KEY_N,F.Cu,"(51.0, 29.6)","(50.4, 29.0)",0.2,0.8485281374238591,[]
244e7ad1-e56a-45c5-a742-c2970007f09c,/USER_KEY_N,B.Cu,"(23.7744, 33.2232)","(22.6568, 34.3408)",0.2,1.5805250773081727,[]
4031c07e-3892-45d5-b999-ee32167cb644,/USER_KEY_N,B.Cu,"(24.6888, 31.496)","(23.7744, 32.410399)",0.2,1.2931561743273703,[]
44d971d0-73a0-4365-9b48-36c2bf6c85fb,/USER_KEY_N,B.Cu,"(46.228, 30.6832)","(45.1104, 30.6832)",0.2,1.117600000000003,[]
4bcbbc41-cbd1-4763-a0b2-15ec9f186cb8,/USER_KEY_N,B.Cu,"(11.9888, 34.3408)","(11.074399, 33.4264)",0.2,1.2931575885409328,[]
667fd554-d059-429c-95e0-c7e82b7d4b3a,/USER_KEY_N,B.Cu,"(11.074399, 33.4264)","(11.074399, 32.003999)",0.2,1.4224010000000007,[]
70ea7e6f-ddf8-4239-b82a-199530fb206d,/USER_KEY_N,B.Cu,"(45.1104, 30.6832)","(42.5704, 28.1432)",0.2,3.5921024484276605,[]
7cd495d6-75a0-4f84-b261-4de9d17c9b23,/USER_KEY_N,B.Cu,"(22.6568, 34.3408)","(11.9888, 34.3408)",0.2,10.668000000000001,[]
a37c0278-5b68-4056-b943-0134415744a0,/USER_KEY_N,B.Cu,"(28.0416, 31.496)","(24.6888, 31.496)",0.2,3.3527999999999984,[]
be08559a-0956-428b-9cf7-1a4dff2d4620,/USER_KEY_N,B.Cu,"(11.074399, 32.003999)","(9.9568, 30.8864)",0.2,1.5805236630946105,[]
c8964d8d-4ff8-4164-8f93-0f28d132fea8,/USER_KEY_N,B.Cu,"(28.8544, 29.8704)","(28.8544, 30.6832)",0.2,0.8127999999999993,[]
cd8e54d2-c62c-4964-aebb-84ef0d5e6774,/USER_KEY_N,B.Cu,"(30.581599, 28.1432)","(28.8544, 29.8704)",0.2,2.4426289578241325,[]
dad5474f-b6ea-4432-878d-0a1023a2510a,/USER_KEY_N,B.Cu,"(42.5704, 28.1432)","(33.8328, 28.1432)",0.2,8.7376,[]
e57e9eb7-74e4-4a98-ae22-316beaeda3fb,/USER_KEY_N,B.Cu,"(23.7744, 32.410399)","(23.7744, 33.2232)",0.2,0.8128010000000003,[]
f7017089-0054-43a6-b963-dda371d775cc,/USER_KEY_N,B.Cu,"(46.228, 30.6832)","(47.0408, 29.8704)",0.2,1.1494727834968481,[]
fd3b49e7-9f41-4cfe-bc3e-3f9102e0d8d5,/USER_KEY_N,B.Cu,"(28.8544, 30.6832)","(28.0416, 31.496)",0.2,1.1494727834968508,[]
005e25b9-8628-4792-bb83-fcb1e4a4c185,/+3V3,B.Cu,"(10.2616, 11.05)","(10.2616, 13.0556)",0.2,2.0055999999999994,[]
025a3130-8515-4e3c-bf7f-0cd34a938eb8,/+3V3,B.Cu,"(45.5, 18.675)","(44.7, 18.675)",0.2,0.7999999999999972,[]
0409e05f-4dcd-44f4-9577-2da5c8508c46,/+3V3,B.Cu,"(22.75, 22.025)","(23.475, 22.75)",0.2,1.0253048327204959,[]
0550fb30-db3f-4770-829b-c7f666bac4bf,/+3V3,B.Cu,"(40.55, 9.753599)","(44.5516, 9.753599)",0.2,4.001600000000003,[]
160684ae-3f74-40f0-bd73-190f71bccbf8,/+3V3,B.Cu,"(21.75, 21.65)","(22.25, 21.15)",0.2,0.7071067811865476,[]
17b80178-8826-483a-a62e-0fae0723c279,/+3V3,B.Cu,"(37.85, 32.74)","(40.39, 32.74)",0.5,2.539999999999999,[]
1fb95c18-9298-49ed-bf4b-6e32e56508b8,/+3V3,B.Cu,"(19.95, 9.95)","(20.55, 9.35)",0.2,0.8485281374238578,[]
25244fea-00c8-4ca8-9639-d83139b053f4,/+3V3,B.Cu,"(18.325, 7.5)","(19.525, 7.5)",0.2,1.1999999999999993,[]
2ba969a5-125a-4f72-9f0e-729e7d1db058,/+3V3,B.Cu,"(16.825, 16.9926)","(18.034, 16.9926)",0.2,1.2089999999999996,[]
3226fb0f-1bdd-47e4-85de-1dc285e5b08a,/+3V3,B.Cu,"(32.003999, 12.525)","(32.003999, 13.716)",0.2,1.190999999999999,[]
3b745a27-2495-4950-9d90-e3fde24aecf3,/+3V3,B.Cu,"(27.9908, 22.325)","(27.9908, 23.5204)",0.2,1.1953999999999994,[]
42bbbac1-6aee-4903-bf92-7be3d0c38a9c,/+3V3,B.Cu,"(10.7442, 7.95)","(10.7442, 6.1468)",0.2,1.8032000000000004,[]
510dfcd8-6450-4023-b3fe-f361ebb0109c,/+3V3,B.Cu,"(21.1256, 12.25)","(20.5232, 12.8524)",0.2,0.8519222499735516,[]
5deb29a1-ff95-47e3-836f-7d40ea7ecac4,/+3V3,B.Cu,"(22.75, 21.15)","(22.75, 22.025)",0.2,0.875,[]
616340b3-551f-4771-93e9-a930d94f4d91,/+3V3,B.Cu,"(19.75, 9.95)","(19.95, 9.95)",0.2,0.1999999999999993,['C0005']
63d9b7bc-7d4b-433a-b539-96a67802a0f1,/+3V3,B.Cu,"(30.7086, 10.2586)","(30.7086, 10.668)",0.2,0.40939999999999976,[]
64e80186-4839-4c17-89ef-6aefb1c1e1b6,/+3V3,B.Cu,"(12.5222, 10.2616)","(13.725, 10.2616)",0.2,1.2027999999999999,[]
65743858-57a5-4867-bcf9-189bbc8fc3da,/+3V3,B.Cu,"(37.45, 9.753599)","(34.7472, 9.753599)",0.2,2.7028000000000034,[]
72351367-56cd-4575-b990-670c73cadc23,/+3V3,B.Cu,"(7.0625, 18.008599)","(5.613399, 18.008599)",0.2,1.4491009999999998,[]
7993c845-54e3-4263-b045-e539cdcd9cf8,/+3V3,B.Cu,"(43.9674, 19.4076)","(43.9674, 19.9898)",0.2,0.5822000000000003,[]
88adbdad-d829-4038-b59c-a9f73236e15a,/+3V3,B.Cu,"(29.55, 9.75)","(30.2, 9.75)",0.2,0.6499999999999986,[]
931a4cfc-9f6f-43b1-9e69-0f4b27ad77af,/+3V3,B.Cu,"(10.7442, 11.05)","(10.7442, 12.242799)",0.2,1.192798999999999,[]
97d49f56-25b2-4547-b77a-2670a8fc477a,/+3V3,B.Cu,"(22.25, 21.15)","(22.75, 21.15)",0.2,0.5,[]
9d989b67-e8de-402d-a1c2-0dd576008f82,/+3V3,B.Cu,"(7.225, 15.0114)","(6.0198, 15.0114)",0.2,1.2051999999999996,[]
a2341aab-ee41-44e2-9347-56307a174708,/+3V3,B.Cu,"(41.175, 26.0096)","(39.9796, 26.0096)",0.2,1.1953999999999994,[]
b4b28300-e04d-468d-85a3-d9599bd28ea8,/+3V3,B.Cu,"(21.725, 12.25)","(21.1256, 12.25)",0.2,0.5994000000000028,[]
c4b863d6-e06b-4e64-b290-0bb2cab4a4a7,/+3V3,B.Cu,"(15.0, 8.324999)","(15.0, 8.825)",0.2,0.5000009999999993,[]
d79ff6e1-572f-4269-bf6e-e359e57b8f97,/+3V3,B.Cu,"(42.5, 10.025)","(42.5, 10.549999)",0.2,0.5249989999999993,[]
d876f0ab-ae80-44f5-ad86-fbfdaf52f834,/+3V3,B.Cu,"(44.7, 18.675)","(43.9674, 19.4076)",0.2,1.0360528557945317,[]
dad53578-a923-4868-8ebe-2e629bf9ee54,/+3V3,B.Cu,"(30.2, 9.75)","(30.7086, 10.2586)",0.2,0.7192690178229567,[]
dc0f2f3b-2dfb-4fa9-80f1-f683507b4bfe,/+3V3,B.Cu,"(15.0, 8.825)","(13.5634, 10.2616)",0.2,2.031659203705189,[]
f0e76c9f-7b38-4eff-9ffd-092b7cd95990,/+3V3,B.Cu,"(46.989999, 28.175)","(46.989999, 26.9748)",0.2,1.2002000000000024,[]
f73ef109-cfb0-4787-9f47-eb19cf62eea1,/+3V3,B.Cu,"(42.769999, 9.75)","(43.561, 10.541)",0.2,1.1186436349441242,[]
5f081839-49fd-467b-8063-5fab2a6dda43,/IMU_SCK,F.Cu,"(27.2288, 33.9344)","(26.3144, 33.019999)",0.2,1.2931575885409317,[]
6519d986-ec3a-4bbf-af77-ff3faa2f8694,/IMU_SCK,F.Cu,"(33.9344, 33.2232)","(33.2232, 33.9344)",0.2,1.0057886855597424,[]
8aab47c5-9f37-4929-895b-123727284c27,/IMU_SCK,F.Cu,"(37.6936, 26.1112)","(33.9344, 29.8704)",0.2,5.316311623672944,[]
d144c7f2-16cb-444a-b4e7-d986be50373d,/IMU_SCK,F.Cu,"(33.9344, 29.8704)","(33.9344, 33.2232)",0.2,3.3527999999999984,[]
db98c9d1-f437-4a33-a546-f70da16a6841,/IMU_SCK,F.Cu,"(26.3144, 33.019999)","(26.3144, 28.244799)",0.2,4.775199999999998,[]
ebd10c8d-537e-43c5-bb1c-f94955da74e4,/IMU_SCK,F.Cu,"(33.2232, 33.9344)","(27.2288, 33.9344)",0.2,5.994399999999999,[]
2342d92e-dc8c-4ca8-b6e6-893724611a3c,/IMU_SCK,B.Cu,"(26.3144, 28.244799)","(27.432, 27.1272)",0.2,1.5805243702015488,[]
2532f100-2b47-484d-b004-01c19776fcbf,/IMU_SCK,B.Cu,"(54.5, 23.156799)","(54.000001, 22.6568)",0.2,0.7071053669729862,[]
8d0ae753-aa7e-49d4-9969-be4e8fadedec,/IMU_SCK,B.Cu,"(54.000001, 22.6568)","(41.147999, 22.6568)",0.2,12.852001999999999,[]
aa129814-137f-4525-a47b-023a548ad910,/IMU_SCK,B.Cu,"(41.147999, 22.6568)","(37.6936, 26.1112)",0.2,4.885258622754886,[]
bc218ef7-e7a5-46f9-8a35-e0d769abcb31,/IMU_SCK,B.Cu,"(54.5, 25.0)","(54.5, 23.156799)",0.2,1.8432010000000005,[]
0d3f6c1c-3090-401d-9832-a21e40aa1f98,/IMU_MOSI,F.Cu,"(38.453552, 23.518352)","(40.3352, 25.4)",0.2,2.6610521212122076,[]
2a41ac5f-89ef-4888-9aff-14236c68d569,/IMU_MOSI,F.Cu,"(35.559999, 25.7048)","(31.5976, 25.7048)",0.2,3.962398999999998,[]
399e1501-371e-4eb6-9976-2d6e1a742b99,/IMU_MOSI,F.Cu,"(42.672, 25.4)","(40.3352, 25.4)",0.2,2.3367999999999967,[]
4088977c-1173-411c-a4c5-760bc1f1ec76,/IMU_MOSI,F.Cu,"(46.228, 21.843999)","(42.672, 25.4)",0.2,5.028944134905559,[]
8ca976db-460c-454b-a036-b9047a2d23da,/IMU_MOSI,F.Cu,"(37.746447, 23.518352)","(38.453552, 23.518352)",0.2,0.7071049999999985,[]
920782fd-6617-4c74-95c5-339765d3e481,/IMU_MOSI,F.Cu,"(35.559999, 25.7048)","(37.746447, 23.518352)",0.2,3.092104415023532,[]
9da9f88c-cddd-4dfe-8913-9e7ba5c23515,/IMU_MOSI,F.Cu,"(31.5976, 25.7048)","(30.48, 26.8224)",0.2,1.5805250773081705,[]
11f02722-4dac-460a-a224-e09d72567ccf,/IMU_MOSI,B.Cu,"(56.5, 22.343998)","(56.000001, 21.843999)",0.2,0.7071053669729862,[]
36e120a6-218d-4540-9147-67fdc31514e2,/IMU_MOSI,B.Cu,"(30.48, 26.8224)","(29.667199, 26.0096)",0.2,1.14947349060385,[]
7679dec3-07c3-4e50-9d80-d6ab1410eba8,/IMU_MOSI,B.Cu,"(56.5, 25.0)","(56.5, 22.343998)",0.2,2.656002000000001,[]
7739fcae-a8c5-4579-b797-aea432596da1,/IMU_MOSI,B.Cu,"(56.000001, 21.843999)","(46.228, 21.843999)",0.2,9.772000999999996,[]
235189e0-9146-4e99-a015-d4ef318bab07,/IMU_MISO,B.Cu,"(48.4632, 28.1432)","(47.8536, 28.7528)",0.2,0.8621045876226393,['C0006']
4a20676c-090d-4a45-ac13-461b8082c311,/IMU_MISO,B.Cu,"(47.8536, 28.7528)","(47.8536, 30.1752)",0.2,1.4223999999999997,[]
7c3dbe0b-f715-477c-9d68-0b55c539dbcb,/IMU_MISO,B.Cu,"(47.8536, 30.1752)","(43.687999, 34.3408)",0.2,5.891048722528191,[]
9da1daf5-401e-40ce-bf8e-e125df100c1c,/IMU_MISO,B.Cu,"(26.212799, 34.3408)","(25.1968, 33.324799)",0.2,1.4368409793717631,[]
d907c636-d67f-404d-9dd3-9e32985cf0b1,/IMU_MISO,B.Cu,"(58.0, 28.15)","(48.5, 28.15)",0.2,9.5,['C0006']
dc2d19ed-13c8-4c1e-84a4-965e1167fdc4,/IMU_MISO,B.Cu,"(43.687999, 34.3408)","(26.212799, 34.3408)",0.2,17.475199999999997,[]
e3141c0c-d267-4f08-89f6-f92b37eb9bc8,/IMU_MISO,B.Cu,"(58.5, 27.65)","(58.0, 28.15)",0.2,0.7071067811865476,[]
f5a7208f-60ea-4676-b929-bc6d05764950,/IMU_MISO,B.Cu,"(58.5, 25.0)","(58.5, 27.65)",0.2,2.6499999999999986,[]
3cdd5802-eef3-4c24-ab60-1d48657019c9,/IMU_CS,F.Cu,"(37.592, 21.336)","(35.7632, 23.1648)",0.2,2.586313762867918,[]
933e6e95-5f06-4118-aafa-de3797952e9e,/IMU_CS,F.Cu,"(27.5336, 22.7584)","(24.5872, 25.7048)",0.2,4.166838840176085,[]
bd617cac-9ffe-408a-a0cc-10c773e1afaf,/IMU_CS,F.Cu,"(35.7632, 23.1648)","(28.6512, 23.1648)",0.2,7.111999999999998,[]
d3253679-d98e-485b-883a-2764ea339573,/IMU_CS,F.Cu,"(28.6512, 23.1648)","(28.244799, 22.7584)",0.2,0.5747370988556397,[]
d3d91877-92ff-416d-a7e2-b546eb677e38,/IMU_CS,F.Cu,"(28.244799, 22.7584)","(27.5336, 22.7584)",0.2,0.7111990000000006,[]
58c2ec79-11f1-49ff-9da7-de81cea8798e,/IMU_CS,B.Cu,"(24.5872, 25.7048)","(24.0792, 26.212799)",0.2,0.7184197825790996,[]
71a3f410-ce6e-4f9f-8a47-578e41fe9c24,/IMU_CS,B.Cu,"(59.943999, 22.7584)","(59.943999, 24.485599)",0.2,1.7271989999999988,[]
a21bd223-a0e2-4123-8f52-6d11aedfe7a7,/IMU_CS,B.Cu,"(45.719999, 21.336)","(46.126399, 20.9296)",0.2,0.5747363917484228,[]
b8ff6053-dc34-44fb-b299-a20382d54c1a,/IMU_CS,B.Cu,"(46.126399, 20.9296)","(58.115199, 20.9296)",0.2,11.988799999999998,[]
d3b945dc-fab4-43dd-bae7-c403b748e5f4,/IMU_CS,B.Cu,"(59.943999, 24.485599)","(60.452, 24.9936)",0.2,0.7184219038990949,[]
d7a0865f-652c-4a7b-a293-9fd936d2fa5e,/IMU_CS,B.Cu,"(45.5, 20.325)","(45.5, 21.336)",0.2,1.0109999999999992,[]
eb50dafe-3254-4617-a5ce-e0767e079f36,/IMU_CS,B.Cu,"(24.0792, 26.212799)","(23.4696, 26.212799)",0.2,0.6096000000000004,[]
ed444f85-46d4-4f91-83fc-1e3d44669d9f,/IMU_CS,B.Cu,"(37.592, 21.336)","(45.719999, 21.336)",0.2,8.127999000000003,[]
f19577a1-e26b-4a60-a40b-e8da29279020,/IMU_CS,B.Cu,"(58.115199, 20.9296)","(59.943999, 22.7584)",0.2,2.586313762867918,[]
d3e7b59a-3df4-4f22-9a0e-d5f27f7df54c,/IMU_DRDY,F.Cu,"(43.992799, 31.394399)","(36.169599, 31.394399)",0.2,7.8232,[]
fccfb338-d565-4bb5-9c4c-d66f27111dfa,/IMU_DRDY,F.Cu,"(45.8216, 33.2232)","(43.992799, 31.394399)",0.2,2.586315177081477,[]
0c455ea9-9dfa-4cd3-82b9-98c0b8f2ee23,/IMU_DRDY,B.Cu,"(62.5, 25.0)","(62.5, 28.25)",0.2,3.25,[]
0ea7fa98-fafd-4cfc-a4eb-6d28a4dbb8c1,/IMU_DRDY,B.Cu,"(48.4632, 30.581599)","(45.8216, 33.2232)",0.2,3.7357872534716177,[]
60318df5-93e4-4be2-949a-df26ee91d1ae,/IMU_DRDY,B.Cu,"(31.1912, 31.394399)","(30.0736, 32.512)",0.2,1.5805257844151104,[]
67ecaa46-4d9f-472d-a3ea-b76ccf3e1409,/IMU_DRDY,B.Cu,"(36.169599, 31.394399)","(31.1912, 31.394399)",0.2,4.978399,[]
a1ccc339-e0b5-4c63-a5f9-053a4c5db6c3,/IMU_DRDY,B.Cu,"(62.5, 28.25)","(62.0, 28.75)",0.2,0.7071067811865476,[]
a28ed1ac-fe65-429f-b31d-74b091f2c1ed,/IMU_DRDY,B.Cu,"(48.4632, 28.7528)","(48.4632, 30.581599)",0.2,1.828799,['C0007']
cce88c78-e39d-499b-b1aa-7b5fc4c4b9c8,/IMU_DRDY,B.Cu,"(62.0, 28.75)","(48.5, 28.75)",0.2,13.5,['C0007']
23a89696-b742-4bdc-b374-b4608455239a,/CAM_RX,B.Cu,"(50.5, 14.0)","(50.0, 13.5)",0.2,0.7071067811865476,[]
27e701b9-2ff6-41dd-8264-60c1d39ce83a,/CAM_RX,B.Cu,"(50.5, 18.0)","(50.5, 14.0)",0.2,4.0,[]
de222e46-1b2c-4517-a29b-c66959ec5f94,/CAM_RX,B.Cu,"(50.0, 13.5)","(45.825, 13.5)",0.2,4.174999999999997,[]
35ae97fc-efb0-4ada-a3b0-b514b45ee166,/CAM_TX,F.Cu,"(52.0, 15.0)","(48.5, 15.0)",0.2,3.5,['C0008']
b268e7e3-193c-4fc5-b387-339304877797,/CAM_TX,F.Cu,"(52.5, 15.5)","(52.0, 15.0)",0.2,0.7071067811865476,[]
d9bcd827-9c1a-429e-9700-0f4bdd86dd34,/CAM_TX,F.Cu,"(52.5, 18.0)","(52.5, 15.5)",0.2,2.5,[]
ffed12d9-e04d-404a-a895-4744aab8dd04,/CAM_TX,F.Cu,"(48.4632, 15.0368)","(39.5224, 15.0368)",0.2,8.940800000000003,['C0008']
341505fb-fc39-43b0-98b2-97e165959872,/CAM_TX,B.Cu,"(37.4904, 11.785599)","(37.4904, 10.769599)",0.2,1.016,[]
39cac92e-62b2-48bf-b273-c570ac3ef181,/CAM_TX,B.Cu,"(39.5224, 15.0368)","(38.4048, 13.9192)",0.2,1.5805250773081676,[]
9462e13e-7040-4f53-84f7-3067a9f447a7,/CAM_TX,B.Cu,"(38.4048, 12.7)","(37.4904, 11.785599)",0.2,1.2931575885409328,[]
a6c2a811-2bda-414c-8219-a44ad978b292,/CAM_TX,B.Cu,"(38.4048, 13.9192)","(38.4048, 12.7)",0.2,1.2192000000000007,[]
07e065f8-ed97-4273-8c8c-69e0addc697a,/CAM_3V3,B.Cu,"(42.3672, 12.801599)","(46.329598, 12.801599)",0.2,3.9623980000000003,[]
5cfebf9d-6fef-4f33-a368-317b04a7d469,/CAM_3V3,B.Cu,"(53.9496, 17.4752)","(53.9496, 15.748)",0.2,1.7272000000000016,[]
69132d27-b4e0-4219-8c4c-1bb0f42b0a0b,/CAM_3V3,B.Cu,"(53.9496, 15.748)","(51.206399, 13.0048)",0.2,3.879471351408719,[]
8ea0eb38-5cc6-4b97-ac29-d1ea6d102425,/CAM_3V3,B.Cu,"(41.656, 12.090399)","(42.3672, 12.801599)",0.2,1.0057886855597438,['C0009']
92607437-914a-42fd-a8c4-56e10d06271a,/CAM_3V3,B.Cu,"(41.725, 10.75)","(41.225, 10.25)",0.2,0.7071067811865476,[]
d5d307b9-793f-4e74-9380-6504516ded3e,/CAM_3V3,B.Cu,"(46.532799, 13.0048)","(51.206399, 13.0048)",0.2,4.6736,[]
dfbf8d25-d682-4ebf-bd92-84e75a069456,/CAM_3V3,B.Cu,"(41.225, 10.25)","(40.55, 10.25)",0.2,0.6750000000000043,[]
e334fcfe-910f-4911-8162-9af093b06c91,/CAM_3V3,B.Cu,"(54.4576, 17.9832)","(53.9496, 17.4752)",0.2,0.7184204896855335,[]
eb4fd377-2eb7-4ec2-8088-9d7149d99f9c,/CAM_3V3,B.Cu,"(41.725, 12.0)","(41.725, 10.75)",0.2,1.25,['C0009']
fd610cc7-692a-43e9-8eb5-72b6e3b45233,/CAM_3V3,B.Cu,"(46.329598, 12.801599)","(46.532799, 13.0048)",0.2,0.2873696100877753,[]
0ce48db0-9525-48ec-bd8b-1663a6bd5666,/+5V_MOTION,B.Cu,"(40.39, 4.8)","(41.79, 6.2)",0.5,1.9798989873223325,[]
88ab8546-2ce8-412c-b995-2c90d114f792,/+5V_MOTION,B.Cu,"(58.5, 5.7)","(58.5, 3.0)",0.5,2.7,[]
c37ed202-035c-4808-af97-8a440a0cb366,/+5V_MOTION,B.Cu,"(45.5, 6.825)","(45.5, 6.2)",0.5,0.625,[]
c9c54bb7-8522-4e2f-b6f3-2126440e8827,/+5V_MOTION,B.Cu,"(41.79, 6.2)","(58.0, 6.2)",0.5,16.21,[]
d6dd3ced-088d-4aee-a4d1-c1958384dda1,/+5V_MOTION,B.Cu,"(40.39, 2.26)","(40.39, 4.8)",0.5,2.54,[]
fb72c440-2a5b-4ab9-91e7-eb008cc23ed8,/+5V_MOTION,B.Cu,"(58.0, 6.2)","(58.5, 5.7)",0.5,0.7071067811865476,[]
05d3a83c-eaa9-41c8-b01a-386522ebe334,/HEAD_BUS,F.Cu,"(34.9504, 14.3256)","(34.2392, 15.0368)",0.2,1.0057886855597489,[]
41262055-81e3-4e64-9fdf-e20df8af8b5d,/HEAD_BUS,F.Cu,"(34.2392, 15.0368)","(26.924, 15.0368)",0.2,7.315199999999997,[]
5e4b6f09-6b61-4c4c-a532-cc57fa82c8d8,/HEAD_BUS,F.Cu,"(19.95, 16.764)","(20.2548, 17.0688)",0.2,0.43105229381131965,[]
71cc2273-30d1-403d-b990-32d753543d85,/HEAD_BUS,F.Cu,"(20.2548, 17.0688)","(21.2344, 17.0688)",0.2,0.9796000000000014,[]
9416ecb7-35d0-4c03-b026-f67647a74ef9,/HEAD_BUS,F.Cu,"(61.5, 14.3)","(48.5, 14.3)",0.2,13.0,['C0010']
94eb06ef-adb7-486f-8ea5-af0cd1dd8ece,/HEAD_BUS,F.Cu,"(62.0, 14.8)","(61.5, 14.3)",0.2,0.7071067811865476,[]
96d1bb59-24b3-4452-bc85-cfa33070286a,/HEAD_BUS,F.Cu,"(48.4632, 14.3256)","(34.9504, 14.3256)",0.2,13.512799999999999,['C0010']
b05c92b7-58d7-4c64-bb8a-2648bf3bddf4,/HEAD_BUS,F.Cu,"(26.924, 15.0368)","(24.7904, 17.1704)",0.2,3.0173660566792346,[]
e2782140-67c3-4cb1-9e26-ea392c0f0f35,/HEAD_BUS,F.Cu,"(62.0, 18.0)","(62.0, 14.8)",0.2,3.1999999999999993,[]
1c5220c6-3290-45a7-a75f-36c3007061c6,/HEAD_BUS,B.Cu,"(24.7904, 17.1704)","(24.7904, 17.8816)",0.2,0.7111999999999981,[]
2eab9a61-9dce-4720-bb06-233052af43cc,/HEAD_BUS,B.Cu,"(22.352, 18.1864)","(21.2344, 17.0688)",0.2,1.5805250773081705,[]
35733255-ac82-461f-87ec-3785f9f622c2,/HEAD_BUS,B.Cu,"(19.95, 21.65)","(20.25, 21.95)",0.2,0.42426406871192957,[]
4814ff68-0441-4655-9d8f-217540e3076c,/HEAD_BUS,B.Cu,"(24.485599, 18.1864)","(22.352, 18.1864)",0.2,2.1335990000000002,[]
baca4094-c115-4804-8bef-e7aaf887de20,/HEAD_BUS,B.Cu,"(19.95, 16.764)","(19.95, 21.65)",0.2,4.885999999999999,[]
99bb1840-0dfe-445b-b952-6eb998c2a1f2,/BAT_ADC,B.Cu,"(11.18, 31.47)","(12.45, 32.74)",0.2,1.7960512242138327,[]
d42c04c8-6263-45df-94bc-43ae8eb33977,/BAT_ADC,B.Cu,"(11.18, 25.825)","(11.18, 31.47)",0.2,5.645,[]
62fe54e7-5b07-4f0d-9a5e-388b12808d71,/CURRENT_ADC,B.Cu,"(17.225, 28.0)","(16.26, 28.965)",0.2,1.3647160876900366,[]
7fd678ef-aac3-4660-b477-b997bb6ea833,/CURRENT_ADC,B.Cu,"(17.625, 25.825)","(17.625, 28.0)",0.2,2.1750000000000007,[]
999d8f26-a205-4394-866e-ec8cb794a492,/CURRENT_ADC,B.Cu,"(16.26, 31.47)","(14.99, 32.74)",0.2,1.7960512242138338,[]
e2e1eb00-4976-41aa-ad6c-1d0711299eb5,/CURRENT_ADC,B.Cu,"(16.26, 28.965)","(16.26, 31.47)",0.2,2.504999999999999,[]
a7238eef-23b0-4c67-a825-e644867904e4,/WHEEL_ADC,B.Cu,"(13.7, 28.0)","(14.225, 28.0)",0.2,0.5250000000000004,[]
ec24c814-adb2-47e9-a0d2-0a954b9576be,/WHEEL_ADC,B.Cu,"(14.99, 30.2)","(14.225, 29.435)",0.2,1.0818733752154186,[]
f72cb423-a0a5-4b03-9a08-7453ab80a481,/WHEEL_ADC,B.Cu,"(14.225, 25.825)","(14.225, 29.435)",0.2,3.6099999999999994,[]
d0a37310-c482-4eb1-b98e-8ddfe38a5daa,/HEAD_TX,B.Cu,"(20.07, 32.74)","(21.2598, 31.5502)",0.2,1.6826312965115084,[]
deb8efa7-a8bb-4ebe-ab37-5ebe02fa148a,/HEAD_TX,B.Cu,"(21.2598, 25.05)","(21.2598, 31.5502)",0.2,6.5001999999999995,[]
11c49172-84d9-4f55-a80e-5faa07bd248b,/IMU_CS_M,B.Cu,"(23.785, 28.9072)","(23.785, 31.565)",0.2,2.6578000000000017,[]
33612f03-2730-451e-9a65-854bd3d91843,/IMU_CS_M,B.Cu,"(23.5, 28.6222)","(23.785, 28.9072)",0.2,0.4030508652763323,[]
c0a09b92-6b5a-4cf7-b207-6b0caa1371eb,/IMU_CS_M,B.Cu,"(23.785, 31.565)","(22.61, 32.74)",0.2,1.6617009357883878,[]
ed943a25-9e89-4722-8e85-926fcfe30134,/IMU_CS_M,B.Cu,"(23.5, 27.825)","(23.5, 28.6222)",0.2,0.7972000000000001,[]
6f0325a8-34f8-46a4-b3d9-3a3680a51b73,/HEAD_RX,F.Cu,"(20.25, 27.84)","(22.61, 30.2)",0.2,3.3375440072005036,[]
a428ef02-ac5a-427b-9812-cca83a72c626,/HEAD_RX,B.Cu,"(20.75, 25.05)","(20.75, 27.34)",0.2,2.289999999999999,[]
b14a6fcd-de09-401e-b6f0-9c85ee58afe4,/HEAD_RX,B.Cu,"(20.75, 27.34)","(20.25, 27.84)",0.2,0.7071067811865476,[]
1f9d7e7b-4118-4fff-85c6-45742eebef27,/IMU_SCK_M,B.Cu,"(25.675, 27.0)","(25.175, 27.0)",0.2,0.5,['C0011']
69d83d41-0a2f-4679-8016-4472cf3f4285,/IMU_SCK_M,B.Cu,"(25.1817, 30.1683)","(25.1817, 27.0067)",0.2,3.1616,['C0011']
129ddbbe-dd99-48b6-a06c-59900902e5a1,/CHG_N,F.Cu,"(32.715199, 10.769599)","(32.715199, 14.0208)",0.2,3.251201,[]
24237067-9c6a-44a1-88e6-fd47376a12fc,/CHG_N,F.Cu,"(32.105599, 14.6304)","(26.3144, 14.6304)",0.2,5.791198999999999,[]
3aed5a63-2afc-401c-a933-5d69dbd0ed63,/CHG_N,F.Cu,"(47.5528, 6.1)","(56.0, 6.1)",0.2,8.447200000000002,[]
495d59d1-e955-4217-b9f1-0d52b4cc6bc7,/CHG_N,F.Cu,"(56.5, 6.6)","(56.5, 10.0)",0.2,3.4000000000000004,[]
66490855-0fe1-4403-856b-0390ec03ddcd,/CHG_N,F.Cu,"(23.875999, 17.0688)","(23.875999, 19.811999)",0.2,2.7431990000000006,[]
693cea9e-914d-4350-832d-2467692b3feb,/CHG_N,F.Cu,"(23.875999, 19.811999)","(24.0792, 20.0152)",0.2,0.2873696100877753,[]
69a53cac-9d8b-4c94-b5a8-3f79bacb64c7,/CHG_N,F.Cu,"(45.0088, 3.556)","(47.5528, 6.1)",0.2,3.5977593026771513,[]
6c6b03b8-b0d2-4c1c-9cf9-bcfa3819c6a9,/CHG_N,F.Cu,"(26.3144, 14.6304)","(23.875999, 17.0688)",0.2,3.448419057597407,[]
7985753e-9346-4145-abae-54c8d33de19a,/CHG_N,F.Cu,"(28.8544, 31.5976)","(27.7368, 32.715199)",0.2,1.5805243702015463,[]
8cb233f1-ea16-4fc0-884d-c61baf4d8a9a,/CHG_N,F.Cu,"(56.0, 6.1)","(56.5, 6.6)",0.2,0.7071067811865476,[]
987d2aa9-4f28-45a8-8d8e-121c7eee0faa,/CHG_N,F.Cu,"(32.715199, 14.0208)","(32.105599, 14.6304)",0.2,0.8621045876226393,[]
9b3e7b2e-132a-4ed5-8e15-b4833138b18e,/CHG_N,F.Cu,"(36.474399, 3.556)","(45.0088, 3.556)",0.2,8.534401000000003,[]
9cb6132a-e98a-4bf2-b7af-284f89867331,/CHG_N,F.Cu,"(28.8544, 25.1968)","(28.8544, 31.5976)",0.2,6.4008,[]
cdcaf6e1-f3f8-475b-8dd5-6ee1abd2a482,/CHG_N,F.Cu,"(24.0792, 20.0152)","(26.0096, 20.0152)",0.2,1.9303999999999988,[]
cf7a8991-724d-4a4a-9fd6-8c2d02e8c072,/CHG_N,F.Cu,"(36.474399, 7.0104)","(32.715199, 10.769599)",0.2,5.316310916566205,[]
3cb6e421-00f4-4895-b291-0fdcef43fb42,/CHG_N,B.Cu,"(26.0096, 20.0152)","(26.924, 19.1008)",0.2,1.293156881433959,['C0012']
65379008-dbbc-45ee-b075-5cf238e943e3,/CHG_N,B.Cu,"(28.8544, 20.9296)","(28.8544, 25.1968)",0.2,4.267199999999999,[]
92020e6f-4be8-4dbb-98fa-58e2b40c4a08,/CHG_N,B.Cu,"(27.025599, 19.1008)","(28.8544, 20.9296)",0.2,2.586314469974794,['C0012']
d604e7e6-e6eb-4941-a9b4-1f26b03b5a3a,/CHG_N,B.Cu,"(36.474399, 3.556)","(36.474399, 7.0104)",0.2,3.4543999999999997,[]
201b8a80-ac92-45cc-ad54-c55b8be8266d,/IMU_MOSI_M,B.Cu,"(29.5, 27.825)","(29.5, 28.39)",0.2,0.5650000000000013,[]
e63d3c8d-8f3b-486e-8e89-a91e36b6e07b,/IMU_MOSI_M,B.Cu,"(29.5, 28.39)","(27.69, 30.2)",0.2,2.5597265478953,[]
55f30c57-42ea-4b19-898e-ab5a7fdd8c13,/ARM_FEEDBACK,B.Cu,"(33.5775, 17.9025)","(33.0, 17.325)",0.2,0.8167083322704632,[]
60e6598b-cab1-4f49-b3cd-7b4e25402b5d,/ARM_FEEDBACK,B.Cu,"(30.7723, 30.2)","(33.5775, 27.3948)",0.2,3.9671518851690055,[]
a4114264-cd2a-4b95-9d3b-21866802e968,/ARM_FEEDBACK,B.Cu,"(33.5775, 27.3948)","(33.5775, 17.9025)",0.2,9.4923,[]
c3e93d04-ab50-47cd-ae92-83e7dba3b185,/ARM_FEEDBACK,B.Cu,"(33.0, 16.825)","(33.0, 17.325)",0.2,0.5,[]
5c8c8962-668e-40b3-9b9c-788f6e69fd1e,/ARM_CLK,B.Cu,"(9.25, 8.825)","(7.825, 10.25)",0.2,2.0152543263816605,[]
74dac5e8-7d13-4197-adcd-5eb9ec471525,/ARM_CLK,B.Cu,"(9.91, 5.55)","(9.25, 6.21)",0.2,0.933380951166243,[]
8874e466-e88b-4b94-a781-bc59d96f616e,/ARM_CLK,B.Cu,"(10.25, 7.45)","(9.75, 6.95)",0.2,0.7071067811865476,[]
a226aaca-ca3b-4314-b04e-2215cc6957a1,/ARM_CLK,B.Cu,"(9.25, 6.21)","(9.25, 8.825)",0.2,2.6149999999999993,[]
c59a4a87-f1fd-46c4-ad43-1f0edcc64556,/ARM_CLK,B.Cu,"(10.25, 7.95)","(10.25, 7.45)",0.2,0.5,[]
e945f550-866a-4fe9-bd70-90290cde9cb3,/ARM_CLK,B.Cu,"(9.75, 6.95)","(9.25, 6.95)",0.2,0.5,[]
01663150-ca0d-4ec6-9ce2-79dbfb15edb5,/CLR_N,F.Cu,"(10.5664, 11.4808)","(11.176, 11.4808)",0.2,0.6096000000000004,[]
182a9503-ece7-4ce0-ba92-4e127908594d,/CLR_N,F.Cu,"(18.288, 16.052799)","(22.2504, 16.052799)",0.2,3.962399999999999,[]
370f17d7-746c-4ea0-9b0c-1d6a06186e76,/CLR_N,F.Cu,"(59.9, 28.1)","(48.5, 28.1)",0.2,11.399999999999999,['C0014']
3b37e281-149a-4a08-b86a-f929705372fb,/CLR_N,F.Cu,"(9.8552, 10.769599)","(10.5664, 11.4808)",0.2,1.0057893926667756,[]
3eec43a8-7ccb-43b9-ab91-9afb180a5301,/CLR_N,F.Cu,"(47.9552, 27.8384)","(48.26, 28.1432)",0.2,0.43105229381131965,[]
5808e044-ba1f-413c-b629-6d1f980a0e22,/CLR_N,F.Cu,"(8.7376, 7.112)","(9.8552, 8.2296)",0.2,1.5805250773081705,[]
612f9f41-ede2-44b5-9361-4aa4c0cc780f,/CLR_N,F.Cu,"(9.9568, 3.048)","(8.7376, 4.2672)",0.2,1.7242091752452766,[]
72744a42-ec59-4a82-b907-c586bdeff301,/CLR_N,F.Cu,"(60.5, 28.7)","(59.9, 28.1)",0.2,0.8485281374238566,[]
bbc4c95b-a178-4135-b99e-8f03756009c9,/CLR_N,F.Cu,"(45.211999, 17.779999)","(47.9552, 20.5232)",0.2,3.879472058515436,[]
c94a44ad-907b-425e-ae90-96913b66e126,/CLR_N,F.Cu,"(9.8552, 8.2296)","(9.8552, 10.769599)",0.2,2.539999,[]
d737d47a-3998-47d4-9519-03e93f520091,/CLR_N,F.Cu,"(11.176, 11.4808)","(11.785599, 12.090399)",0.2,0.8621031734090755,[]
ea47a6d7-66c6-4784-b3cf-0c864972dbd0,/CLR_N,F.Cu,"(47.9552, 20.5232)","(47.9552, 27.8384)",0.2,7.315200000000001,[]
eaef1451-6fe0-4a20-9739-75bc7fddaa9b,/CLR_N,F.Cu,"(31.496, 17.779999)","(45.211999, 17.779999)",0.2,13.715999,[]
f31f36cf-a9cb-4950-a95d-016ace94979a,/CLR_N,F.Cu,"(16.052799, 13.817599)","(18.288, 16.052799)",0.2,3.161050861723203,[]
fbd7a9d7-2ca2-4093-9f92-5338098998c7,/CLR_N,F.Cu,"(8.7376, 4.2672)","(8.7376, 7.112)",0.2,2.8448,[]
fdcd0f53-8670-481f-9c5f-722ec8d1c106,/CLR_N,F.Cu,"(48.26, 28.1432)","(48.4632, 28.1432)",0.2,0.2032000000000025,"['C0013', 'C0014']"
ff77f62e-9e41-418e-bd05-baa477d329b0,/CLR_N,F.Cu,"(60.5, 31.3)","(60.5, 28.7)",0.2,2.6000000000000014,[]
0aac7b28-e948-405f-a2ac-6434ff8805eb,/CLR_N,B.Cu,"(25.907999, 16.052799)","(26.1112, 15.849599)",0.2,0.2873689029818645,[]
1c01c646-a4f1-4edc-9ac5-29b4e00c25e0,/CLR_N,B.Cu,"(11.785599, 12.090399)","(11.2776, 11.5824)",0.2,0.7184190754719698,[]
23d8f828-c1ef-4f5b-bea0-f430e2154d5c,/CLR_N,B.Cu,"(27.0, 15.85)","(29.5, 15.85)",0.2,2.5,['C0015']
36b89055-9930-400d-b2c3-6b9acb68ec74,/CLR_N,B.Cu,"(26.1112, 15.849599)","(27.025599, 15.849599)",0.2,0.9143989999999995,['C0015']
48f974e8-1a50-4b05-a76e-d5267b819500,/CLR_N,B.Cu,"(11.4808, 12.2936)","(11.4808, 18.45)",0.2,6.1564,[]
4de43cc3-e16b-4b69-8ac9-9ef3ec108563,/CLR_N,B.Cu,"(11.4808, 18.45)","(10.9808, 18.95)",0.2,0.7071067811865476,[]
59de2d0a-79c8-46b0-93a3-e3fd26fdf267,/CLR_N,B.Cu,"(30.0, 16.35)","(30.0, 19.35)",0.2,3.0,['C0016']
6d596ee2-5374-48ff-bc89-6165fb6c90ab,/CLR_N,B.Cu,"(11.4808, 13.817599)","(16.052799, 13.817599)",0.2,4.571999,[]
89f21c09-02c5-40ca-b268-4d763d47e281,/CLR_N,B.Cu,"(10.9808, 18.95)","(8.9375, 18.95)",0.2,2.0433000000000003,[]
9c4d87dd-815a-4355-a0d1-973b90ccb0f1,/CLR_N,B.Cu,"(11.2776, 11.074399)","(11.2776, 11.5824)",0.2,0.5080010000000001,[]
d6e7af4c-f387-492f-a5d0-ca981f314cb8,/CLR_N,B.Cu,"(8.9375, 20.5)","(8.9375, 18.95)",0.2,1.5500000000000007,[]
dbb086db-b9e4-4153-b189-fa74b2de79bf,/CLR_N,B.Cu,"(22.2504, 16.052799)","(25.907999, 16.052799)",0.2,3.657599000000001,[]
e1454b8e-a68c-48c6-b61e-54cab55e04d1,/CLR_N,B.Cu,"(29.5, 15.85)","(30.0, 16.35)",0.2,0.7071067811865488,[]
e8017a08-67a8-4465-a1de-0c56316debf5,/CLR_N,B.Cu,"(8.775, 21.0)","(10.675, 21.0)",0.2,1.9000000000000004,[]
f8e94817-cd34-462b-a659-d9a9e661b56c,/CLR_N,B.Cu,"(29.971999, 19.304)","(31.496, 17.779999)",0.2,2.155262883270157,['C0016']
00442558-2732-4698-bcf4-b57e35d218fb,/S288_OE_REQ_N,F.Cu,"(22.148799, 9.9568)","(23.4696, 11.2776)",0.2,1.8678939802892984,[]
52918604-6c64-4fbc-85ac-c62f785f3868,/S288_OE_REQ_N,F.Cu,"(23.4696, 12.7)","(22.5552, 13.6144)",0.2,1.293156881433959,[]
99f55011-4fc6-4825-abb1-01afbf2ab0b4,/S288_OE_REQ_N,F.Cu,"(23.1648, 8.4328)","(22.148799, 9.4488)",0.2,1.4368416864780191,[]
a290bea5-edc0-4d06-91af-3755b2871933,/S288_OE_REQ_N,F.Cu,"(22.0472, 7.3152)","(21.4376, 6.7056)",0.2,0.8621045876226393,[]
abf1fca1-8e89-4fbf-914f-5af56a621c88,/S288_OE_REQ_N,F.Cu,"(21.4376, 6.7056)","(13.9192, 6.7056)",0.2,7.5184,[]
bbc4a522-a231-48a0-b3d3-18b805aacff5,/S288_OE_REQ_N,F.Cu,"(22.148799, 9.4488)","(22.148799, 9.9568)",0.2,0.5079999999999991,[]
fdc9705c-16eb-4d82-937d-7cd3f62fc4dc,/S288_OE_REQ_N,F.Cu,"(23.4696, 11.2776)","(23.4696, 12.7)",0.2,1.4223999999999997,[]
03e1a03d-5cc5-41da-a126-4ac1dbd5edab,/S288_OE_REQ_N,B.Cu,"(20.2184, 13.6144)","(19.7104, 13.106399)",0.2,0.7184211967926609,[]
2f9aaab0-51a4-447e-ba73-47de4779ae7a,/S288_OE_REQ_N,B.Cu,"(12.45, 4.8)","(12.45, 6.205601)",0.2,1.4056009999999999,[]
38fe771e-7992-4ab4-90f5-2a6ca82dc71c,/S288_OE_REQ_N,B.Cu,"(12.45, 6.205601)","(12.949999, 6.7056)",0.2,0.7071053669729855,[]
d5eaadb9-bf45-471d-9cd1-a6b34dc6e4f5,/S288_OE_REQ_N,B.Cu,"(22.0472, 7.3152)","(23.1648, 8.4328)",0.2,1.580525077308171,[]
e07cf0e2-09d3-474e-8440-e72de58f5944,/S288_OE_REQ_N,B.Cu,"(12.949999, 6.7056)","(15.0, 6.7056)",0.2,2.050001,[]
eba1e24e-6887-4b07-bb19-7ded7aa0956c,/S288_OE_REQ_N,B.Cu,"(22.5552, 13.6144)","(20.2184, 13.6144)",0.2,2.3368,[]
0aa0c62a-a6c8-4d6e-bd1d-51a35a7bc909,/HEAD_OE_REQ_N,B.Cu,"(15.4432, 3.556)","(16.154399, 4.2672)",0.2,1.0057879784532142,[]
44cc670c-2790-46a6-993c-23a024863794,/HEAD_OE_REQ_N,B.Cu,"(17.0, 8.5672)","(17.0, 9.45)",0.2,0.8827999999999996,[]
4b980d18-01aa-4f52-a8e5-dda91e573a6f,/HEAD_OE_REQ_N,B.Cu,"(17.5, 9.95)","(17.0, 9.45)",0.2,0.7071067811865476,[]
7dea7223-38b7-4584-a380-748e63015f4a,/HEAD_OE_REQ_N,B.Cu,"(16.154399, 7.7216)","(17.0, 8.5672)",0.2,1.1958596954496785,[]
847d3d32-d805-4c0c-93ab-775c0fe08f25,/HEAD_OE_REQ_N,B.Cu,"(12.4968, 2.2352)","(13.817599, 3.556)",0.2,1.8678925660757362,[]
88867cdc-0d55-4490-9bf9-6c04d4383494,/HEAD_OE_REQ_N,B.Cu,"(13.817599, 3.556)","(15.4432, 3.556)",0.2,1.6256009999999996,[]
b052ddf9-740c-4227-acaa-f5bbe34cdbef,/HEAD_OE_REQ_N,B.Cu,"(16.154399, 4.2672)","(16.154399, 7.7216)",0.2,3.4543999999999997,[]
b24fb2c2-ecda-4548-9293-9661204eec2f,/HEAD_OE_REQ_N,B.Cu,"(18.25, 9.95)","(17.5, 9.95)",0.2,0.75,[]
0e73815b-0a98-4478-b84a-9163046780fb,/FAULT_N,F.Cu,"(54.5, 7.1)","(54.5, 10.0)",0.2,2.9000000000000004,[]
1961e74a-b7bf-487b-84b4-ad462a80f50c,/FAULT_N,F.Cu,"(36.3728, 5.9944)","(34.4424, 7.924799)",0.2,2.7299971536983323,[]
1cf29d51-7c0d-45c4-b01d-26c57d69401a,/FAULT_N,F.Cu,"(36.3728, 5.9944)","(42.2656, 5.9944)",0.2,5.892800000000001,[]
3068df0a-78b7-4068-b5f9-8fc73ef67359,/FAULT_N,F.Cu,"(16.256, 5.9944)","(15.0368, 4.7752)",0.2,1.7242091752452777,[]
430a6240-e99c-4186-8524-117338f05b97,/FAULT_N,F.Cu,"(29.362399, 9.9568)","(21.539199, 17.779999)",0.2,11.06367483405044,[]
598ea122-3393-413d-87d9-8a2c1a487a46,/FAULT_N,F.Cu,"(34.4424, 7.924799)","(29.2608, 7.924799)",0.2,5.1815999999999995,['C0017']
5dfeb838-d612-4b7d-88f8-d5dc38aa63e9,/FAULT_N,F.Cu,"(29.2608, 7.924799)","(27.330399, 5.9944)",0.2,2.729997860805389,['C0018']
61f0eb1b-9c03-41d4-8095-e3ec2f05c75a,/FAULT_N,F.Cu,"(42.2656, 5.9944)","(42.8712, 6.6)",0.2,0.8564477333731481,[]
737927fb-af97-4cc7-9918-6d14bfcc54e9,/FAULT_N,F.Cu,"(42.8712, 6.6)","(54.0, 6.6)",0.2,11.128799999999998,[]
76d12745-66ed-41f9-af3e-fc9ccc13d441,/FAULT_N,F.Cu,"(21.539199, 17.779999)","(18.694399, 17.779999)",0.2,2.8447999999999993,[]
96204972-460c-4c47-b666-f7ce5a2e00fb,/FAULT_N,F.Cu,"(27.330399, 5.9944)","(16.256, 5.9944)",0.2,11.074399,[]
c8d052d9-db95-4af5-a293-f9f1f1c066ef,/FAULT_N,F.Cu,"(29.362399, 8.026399)","(29.362399, 9.9568)",0.2,1.9304009999999998,"['C0017', 'C0018']"
eeb6bbd3-7247-4bfe-bc4a-3a2fd64f3eac,/FAULT_N,F.Cu,"(54.0, 6.6)","(54.5, 7.1)",0.2,0.7071067811865476,[]
280db429-4b27-47ab-ad0d-b8fb9c89f91f,/FAULT_N,B.Cu,"(15.138399, 17.1704)","(13.0048, 17.1704)",0.2,2.1335990000000002,[]
be63f11c-b2c7-460a-842a-0973addfd25c,/FAULT_N,B.Cu,"(18.694399, 17.779999)","(15.748, 17.779999)",0.2,2.9463990000000013,[]
da12f9ed-edd2-4af4-bd5f-7cedcdc0bff0,/FAULT_N,B.Cu,"(15.748, 17.779999)","(15.138399, 17.1704)",0.2,0.8621045876237979,[]
5795872c-1ee5-478f-a794-c100f73a35dc,/S288_RX,B.Cu,"(25.7477, 8.75)","(25.4977, 9.0)",0.2,0.3535533905932738,[]
5decaca0-e598-43ee-8b49-3293fff39af7,/S288_RX,B.Cu,"(24.5067, 5.4433)","(25.15, 4.8)",0.2,0.909763584674612,[]
86781c07-ad70-4cc7-bd00-373ab47fe071,/S288_RX,B.Cu,"(24.5067, 8.5069)","(24.5067, 5.4433)",0.2,3.0636,[]
9bc9eec9-8c24-4531-af13-8ac0a6a7393d,/S288_RX,B.Cu,"(24.9998, 9.0)","(24.5067, 8.5069)",0.2,0.6973487076061745,[]
a013c24e-974a-4a73-baa1-a39514533548,/S288_RX,B.Cu,"(25.4977, 9.0)","(24.9998, 9.0)",0.2,0.4978999999999978,[]
eaa435ee-689d-4310-92ee-4e4a0550568b,/S288_RX,B.Cu,"(25.7477, 8.75)","(26.45, 8.75)",0.2,0.702300000000001,[]
259b346e-6be2-4301-bf72-357cac2c84c6,/S288_TX,B.Cu,"(23.982, 4.3042)","(23.982, 8.5947)",0.2,4.2905,[]
68f74778-9cc6-46a0-9b1b-fb2fef4d2fac,/S288_TX,B.Cu,"(24.8052, 9.4179)","(25.6478, 9.4179)",0.2,0.8426000000000009,[]
8b246c98-31f2-4993-991b-8d8003b62105,/S288_TX,B.Cu,"(25.6478, 9.4179)","(25.7661, 9.2996)",0.2,0.1673014644287379,['C0019']
a3919a7f-32a5-4b69-80ed-5b5ca73537f1,/S288_TX,B.Cu,"(26.5383, 3.4117)","(24.8745, 3.4117)",0.2,1.6637999999999984,[]
a8a507a1-5642-4f2b-8692-b26907382427,/S288_TX,B.Cu,"(24.8745, 3.4117)","(23.982, 4.3042)",0.2,1.2621856044179884,[]
b7a5f6d0-9209-4a1b-8b7c-15161f002372,/S288_TX,B.Cu,"(25.7661, 9.2996)","(25.9277, 9.2996)",0.2,0.16159999999999997,"['C0020', 'C0021']"
e35f90e6-b944-4711-b9eb-6211c3314480,/S288_TX,B.Cu,"(27.69, 2.26)","(26.5383, 3.4117)",0.2,1.628749759785095,[]
e91fd35b-5b37-4d5b-aa52-eb077d0830b3,/S288_TX,B.Cu,"(25.95, 9.25)","(26.45, 9.25)",0.2,0.5,['C0021']
ede12bc8-c368-4c1b-9d74-07a9f9a1acb2,/S288_TX,B.Cu,"(23.982, 8.5947)","(24.8052, 9.4179)",0.2,1.1641806045455318,[]
0117e0d4-b76d-4129-b0b8-38018edb453e,/LINK_TX,B.Cu,"(35.7366, 7.7666)","(32.77, 4.8)",0.2,4.1954059541360245,[]
4156c446-6c34-4814-a1ae-712b97dd4f68,/LINK_TX,B.Cu,"(40.55, 9.25)","(39.0666, 7.7666)",0.2,2.0978443984242463,[]
697161f5-0b5e-4afc-ac1b-9cd6707e27b2,/LINK_TX,B.Cu,"(39.0666, 7.7666)","(35.7366, 7.7666)",0.2,3.3299999999999983,[]
b589ab07-44f5-4f83-b515-1a5e320753d4,/LINK_TX,B.Cu,"(40.55, 9.25)","(41.05, 9.25)",0.2,0.5,[]
8141d30a-d69d-4582-ad08-4d1f53d19cca,/LINK_RX,F.Cu,"(32.8168, 2.2352)","(34.1376, 3.556)",0.2,1.867893273182383,[]
849bca27-3411-475a-8790-870eb9283ab3,/LINK_RX,F.Cu,"(34.1376, 3.556)","(34.1376, 7.2136)",0.2,3.6575999999999995,[]
05cb72d8-7c07-44f7-977b-7f45db6dd3b3,/LINK_RX,B.Cu,"(34.1376, 7.2136)","(35.5346, 8.6106)",0.2,1.975656346635213,[]
72bfb2fc-65c3-46f1-b326-d55755bda1ab,/LINK_RX,B.Cu,"(36.95, 9.25)","(37.45, 9.25)",0.2,0.5,[]
a7c3c583-d307-40af-af6f-da9b43226f38,/LINK_RX,B.Cu,"(36.3106, 8.6106)","(36.95, 9.25)",0.2,0.9042481517813585,[]
d294e8fd-2877-4e58-a8b6-f5efa02bbcc8,/LINK_RX,B.Cu,"(35.5346, 8.6106)","(36.3106, 8.6106)",0.2,0.7760000000000034,[]
465e29be-c71e-4f07-a161-215722c4b1df,/NRST,B.Cu,"(30.0, 22.65)","(30.0, 25.189999)",0.2,2.5399990000000017,[]
75163768-f561-4624-9551-5e7e5a6aedc6,/NRST,B.Cu,"(30.0, 25.189999)","(31.71, 26.9)",0.2,2.4183058987648764,[]
0ca7b4d8-7c06-4a79-9787-8f89b0600f8a,/LOOP_3V3,F.Cu,"(57.9, 28.55)","(48.5, 28.55)",0.2,9.399999999999999,['C0022']
307c526a-2d05-458e-b50d-c06d34d73134,/LOOP_3V3,F.Cu,"(58.5, 31.3)","(58.5, 29.15)",0.2,2.150000000000002,[]
3777cd5b-5805-48f9-9816-30dabe89b749,/LOOP_3V3,F.Cu,"(47.142399, 27.7368)","(44.0944, 27.7368)",0.2,3.0479989999999972,[]
37ca33ed-a91c-42a8-9646-7543dc341acd,/LOOP_3V3,F.Cu,"(58.5, 29.15)","(57.9, 28.55)",0.2,0.8485281374238566,[]
955b3492-9b18-4969-9481-41974dcd37f5,/LOOP_3V3,F.Cu,"(48.4632, 28.549599)","(47.9552, 28.549599)",0.2,0.5080000000000027,['C0022']
f247f7ac-aa15-4caa-aaab-2e8898d4e55b,/LOOP_3V3,F.Cu,"(47.9552, 28.549599)","(47.142399, 27.7368)",0.2,1.1494727834977232,[]
d15cd064-3573-46ce-8efb-3b62b9a81cd2,/LOOP_3V3,B.Cu,"(44.0944, 27.7368)","(42.8752, 26.517599)",0.2,1.724209882352203,[]
06b25ce1-abaa-4bbe-9daa-a8085c80a933,/ARM_Q,F.Cu,"(43.7896, 11.3792)","(36.8808, 11.3792)",0.2,6.908799999999999,[]
06bbf604-cf8c-4a5c-b4ef-aedfd1dadcc9,/ARM_Q,F.Cu,"(44.297599, 10.8712)","(43.7896, 11.3792)",0.2,0.7184197825790984,[]
0c089fdc-fc5f-46a0-9a51-af69feac55e8,/ARM_Q,F.Cu,"(46.4312, 8.221598)","(46.931199, 7.7216)",0.2,0.7071046598665597,[]
0d14f2b9-79f9-466c-99d8-fb4bc6f12beb,/ARM_Q,F.Cu,"(22.453599, 11.2776)","(21.1328, 11.2776)",0.2,1.320799000000001,[]
1043e7c5-5d2f-46ae-878a-2fdd181d4ab8,/ARM_Q,F.Cu,"(17.9832, 10.16)","(17.3736, 10.769599)",0.2,0.8621038805161473,[]
2e3a80e0-b712-4b65-ba0c-d24af8cb1f7b,/ARM_Q,F.Cu,"(36.8808, 11.3792)","(33.9344, 14.3256)",0.2,4.16683884017609,[]
566761bf-d83e-4944-b63b-f9073b43d727,/ARM_Q,F.Cu,"(21.1328, 11.2776)","(20.0152, 10.16)",0.2,1.5805250773081705,[]
7069d5bf-ee70-4a44-869c-d14328a4c164,/ARM_Q,F.Cu,"(46.931199, 7.7216)","(51.9176, 7.7216)",0.2,4.986401000000001,"['C0024', 'C0025']"
79c27201-bebd-4aff-89f8-fcf3a034c416,/ARM_Q,F.Cu,"(46.4312, 10.3712)","(46.4312, 8.221598)",0.2,2.149602,[]
83f0e28f-08c9-4bbd-83ec-06da19f63b6b,/ARM_Q,F.Cu,"(20.0152, 10.16)","(17.9832, 10.16)",0.2,2.032,[]
975ba4c0-fcad-489a-9a9d-d334d342002c,/ARM_Q,F.Cu,"(52.5272, 9.9568)","(52.0192, 9.4488)",0.2,0.7184204896855335,[]
c2fb2ace-dd9c-4a68-938c-476bdb078357,/ARM_Q,F.Cu,"(52.0192, 7.8232)","(51.9176, 7.7216)",0.2,0.14368409793710507,"['C0023', 'C0024', 'C0026']"
da29de7b-5853-48b3-b96e-58afe7ffa2eb,/ARM_Q,F.Cu,"(52.0192, 9.4488)","(52.0192, 7.8232)",0.2,1.6256000000000004,"['C0025', 'C0026']"
ed857166-f3e1-408c-9349-2012ebad4a77,/ARM_Q,F.Cu,"(45.9312, 10.8712)","(44.297599, 10.8712)",0.2,1.6336009999999987,[]
efc6d2a7-20da-48ed-8163-1bb5a4e1820d,/ARM_Q,F.Cu,"(46.4312, 10.3712)","(45.9312, 10.8712)",0.2,0.7071067811865476,[]
2ebd696d-2250-4fbc-b686-d601755a8b02,/ARM_Q,B.Cu,"(29.6592, 15.138399)","(33.1216, 15.138399)",0.2,3.4624000000000024,[]
306ad986-ed50-4139-9370-1e0de8e84ad2,/ARM_Q,B.Cu,"(17.3736, 10.769599)","(17.0688, 11.074399)",0.2,0.43105229381131965,[]
475417a3-78fb-464e-8e6b-4e4c2a958220,/ARM_Q,B.Cu,"(28.659201, 11.2776)","(22.453599, 11.2776)",0.2,6.205601999999999,[]
82e96b78-e6c7-40b8-b3e3-3c7d1c8edb78,/ARM_Q,B.Cu,"(17.0688, 11.074399)","(11.785599, 11.074399)",0.2,5.283201,[]
8990777d-35d6-4451-a213-4b76979b6fe3,/ARM_Q,B.Cu,"(29.1592, 14.638399)","(29.1592, 11.777599)",0.2,2.8607999999999993,[]
c1302d49-1954-416c-b7cd-97bee4c50bcd,/ARM_Q,B.Cu,"(29.6592, 15.138399)","(29.1592, 14.638399)",0.2,0.7071067811865476,[]
c22c35ba-bc60-4b80-b072-fce0fbe21f86,/ARM_Q,B.Cu,"(29.1592, 11.777599)","(28.659201, 11.2776)",0.2,0.7071053669729849,[]
cde4911c-37c6-4e68-be4a-882d3b163c08,/ARM_Q,B.Cu,"(33.9344, 14.3256)","(33.1216, 15.138399)",0.2,1.149472076390285,[]
041acb6d-2b4a-456c-b310-5bcf87d28d3c,/BAT_ADC_IN,F.Cu,"(44.602399, 12.9032)","(39.2176, 12.9032)",0.2,5.384799000000001,[]
1e1a819b-62e1-421e-b87a-b7fc2d2f3b55,/BAT_ADC_IN,F.Cu,"(39.2176, 12.9032)","(38.5064, 13.6144)",0.2,1.0057886855597438,[]
24e287ff-ac11-4619-b9b2-677b02ab5bb5,/BAT_ADC_IN,F.Cu,"(34.1376, 17.0688)","(29.971999, 17.0688)",0.2,4.165600999999999,[]
3b66888f-e008-4089-8c43-34c8450e1643,/BAT_ADC_IN,F.Cu,"(45.211999, 12.2936)","(44.602399, 12.9032)",0.2,0.8621045876226393,[]
5e519238-78bc-464f-a48c-e48b6c893f68,/BAT_ADC_IN,F.Cu,"(38.5064, 13.6144)","(37.592, 13.6144)",0.2,0.9144000000000005,[]
8905bfd1-a202-47c0-8c29-3583163161ed,/BAT_ADC_IN,F.Cu,"(24.9936, 22.0472)","(13.106399, 22.0472)",0.2,11.887201000000001,[]
8ffeb15e-7ecd-4405-8d5d-c6482eee637c,/BAT_ADC_IN,F.Cu,"(45.211999, 11.785599)","(45.211999, 12.2936)",0.2,0.5080010000000001,[]
d0465198-490f-4b30-a489-e84916cf19a7,/BAT_ADC_IN,F.Cu,"(45.4152, 11.5824)","(45.211999, 11.785599)",0.2,0.2873681958776925,[]
d177db66-e9ea-4b2d-9c10-d677b8d28cd4,/BAT_ADC_IN,F.Cu,"(29.971999, 17.0688)","(24.9936, 22.0472)",0.2,7.040520091811471,[]
11d71d40-9637-4216-aefb-423f8216f327,/BAT_ADC_IN,B.Cu,"(58.0136, 9.4488)","(58.0136, 7.8232)",0.2,1.6256000000000004,"['C0028', 'C0029']"
16c748c7-611b-4e33-82f5-083dd7f976b1,/BAT_ADC_IN,B.Cu,"(11.4808, 23.6728)","(11.4808, 24.180799)",0.2,0.5079990000000016,[]
29338675-8f57-47c1-a568-e9651d2c972a,/BAT_ADC_IN,B.Cu,"(45.4152, 10.3632)","(45.4152, 11.5824)",0.2,1.219199999999999,[]
42dfa97e-300e-4802-86e7-82d232e4e81a,/BAT_ADC_IN,B.Cu,"(13.106399, 22.0472)","(11.4808, 23.6728)",0.2,2.2989448598870297,[]
65fc2536-287e-46f5-94ea-1103f1ac074a,/BAT_ADC_IN,B.Cu,"(58.5216, 9.9568)","(58.0136, 9.4488)",0.2,0.7184204896855335,[]
7218a609-ab55-4735-bf68-697d2d951577,/BAT_ADC_IN,B.Cu,"(37.592, 13.6144)","(34.1376, 17.0688)",0.2,4.885259329861619,[]
d01a68e7-ab5d-484b-9afc-acb7c83038e5,/BAT_ADC_IN,B.Cu,"(58.0136, 7.8232)","(57.912, 7.7216)",0.2,0.14368409793710507,"['C0027', 'C0028', 'C0030']"
dc949350-0bfe-4e93-887f-4aee8c20df6a,/BAT_ADC_IN,B.Cu,"(57.912, 7.7216)","(48.056799, 7.7216)",0.2,9.855201000000001,"['C0029', 'C0030']"
f487ce47-6a7f-4c52-8b39-775ae3d50d13,/BAT_ADC_IN,B.Cu,"(48.056799, 7.7216)","(45.4152, 10.3632)",0.2,3.735785839258054,[]
891f63d1-27e2-4956-b0a7-9a34fb579ea6,/WHEEL_ADC_IN,F.Cu,"(26.0096, 13.9192)","(18.5928, 21.336)",0.2,10.48893914940877,[]
9d1097ab-99f0-45ad-ba9f-4ba429a506a2,/WHEEL_ADC_IN,F.Cu,"(60.452, 9.9568)","(60.452, 8.4328)",0.2,1.5239999999999991,[]
bdef9211-1380-4045-90f9-928ec7ec8c0b,/WHEEL_ADC_IN,F.Cu,"(60.452, 8.4328)","(62.5856, 6.2992)",0.2,3.017366056679237,[]
e19e7c5b-8fc3-4bbf-af21-3e5bed0c03d4,/WHEEL_ADC_IN,F.Cu,"(29.8704, 13.9192)","(26.0096, 13.9192)",0.2,3.860800000000001,[]
25688b0a-822c-4a2a-950b-15cefa9bdab7,/WHEEL_ADC_IN,B.Cu,"(31.5976, 1.727199)","(31.5976, 5.892799)",0.2,4.1656,[]
2a754c1f-7b72-43a8-bece-da72814d0fb8,/WHEEL_ADC_IN,B.Cu,"(31.5976, 5.892799)","(33.8328, 8.128)",0.2,3.1610508617232016,[]
2f357324-f464-4844-8fab-81ef5143b347,/WHEEL_ADC_IN,B.Cu,"(33.8328, 12.9032)","(32.308799, 14.4272)",0.2,2.1552621761634922,[]
3dff4447-0e62-4489-bd72-a8f797911fcb,/WHEEL_ADC_IN,B.Cu,"(62.483999, 0.7112)","(32.6136, 0.7112)",0.2,29.870399,"['C0032', 'C0033']"
503ccb93-9c62-4af4-b9f6-88f58c46fc0d,/WHEEL_ADC_IN,B.Cu,"(32.6136, 0.7112)","(31.5976, 1.727199)",0.2,1.436840272264456,[]
6010c292-d9f2-4e36-b6dd-3b89def54805,/WHEEL_ADC_IN,B.Cu,"(32.308799, 14.4272)","(30.3784, 14.4272)",0.2,1.9303990000000013,[]
8d8b9c03-d41a-4a52-84c4-5f1b57631186,/WHEEL_ADC_IN,B.Cu,"(30.3784, 14.4272)","(29.8704, 13.9192)",0.2,0.7184204896855311,[]
9fbd9032-4b18-4799-a19d-dd3ff35a69be,/WHEEL_ADC_IN,B.Cu,"(62.5856, 0.8128)","(62.483999, 0.7112)",0.2,0.1436848050456291,"['C0031', 'C0032', 'C0034']"
b66a4fc6-f976-4f7b-a69d-6bbe3da3102f,/WHEEL_ADC_IN,B.Cu,"(18.5928, 21.336)","(15.748, 24.180799)",0.2,4.023154035132264,[]
da6172d4-2f35-4bfe-9b06-61f51efd829d,/WHEEL_ADC_IN,B.Cu,"(15.748, 24.180799)","(15.0368, 24.180799)",0.2,0.7111999999999998,['C0035']
dcc2166e-f2cc-499e-ae00-59055e0adec9,/WHEEL_ADC_IN,B.Cu,"(62.5856, 6.2992)","(62.5856, 0.8128)",0.2,5.4864,"['C0033', 'C0034']"
e5446051-bb73-482b-afc7-e2bc4f76d0df,/WHEEL_ADC_IN,B.Cu,"(15.0, 24.175)","(14.225, 24.175)",0.2,0.7750000000000004,['C0035']
e81806e8-b5a4-45b4-84c6-af7617a94334,/WHEEL_ADC_IN,B.Cu,"(33.8328, 8.128)","(33.8328, 12.9032)",0.2,4.7752,[]
08adfa26-8d12-4d4b-8a5c-611d467b9a74,/CURRENT_ADC_IN,F.Cu,"(23.7744, 33.019999)","(23.7744, 28.8544)",0.2,4.165599,[]
95c96545-b9de-4ed8-8f84-826ce3e0de21,/CURRENT_ADC_IN,F.Cu,"(33.4264, 34.3408)","(25.0952, 34.3408)",0.2,8.331200000000003,[]
b49cc39a-92a1-4ce3-b365-50fba3dcc969,/CURRENT_ADC_IN,F.Cu,"(20.32, 25.4)","(19.4056, 25.4)",0.2,0.9144000000000005,[]
b8372dc7-083a-4426-a072-e46b3f31765c,/CURRENT_ADC_IN,F.Cu,"(25.0952, 34.3408)","(23.7744, 33.019999)",0.2,1.8678939802893,[]
bc180061-f518-4bab-9176-181ab1605395,/CURRENT_ADC_IN,F.Cu,"(45.0088, 34.036)","(33.7312, 34.036)",0.2,11.2776,[]
f7f2212c-fbd8-4a0f-bd5e-64b1443c6a6f,/CURRENT_ADC_IN,F.Cu,"(23.7744, 28.8544)","(20.32, 25.4)",0.2,4.885259329861619,[]
fac26cb8-1f4e-4376-8561-46729790d06c,/CURRENT_ADC_IN,F.Cu,"(33.7312, 34.036)","(33.4264, 34.3408)",0.2,0.43105229381131965,[]
1d26a990-65cf-4173-8c38-f3bf29d6b3de,/CURRENT_ADC_IN,B.Cu,"(62.5856, 34.1376)","(62.483999, 34.2392)",0.2,0.14368480504562753,"['C0036', 'C0037', 'C0039']"
3ff136e3-affb-4462-9485-cb32635eb09b,/CURRENT_ADC_IN,B.Cu,"(62.483999, 34.2392)","(45.211999, 34.2392)",0.2,17.272,"['C0037', 'C0040']"
71abcd91-60c9-452e-ba08-2cb2079d6a5f,/CURRENT_ADC_IN,B.Cu,"(18.1864, 24.180799)","(17.9832, 24.180799)",0.2,0.20319999999999894,['C0038']
81a4771e-bb58-41f1-aeb3-8db8d18474b7,/CURRENT_ADC_IN,B.Cu,"(45.211999, 34.2392)","(45.0088, 34.036)",0.2,0.28736748876829693,[]
aa1691b8-d3f0-4638-9923-76c67fe20679,/CURRENT_ADC_IN,B.Cu,"(68.072, 9.2456)","(68.072, 27.8384)",0.2,18.5928,[]
ab06196c-51d3-4234-8b9a-f56ebe8070f5,/CURRENT_ADC_IN,B.Cu,"(62.5, 8.221598)","(62.5, 10.0)",0.2,1.7784019999999998,[]
b5cc7d75-6da4-4c44-91d8-cb655c9b897b,/CURRENT_ADC_IN,B.Cu,"(19.4056, 25.4)","(18.1864, 24.180799)",0.2,1.724209882352203,[]
ba8120d7-6868-447b-aeee-050c09c81ce4,/CURRENT_ADC_IN,B.Cu,"(66.548, 7.7216)","(68.072, 9.2456)",0.2,2.1552614690565974,[]
c56fced0-391d-4248-baca-ccabe65cf99d,/CURRENT_ADC_IN,B.Cu,"(62.999999, 7.7216)","(62.5, 8.221598)",0.2,0.7071046598665597,[]
dd9b34e3-d109-4c6e-847b-cd45e96dd2e4,/CURRENT_ADC_IN,B.Cu,"(62.5856, 33.324799)","(62.5856, 34.1376)",0.2,0.8128010000000003,"['C0039', 'C0040']"
f6266034-b5c7-4bc2-a311-f79934b8ff91,/CURRENT_ADC_IN,B.Cu,"(66.548, 7.7216)","(62.999999, 7.7216)",0.2,3.5480009999999993,[]
f6904e45-7303-4e2f-be38-02b464b1342f,/CURRENT_ADC_IN,B.Cu,"(68.072, 27.8384)","(62.5856, 33.324799)",0.2,7.758940581497001,[]
01d6d305-002c-406b-a605-658bbcce9097,/S288_OE_N,F.Cu,"(22.811247, 7.668752)","(22.0472, 8.4328)",0.2,1.0805263367974902,[]
3df51ed9-177c-4945-96c9-b2c4e39f765b,/S288_OE_N,F.Cu,"(20.828, 8.4328)","(20.7264, 8.3058)",0.2,0.16263935563079343,"['C0041', 'C0042']"
619aa8a4-1136-411d-8df9-7f8ccda12a2c,/S288_OE_N,F.Cu,"(23.518352, 7.668752)","(22.811247, 7.668752)",0.2,0.7071049999999985,[]
7f032743-9b4b-48b5-9c51-0ec166a729c4,/S288_OE_N,F.Cu,"(26.416, 10.5664)","(23.518352, 7.668752)",0.2,4.097893100583275,[]
dc01a6e2-3d60-423c-9b29-d536fcc980ff,/S288_OE_N,F.Cu,"(22.0472, 8.4328)","(20.828, 8.4328)",0.2,1.2192000000000007,[]
69002e29-3966-4784-bf71-89172026f314,/S288_OE_N,B.Cu,"(20.7264, 8.3)","(20.7264, 8.3058)",0.2,0.005799999999998917,"['C0043', 'C0044']"
721818a6-6161-4f9c-80db-9911f62055fa,/S288_OE_N,B.Cu,"(26.416, 9.753599)","(26.416, 10.5664)",0.2,0.8128010000000003,[]
de30a27c-5c3a-42db-912e-51d694262a79,/S288_OE_N,B.Cu,"(19.25, 9.95)","(19.25, 9.0)",0.2,0.9499999999999993,[]
eb45f32d-aa00-4a3d-b376-dc33491e107e,/S288_OE_N,B.Cu,"(19.25, 9.0)","(19.95, 8.3)",0.2,0.9899494936611656,[]
ebc48156-fb19-4193-b821-f26a7ef8db2d,/S288_OE_N,B.Cu,"(19.95, 8.3)","(20.7264, 8.3)",0.2,0.7764000000000024,['C0044']
c8b177f4-489e-4223-b8d6-5d5b85fdf70e,/S288_TX_BUF,B.Cu,"(29.55, 8.75)","(31.475, 8.75)",0.2,1.9250000000000007,[]
4b71562c-38ba-4b18-b7a8-be04af89f6ba,/CAM_RX_BUF,B.Cu,"(40.55, 10.75)","(40.55, 12.051)",0.2,1.3010000000000002,[]
631f2db4-3baa-4f80-92a0-e243752709e0,/CAM_RX_BUF,B.Cu,"(40.55, 12.051)","(41.999, 13.5)",0.2,2.049195451878618,[]
93813532-89d7-4a8d-be76-81eb1d6ce986,/CAM_RX_BUF,B.Cu,"(41.999, 13.5)","(44.175, 13.5)",0.2,2.175999999999995,[]
e3358413-3b5e-459e-b56e-70ef9f3728db,/CAM_RX_BUF,B.Cu,"(40.55, 10.75)","(41.05, 10.75)",0.2,0.5,[]
252a9b76-a28d-40a4-8423-7ee25564b3dc,/ARM_Q_N,F.Cu,"(12.4912, 6.7)","(11.7, 6.7)",0.2,0.7911999999999999,[]
4fb1621b-2911-466f-bd9f-ffc7f43c4fa9,/ARM_Q_N,F.Cu,"(18.1864, 12.801599)","(17.8816, 12.801599)",0.2,0.3048000000000002,[]
60abdc85-237a-443a-b1d1-36ddbe04aab6,/ARM_Q_N,F.Cu,"(15.748, 10.668)","(15.748, 9.9568)",0.2,0.7111999999999998,[]
8f4fbaa9-ec27-4676-9b0a-8b3d00909975,/ARM_Q_N,F.Cu,"(15.748, 9.9568)","(16.764, 8.9408)",0.2,1.4368409793710646,[]
9e978e61-9545-458f-8dbd-ebe0dc58cc83,/ARM_Q_N,F.Cu,"(15.748, 9.9568)","(12.4912, 6.7)",0.2,4.605810729936696,[]
adb8fca9-afae-454d-8448-ea426aa1cf71,/ARM_Q_N,F.Cu,"(19.507199, 14.122399)","(18.1864, 12.801599)",0.2,1.8678925660757373,[]
b81be773-2b7c-4408-ad96-01b4c2cfdd90,/ARM_Q_N,F.Cu,"(17.8816, 12.801599)","(15.748, 10.668)",0.2,3.017365349572537,[]
ccf30822-47b0-435b-ac4b-83ce3a809158,/ARM_Q_N,F.Cu,"(16.764, 8.9408)","(17.9832, 8.9408)",0.2,1.2192000000000007,[]
056aa876-a579-4e36-b7cc-39057c9336e3,/ARM_Q_N,B.Cu,"(11.25, 7.15)","(11.7, 6.7)",0.2,0.6363961030678924,[]
188e95c8-49dc-4cf1-9acf-dcee35eac139,/ARM_Q_N,B.Cu,"(19.2024, 13.0048)","(19.2024, 13.817599)",0.2,0.812799,[]
1cabb0b6-9d54-4af9-9f13-6dce3d0d3969,/ARM_Q_N,B.Cu,"(19.2024, 13.817599)","(19.507199, 14.122399)",0.2,0.4310515867051177,[]
215cf910-d25c-43a7-bbb9-b991c81a632c,/ARM_Q_N,B.Cu,"(11.25, 7.95)","(11.25, 7.15)",0.2,0.7999999999999998,[]
2da15da2-422c-49c0-b942-0883536f2620,/ARM_Q_N,B.Cu,"(17.9832, 8.9408)","(18.1864, 9.144)",0.2,0.2873681958742127,[]
3dc77b69-e00c-4fd8-9c24-b986d24b97cf,/ARM_Q_N,B.Cu,"(18.4912, 9.144)","(18.796, 9.4488)",0.2,0.43105229381131965,[]
b2ed8935-bd41-4434-9ecd-e07ecb4756c0,/ARM_Q_N,B.Cu,"(18.796, 9.4488)","(18.796, 9.9568)",0.2,0.5079999999999991,[]
b3fdc99d-515a-480a-9e16-13e1cbf57c4f,/ARM_Q_N,B.Cu,"(18.1864, 9.144)","(18.4912, 9.144)",0.2,0.3048000000000002,[]
112db985-22a9-4d93-8a65-dd506cb80b67,/HEAD_OE_N,F.Cu,"(20.116799, 24.9936)","(22.5552, 24.9936)",0.2,2.438400999999999,[]
34fea0be-d8a2-40ef-a21b-496e02f1b09c,/HEAD_OE_N,F.Cu,"(19.507199, 24.384)","(20.116799, 24.9936)",0.2,0.8621045876226393,[]
09f7531f-4baa-4625-931f-596adbde3bf9,/HEAD_OE_N,B.Cu,"(18.75, 16.718001)","(19.507199, 17.4752)",0.2,1.0708410952153453,[]
60e8a5a7-e8f8-4e15-8613-8e1007c22ea9,/HEAD_OE_N,B.Cu,"(18.75, 13.05)","(18.75, 16.718001)",0.2,3.6680010000000003,[]
8b66caeb-2f16-4782-9f99-d3e449fe85be,/HEAD_OE_N,B.Cu,"(19.507199, 17.4752)","(19.507199, 24.384)",0.2,6.908799999999999,[]
b6482b61-40d6-428a-b85c-aa4c9e050832,/HEAD_OE_N,B.Cu,"(22.5552, 24.9936)","(21.843999, 24.9936)",0.2,0.7112009999999991,[]
23d9284e-e184-486e-a17f-73dcc2192a66,/HEAD_TX_BUF,B.Cu,"(20.5075, 20.4685)","(20.9379, 20.0381)",0.2,0.6086775172453784,[]
71b4c038-3d5b-44e0-8960-d44dcf714e32,/HEAD_TX_BUF,B.Cu,"(20.5075, 21.0463)","(20.5075, 20.4685)",0.2,0.5777999999999999,[]
b553ae6e-c94d-474b-8aaa-b035a3e730d4,/HEAD_TX_BUF,B.Cu,"(20.75, 21.2888)","(20.5075, 21.0463)",0.2,0.3429467888754752,[]
ba861c57-a7d1-483a-a619-8606f678f981,/HEAD_TX_BUF,B.Cu,"(20.75, 21.2888)","(20.75, 21.95)",0.2,0.6612000000000009,[]
dfcd46d5-251d-4951-8da2-9b12f3229c10,/HEAD_TX_BUF,B.Cu,"(20.9379, 20.0381)","(24.2131, 20.0381)",0.2,3.2752000000000017,[]
