board,reference,category,side,track_layer,same_side,net,component_has_this_net,track_uuid,start_mm,end_mm,core_length_estimate_mm,body_rect_mm,first_body_sample_mm
MORI_imu_P3,R1,COMPONENT,F.Cu,F.Cu,True,/GND,False,10a58e0f-60e2-496f-bc0a-622fd72de7ab,"(6.3, 6.05)","(6.3, 9.15)",0.825,"[5.3999999999999995, 7.8374999999999995, 7.0, 8.6625]","[6.3, 7.85]"
MORI_imu_P3,J1,CONNECTOR,F.Cu,F.Cu,True,/MISO,True,21273e10-7017-42ee-a7b5-bb76d5ac9395,"(9.922, 3.895)","(8.7878, 3.895)",1.134,"[3.375, 1.0, 16.625, 5.25]","[9.909671739130435, 3.895]"
MORI_imu_P3,J1,CONNECTOR,F.Cu,F.Cu,True,/MISO,True,43630167-4f42-419e-81e3-7955731593f3,"(5.5383, 4.0564)","(5.4666, 3.9847)",0.101,"[3.375, 1.0, 16.625, 5.25]","[5.531129999999999, 4.04923]"
MORI_imu_P3,J1,CONNECTOR,F.Cu,F.Cu,True,/MISO,True,610975c2-712c-4fb2-a870-07f72c3be4ef,"(10.625, 4.598)","(9.922, 3.895)",0.994,"[3.375, 1.0, 16.625, 5.25]","[10.6162125, 4.5892124999999995]"
MORI_imu_P3,J1,CONNECTOR,F.Cu,F.Cu,True,/MISO,True,61bbe90c-3b40-48a2-9b56-b80ab64fc6db,"(8.6264, 4.0564)","(5.5383, 4.0564)",3.088,"[3.375, 1.0, 16.625, 5.25]","[8.613947983870968, 4.0564]"
MORI_imu_P3,J1,CONNECTOR,F.Cu,F.Cu,True,/MISO,True,de864294-fb55-4e24-b5b5-4bf6bcb92d34,"(8.7878, 3.895)","(8.6264, 4.0564)",0.228,"[3.375, 1.0, 16.625, 5.25]","[8.77973, 3.90307]"
MORI_imu_P3,J1,CONNECTOR,F.Cu,B.Cu,False,/MISO,True,9befd0a7-a3dc-44f0-bb77-ef625ea8737d,"(5.4666, 7.1634)","(5.4666, 3.9847)",0.62,"[3.375, 1.0, 16.625, 5.25]","[5.4666, 4.592540196078431]"
MORI_imu_P3,J1,CONNECTOR,F.Cu,F.Cu,True,/+3V3,True,2704ee44-5cc1-4ea0-b34b-2006c529a9f0,"(5.625, 5.45)","(4.9796, 4.8046)",0.485,"[3.375, 1.0, 16.625, 5.25]","[5.31365, 5.13865]"
MORI_imu_P3,J1,CONNECTOR,F.Cu,F.Cu,True,/+3V3,True,2e15b36a-8783-45f0-8c1a-d15068b6d242,"(4.9796, 4.8046)","(4.7133, 4.8046)",0.266,"[3.375, 1.0, 16.625, 5.25]","[4.967495454545454, 4.8046]"
MORI_imu_P3,J1,CONNECTOR,F.Cu,B.Cu,False,/+3V3,True,5e9ef6f2-7fa2-4213-853e-7ea8cdb2a2ba,"(4.7133, 4.8046)","(4.7133, 8.6831)",0.445,"[3.375, 1.0, 16.625, 5.25]","[4.7133, 4.816972222222222]"
MORI_imu_P3,J1,CONNECTOR,F.Cu,F.Cu,True,/SCK,True,5aa76a68-ca65-4a31-ae34-9a1d6309b22a,"(8.125, 5.2103)","(9.0376, 4.2977)",0.869,"[3.375, 1.0, 16.625, 5.25]","[8.432125, 4.903175]"
MORI_imu_P3,J1,CONNECTOR,F.Cu,F.Cu,True,/SCK,True,6b4603c9-d99d-433f-a170-78e9d888db2a,"(9.7124, 4.2977)","(9.9773, 4.5626)",0.375,"[3.375, 1.0, 16.625, 5.25]","[9.72123, 4.3065299999999995]"
MORI_imu_P3,J1,CONNECTOR,F.Cu,F.Cu,True,/SCK,True,b15c38be-f484-4fce-80bc-cbb4a61759ea,"(9.9773, 4.5626)","(9.9773, 6.7579)",0.687,"[3.375, 1.0, 16.625, 5.25]","[9.9773, 4.574875]"
MORI_imu_P3,J1,CONNECTOR,F.Cu,F.Cu,True,/SCK,True,db6cc968-b676-486a-83fe-f01b5ac83077,"(9.0376, 4.2977)","(9.7124, 4.2977)",0.675,"[3.375, 1.0, 16.625, 5.25]","[9.050096296296296, 4.2977]"
MORI_imu_P3,J1,CONNECTOR,F.Cu,F.Cu,True,/DRDY,True,00237932-dc3c-4029-bc29-d85c97c74066,"(13.125, 5.1437)","(11.336, 3.3547)",2.108,"[3.375, 1.0, 16.625, 5.25]","[12.818063725490196, 4.836763725490196]"
MORI_imu_P3,J1,CONNECTOR,F.Cu,F.Cu,True,/DRDY,True,d0af4cd0-6574-4fb3-8585-d770f34141e2,"(11.336, 3.3547)","(7.5562, 3.3547)",3.78,"[3.375, 1.0, 16.625, 5.25]","[11.323566447368421, 3.3547]"
MORI_imu_P3,J1,CONNECTOR,F.Cu,B.Cu,False,/DRDY,True,b90089d7-a232-4bda-b160-ba3cd72d1da4,"(7.5562, 9.9834)","(7.5562, 3.3547)",1.895,"[3.375, 1.0, 16.625, 5.25]","[7.5562, 5.237530921052631]"
MORI_imu_P3,C3,COMPONENT,F.Cu,F.Cu,True,/GND,True,7a0342a8-14c7-4ac3-9ea5-a7e8fa2f0bf8,"(8.55, 12.5)","(9.35, 13.3)",0.394,"[8.200000000000001, 12.100000000000001, 9.799999999999999, 12.899999999999999]","[8.680434782608696, 12.630434782608695]"
MORI_imu_P3,C3,COMPONENT,F.Cu,F.Cu,True,/GND,True,9294c240-7d9d-4082-b3c2-223fbb413d45,"(9.5, 13.6)","(8.4, 12.5)",0.172,"[8.200000000000001, 12.100000000000001, 9.799999999999999, 12.899999999999999]","[8.791304347826086, 12.891304347826086]"
MORI_imu_P3,C3,COMPONENT,F.Cu,B.Cu,False,/CS_N,False,8ba25a83-f1e4-44e9-8f00-342358322458,"(8.2338, 13.825)","(13.0834, 8.9754)",0.245,"[8.200000000000001, 12.100000000000001, 9.799999999999999, 12.899999999999999]","[9.167464864864867, 12.891335135135133]"
MORI_imu_P3,U1,COMPONENT,F.Cu,F.Cu,True,/MISO_IC,True,4c923f90-c670-4492-a841-d51bbcb17087,"(7.025, 8.25)","(8.7125, 8.25)",0.096,"[8.375, 7.75, 11.375, 10.25]","[8.387053571428572, 8.25]"
MORI_imu_P3,U1,COMPONENT,F.Cu,F.Cu,True,/+3V3,True,30148871-c7d4-4512-81a9-6666029a5a5c,"(9.375, 9.9125)","(9.375, 11.3224)",0.096,"[8.375, 7.75, 11.375, 10.25]","[9.375, 10.165625]"
MORI_imu_P3,U1,COMPONENT,F.Cu,F.Cu,True,/+3V3,True,71f13aaf-ad41-4afc-bb53-90e2493e24e6,"(11.0375, 9.75)","(13.0, 9.75)",0.096,"[8.375, 7.75, 11.375, 10.25]","[11.290625, 9.75]"
MORI_imu_P3,U1,COMPONENT,F.Cu,F.Cu,True,/GND,True,1ab9a939-dba8-4210-a233-37a1cb312a0e,"(8.7, 8.75)","(8.7, 9.25)",0.25,"[8.375, 7.75, 11.375, 10.25]","[8.7, 8.8875]"
MORI_imu_P3,U1,COMPONENT,F.Cu,F.Cu,True,/GND,True,1b61a30f-f56a-4dc6-afbf-dd20f8511a5f,"(11.05, 9.25)","(12.1, 8.2)",0.29,"[8.375, 7.75, 11.375, 10.25]","[11.178289473684211, 9.12171052631579]"
MORI_imu_P3,U1,COMPONENT,F.Cu,F.Cu,True,/GND,True,36f59829-ee62-4f4a-8190-9911e0c2d7d3,"(11.05, 8.25)","(11.05, 9.25)",0.5,"[8.375, 7.75, 11.375, 10.25]","[11.05, 8.3875]"
MORI_imu_P3,U1,COMPONENT,F.Cu,F.Cu,True,/GND,True,59d35fb6-013b-40c9-9d88-32ae44f0f4aa,"(6.3, 9.05)","(8.5, 9.05)",0.125,"[8.375, 7.75, 11.375, 10.25]","[8.3875, 9.05]"
MORI_imu_P3,U1,COMPONENT,F.Cu,F.Cu,True,/GND,True,5e0e5e74-0095-4606-87af-b92c51dd2244,"(10.4, 9.95)","(11.45, 11.0)",0.275,"[8.375, 7.75, 11.375, 10.25]","[10.514705882352942, 10.064705882352941]"
MORI_imu_P3,U1,COMPONENT,F.Cu,F.Cu,True,/GND,True,bb7d09fa-3b23-4d39-8fc3-10eb25627830,"(8.7, 9.25)","(8.5, 9.05)",0.094,"[8.375, 7.75, 11.375, 10.25]","[8.558333333333334, 9.108333333333334]"
MORI_imu_P3,U1,COMPONENT,F.Cu,F.Cu,True,/GND,True,d4c5c6a1-77e7-4d3f-b6bd-72a5b7134fee,"(9.9, 9.9)","(10.4, 9.9)",0.25,"[8.375, 7.75, 11.375, 10.25]","[10.012500000000001, 9.9]"
MORI_imu_P3,U1,COMPONENT,F.Cu,F.Cu,True,/SCK,True,77e42b0e-9750-48e1-a8d0-917da5ff6535,"(9.875, 6.8602)","(9.875, 8.0875)",0.096,"[8.375, 7.75, 11.375, 10.25]","[9.875, 7.762053571428572]"
MORI_imu_P3,U1,COMPONENT,F.Cu,F.Cu,True,/MOSI,True,e92d4049-9663-417b-9a65-6a79eed5d849,"(9.375, 5.45)","(9.375, 8.0875)",0.096,"[8.375, 7.75, 11.375, 10.25]","[9.375, 7.762053571428572]"
MORI_imu_P3,U1,COMPONENT,F.Cu,F.Cu,True,/CS_N,True,6fcf6254-d956-496b-96f5-9d4985307d66,"(10.375, 8.0875)","(10.375, 7.0875)",0.096,"[8.375, 7.75, 11.375, 10.25]","[10.375, 7.834375]"
MORI_imu_P3,U1,COMPONENT,F.Cu,F.Cu,True,/DRDY,True,5ce43f72-a9c2-4097-a88e-759b08340646,"(8.7125, 9.75)","(7.7125, 9.75)",0.096,"[8.375, 7.75, 11.375, 10.25]","[8.459375, 9.75]"
MORI_imu_P3,C1,COMPONENT,F.Cu,B.Cu,False,/CS_N,False,8ace3d65-2c7e-4e5a-8261-92adafd5b1ee,"(13.0834, 8.9754)","(13.0834, 6.9755)",0.315,"[12.600000000000001, 8.175, 13.399999999999999, 9.774999999999999]","[13.0834, 8.963272727272727]"
MORI_imu_P3,C1,COMPONENT,F.Cu,B.Cu,False,/CS_N,False,8ba25a83-f1e4-44e9-8f00-342358322458,"(8.2338, 13.825)","(13.0834, 8.9754)",0.464,"[12.600000000000001, 8.175, 13.399999999999999, 9.774999999999999]","[12.764010714285714, 9.294789285714284]"
MORI_imu_P3,R2,COMPONENT,F.Cu,F.Cu,True,/GND,False,b55dc7e7-4b61-488a-8f83-e92932184345,"(7.0, 12.9)","(6.0, 12.9)",0.825,"[6.0874999999999995, 12.200000000000001, 6.9125000000000005, 13.799999999999999]","[6.900367647058824, 12.9]"
