board,uuid,net,layer,a,z,width,length,flags
MORI_rear_P5R4,0c7001f3-0309-4543-b7c5-8897f68aff62,/MASTER_RETURN,F.Cu,"(7.3, 15.45)","(7.3, 16.3)",0.2,0.8500000000000014,[]
MORI_rear_P5R4,0d4a1d43-4ce4-4177-ba88-55dad07a9763,/MASTER_RETURN,F.Cu,"(6.8, 14.95)","(7.3, 15.45)",0.2,0.7071067811865476,[]
MORI_rear_P5R4,3b21d0f9-d4c0-417f-9e3d-4d2fe567619e,/MASTER_RETURN,F.Cu,"(8.45, 17.45)","(8.45, 19.5)",0.2,2.0500000000000007,[]
MORI_rear_P5R4,59f42424-8ccf-48c3-adff-8f95a07872ac,/MASTER_RETURN,F.Cu,"(7.3, 10.85)","(6.8, 11.35)",0.2,0.7071067811865476,[]
MORI_rear_P5R4,b06205d0-c63e-49a3-ad6e-f8ebd9a4d4b5,/MASTER_RETURN,F.Cu,"(7.3, 16.3)","(8.45, 17.45)",0.2,1.6263455967290579,[]
MORI_rear_P5R4,b3cf2207-3d51-4a74-955f-9a6a5d6542a9,/MASTER_RETURN,F.Cu,"(6.8, 11.35)","(6.8, 14.95)",0.2,3.5999999999999996,[]
MORI_rear_P5R4,de386c7a-1129-497c-87d9-f12b12bf465d,/MASTER_RETURN,F.Cu,"(9.5, 10.85)","(7.3, 10.85)",0.2,2.2,[]
MORI_rear_P5R4,0fca1dbe-e267-4f1f-bd5b-13dbd73829c7,/GND,B.Cu,"(15.35, 9.5)","(15.95, 10.1)",0.3,0.8485281374238566,[]
MORI_rear_P5R4,1a5e836f-6f0f-4206-9678-c74a47f9dc1a,/GND,B.Cu,"(4.3, 23.075)","(5.4, 23.075)",0.3,1.1000000000000005,[]
MORI_rear_P5R4,5ec5c2aa-f7da-49e3-a766-cc6df51c59f5,/GND,B.Cu,"(9.9, 9.85)","(8.15, 9.85)",0.3,1.75,[]
MORI_rear_P5R4,765b44f9-9aa0-40f7-93d3-309ff1d2e88a,/GND,B.Cu,"(2.5, 19.0)","(3.0, 19.0)",0.5,0.5,[]
MORI_rear_P5R4,7a5aebaa-35a8-4b58-835d-24ee7a581f2b,/GND,B.Cu,"(2.3, 17.7)","(1.8, 18.2)",0.5,0.7071067811865474,"[""C0002"", ""C0004""]"
MORI_rear_P5R4,afb59ce6-ff5d-4034-81f5-c05a648d64bf,/GND,B.Cu,"(1.8, 18.2)","(1.8, 18.3)",0.5,0.10000000000000142,"[""C0001"", ""C0002"", ""C0005""]"
MORI_rear_P5R4,b489c2d6-2a80-4a65-9e82-47ee8f887d08,/GND,B.Cu,"(8.15, 9.85)","(8.0, 10.0)",0.3,0.21213203435596478,"[""C0003""]"
MORI_rear_P5R4,b81fc1e2-acad-43b6-af45-958d4bdc07cb,/GND,B.Cu,"(15.95, 10.1)","(15.95, 10.7)",0.3,0.5999999999999996,[]
MORI_rear_P5R4,c69522a5-315e-4d17-a83f-74ffc27dae55,/GND,B.Cu,"(1.8, 18.3)","(2.5, 19.0)",0.5,0.9899494936611659,"[""C0004"", ""C0005""]"
MORI_rear_P5R4,dd8230eb-015a-440e-b559-fbe6ecbe3056,/GND,B.Cu,"(2.5, 17.7)","(2.3, 17.7)",0.5,0.20000000000000018,"[""C0006""]"
MORI_rear_P5R4,1ec96a7a-b63e-4bc8-adf4-49ad04965277,/LOOP_3V3,F.Cu,"(11.785599, 17.1704)","(12.7, 18.084799)",0.2,1.293156881434731,[]
MORI_rear_P5R4,a081cff9-60eb-4c40-bb09-e5daa6a8ea08,/LOOP_3V3,F.Cu,"(9.5504, 15.748)","(10.9728, 17.1704)",0.2,2.0115773711194915,[]
MORI_rear_P5R4,b342be01-47e8-4687-bcae-d125d344560d,/LOOP_3V3,F.Cu,"(12.7, 18.084799)","(12.7, 19.304)",0.2,1.2192009999999982,[]
MORI_rear_P5R4,c3035362-3e30-4f62-aef3-117376cf4e26,/LOOP_3V3,F.Cu,"(10.9728, 17.1704)","(11.785599, 17.1704)",0.2,0.812799,[]
MORI_rear_P5R4,78e4136b-f55a-4029-a1ac-9db894b58c58,/CLR_N,F.Cu,"(12.0, 16.750001)","(12.499999, 17.25)",0.2,0.7071053669729849,[]
MORI_rear_P5R4,837b96ad-6486-460b-a6db-17a83350fa2c,/CLR_N,F.Cu,"(12.499999, 17.25)","(13.950001, 17.25)",0.2,1.4500019999999996,[]
MORI_rear_P5R4,b2f88a7d-d902-4e46-ac56-f1ea85f29b0f,/CLR_N,F.Cu,"(13.950001, 17.25)","(14.45, 17.749999)",0.2,0.7071053669729838,[]
MORI_rear_P5R4,c1ba4953-5e85-48b1-814d-9f5d03f1599f,/CLR_N,F.Cu,"(14.45, 17.749999)","(14.45, 19.5)",0.2,1.750001000000001,[]
MORI_rear_P5R4,d1ef91c0-7dd9-4a71-9b00-c5f34a50e712,/CLR_N,F.Cu,"(12.0, 15.7)","(12.0, 16.750001)",0.2,1.0500010000000017,[]
MORI_rear_P5R4,0c305107-d0da-4f31-a290-da63f53b9c00,/VBUS_RAW,F.Cu,"(16.6, 15.75)","(16.6, 23.1)",0.2,7.350000000000001,[]
MORI_rear_P5R4,4e578e46-14d1-4d85-a74b-e18a1fd17da0,/VBUS_RAW,F.Cu,"(16.0, 15.15)","(16.6, 15.75)",0.2,0.8485281374238578,[]
MORI_rear_P5R4,6fe130c4-eb23-46ef-92de-efad2fd2d50a,/VBUS_RAW,F.Cu,"(7.1882, 8.3)","(7.6882, 7.8)",0.6,0.7071067811865481,[]
MORI_rear_P5R4,83a8da73-0a0b-48aa-9e57-b1bb9472ec6d,/VBUS_RAW,F.Cu,"(7.1882, 9.0)","(7.1882, 8.3)",0.6,0.6999999999999993,[]
MORI_rear_P5R4,d39be204-2adf-4481-a576-b29df582fe35,/VBUS_RAW,F.Cu,"(16.6, 23.1)","(17.2, 23.7)",0.2,0.848528137423854,[]
MORI_rear_P5R4,dbfe0c38-db4c-4198-aae1-576319eeb2d1,/VBUS_RAW,F.Cu,"(16.2, 7.8)","(16.7, 8.3)",0.6,0.7071067811865481,[]
MORI_rear_P5R4,f422e278-44c2-4267-9e7e-c44c3c8182d3,/VBUS_RAW,F.Cu,"(17.2, 23.7)","(19.0, 23.7)",0.2,1.8000000000000007,[]
MORI_rear_P5R4,fdb9b930-bbe2-45d5-9390-5d8134fd98a9,/VBUS_RAW,F.Cu,"(7.6882, 7.8)","(16.2, 7.8)",0.6,8.5118,[]
MORI_rear_P5R4,3c039bf3-fffd-4401-8d25-777080398b33,/VBUS_RAW,B.Cu,"(16.7, 8.3)","(16.7, 8.8)",0.2,0.5,[]
MORI_rear_P5R4,4c5f6df3-5b66-4ff2-a45e-9bd88795e586,/VBUS_RAW,B.Cu,"(9.05, 9.0)","(7.1882, 9.0)",0.5,1.8618000000000006,[]
MORI_rear_P5R4,55b720f0-5886-4220-93d2-82126bc6781b,/VBUS_RAW,B.Cu,"(16.7, 14.85)","(16.399999, 15.15)",0.2,0.42426477581929817,[]
MORI_rear_P5R4,5728804c-3cdd-4c91-937b-3a35488b4307,/VBUS_RAW,B.Cu,"(4.099999, 7.7)","(5.4, 9.0)",0.6,1.8384783381919405,[]
MORI_rear_P5R4,6b82fd9f-aa0f-4f56-b5e3-fad39ade042a,/VBUS_RAW,B.Cu,"(16.399999, 15.15)","(16.0, 15.15)",0.2,0.3999990000000011,[]
MORI_rear_P5R4,811e5453-a323-417e-aa38-599e900dad35,/VBUS_RAW,B.Cu,"(16.7, 8.8)","(16.7, 14.85)",0.2,6.049999999999999,[]
MORI_rear_P5R4,841b33ac-3c5c-483f-a819-480d17680ee5,/VBUS_RAW,B.Cu,"(5.4, 9.0)","(7.1882, 9.0)",0.6,1.7881999999999998,[]
MORI_rear_P5R4,846acd53-1782-41df-96c2-bd79e2b69cef,/VBUS_RAW,B.Cu,"(14.75, 8.3)","(16.7, 8.3)",0.5,1.9499999999999993,[]
MORI_rear_P5R4,918e7ac8-84b2-468f-85e8-08db4986a856,/VBUS_RAW,B.Cu,"(9.55, 7.045)","(9.55, 8.5)",0.5,1.455,[]
MORI_rear_P5R4,c554459e-656e-403e-8e95-9419210f7c0a,/VBUS_RAW,B.Cu,"(14.45, 8.0)","(14.75, 8.3)",0.5,0.42426406871192957,[]
MORI_rear_P5R4,fc592ff1-865b-4d64-b504-075b8ebb456a,/VBUS_RAW,B.Cu,"(14.45, 7.045)","(14.45, 8.0)",0.5,0.9550000000000001,[]
MORI_rear_P5R4,fde457b4-1839-4613-a3ef-94b74722dcb2,/VBUS_RAW,B.Cu,"(9.55, 8.5)","(9.05, 9.0)",0.5,0.7071067811865476,[]
MORI_rear_P5R4,30b6a993-2294-4aaa-b81b-326673c4ade8,/VBUS_FUSED,F.Cu,"(7.0104, 3.81)","(6.596, 3.81)",0.6,0.41439999999999966,[]
MORI_rear_P5R4,40513c65-028d-4db3-a900-73f81fc6b663,/VBUS_FUSED,F.Cu,"(6.596, 3.81)","(6.096, 4.31)",0.6,0.7071067811865472,[]
MORI_rear_P5R4,ddd24efb-9505-40f0-a2b0-12461b6d6b95,/VBUS_FUSED,F.Cu,"(6.096, 4.31)","(6.096, 16.1036)",0.6,11.793600000000001,[]
MORI_rear_P5R4,0bd27b25-4c97-4502-a55b-9807e9cf6a25,/VBUS_FUSED,B.Cu,"(17.2, 15.7)","(19.0, 15.7)",0.6,1.8000000000000007,[]
MORI_rear_P5R4,2ad7e443-b3fe-4800-b53f-343ca5334371,/VBUS_FUSED,B.Cu,"(5.65, 17.7)","(5.3, 17.7)",0.6,0.35000000000000053,[]
MORI_rear_P5R4,2ccb3383-9dc8-4e8e-997b-f413d6576169,/VBUS_FUSED,B.Cu,"(4.099999, 1.95)","(5.1504, 1.95)",0.6,1.050401,[]
MORI_rear_P5R4,3ef3873a-8beb-48aa-96b5-7bef24af4334,/VBUS_FUSED,B.Cu,"(16.7964, 16.1036)","(17.2, 15.7)",0.6,0.5707765937737824,[]
MORI_rear_P5R4,40a280a5-f1b3-4239-ab2c-9978552858d5,/VBUS_FUSED,B.Cu,"(5.65, 16.5496)","(5.65, 17.7)",0.6,1.1503999999999976,[]
MORI_rear_P5R4,6fab457f-1ab3-4398-98c7-1454a1452153,/VBUS_FUSED,B.Cu,"(5.65, 21.05)","(5.175, 21.525)",0.3,0.671751442127219,[]
MORI_rear_P5R4,a335f061-52f9-4790-91a4-2c0fe63d4e2d,/VBUS_FUSED,B.Cu,"(5.175, 21.525)","(4.3, 21.525)",0.3,0.875,[]
MORI_rear_P5R4,b1fc7b11-8e15-4844-96ff-c1768991a1f6,/VBUS_FUSED,B.Cu,"(5.1504, 1.95)","(7.0104, 3.81)",0.6,2.6304372260139566,[]
MORI_rear_P5R4,c020ef92-33d6-476a-ba0a-63aae8a91a0b,/VBUS_FUSED,B.Cu,"(6.096, 16.1036)","(16.7964, 16.1036)",0.6,10.700399999999998,[]
MORI_rear_P5R4,d78e0173-d1fd-4aad-9dd9-52acd8b57f4e,/VBUS_FUSED,B.Cu,"(6.096, 16.1036)","(5.65, 16.5496)",0.6,0.6307392488184013,[]
MORI_rear_P5R4,ffb13a1c-3e8d-4fb5-ae15-4f062b1a915a,/VBUS_FUSED,B.Cu,"(5.65, 17.7)","(5.65, 21.05)",0.3,3.3500000000000014,[]
MORI_rear_P5R4,02c993c6-0003-4362-9d52-b32931196a3f,/CC1,B.Cu,"(16.9, 24.2)","(17.4752, 23.6248)",0.2,0.8134556410770052,[]
MORI_rear_P5R4,2b7764f8-65d9-4e65-99c2-7702d99d3be8,/CC1,B.Cu,"(11.9888, 9.042399)","(10.769599, 7.8232)",0.2,1.7242091752458573,[]
MORI_rear_P5R4,397c25af-caab-44bc-8200-c4661d2bc5de,/CC1,B.Cu,"(18.084799, 19.7104)","(18.9992, 19.7104)",0.2,0.914400999999998,[]
MORI_rear_P5R4,5b680d7c-3b5a-4f08-9bf8-04b45100995e,/CC1,B.Cu,"(2.4, 24.2)","(16.9, 24.2)",0.2,14.499999999999998,[]
MORI_rear_P5R4,635a1c22-900b-4ea9-9afa-e62884273442,/CC1,B.Cu,"(7.112, 10.9728)","(1.2, 16.8848)",0.2,8.360830580749736,[]
MORI_rear_P5R4,841b6c70-5022-414a-a758-b2838c942320,/CC1,B.Cu,"(11.9888, 9.8552)","(11.9888, 9.042399)",0.2,0.8128010000000003,[]
MORI_rear_P5R4,9367b063-22cc-42fd-bbe9-6f9b410e4ac5,/CC1,B.Cu,"(11.9888, 9.8552)","(11.9888, 10.668)",0.2,0.8127999999999993,[]
MORI_rear_P5R4,9c98491b-0d1e-41a0-baa9-1c860a119039,/CC1,B.Cu,"(17.4752, 23.6248)","(17.4752, 20.32)",0.2,3.3048,[]
MORI_rear_P5R4,a06566db-0252-4305-9604-47be97e11db4,/CC1,B.Cu,"(1.2, 16.8848)","(1.2, 23.0)",0.2,6.1152000000000015,[]
MORI_rear_P5R4,cf50119c-069b-45c3-8b0b-274ae0f7cb88,/CC1,B.Cu,"(10.769599, 7.8232)","(10.769599, 7.0104)",0.2,0.8128000000000002,[]
MORI_rear_P5R4,d6a1c8dd-b6f8-4b8c-b63d-260844227629,/CC1,B.Cu,"(11.684, 10.9728)","(7.112, 10.9728)",0.2,4.571999999999999,[]
MORI_rear_P5R4,de885002-fb31-4127-b9ea-973d5530397d,/CC1,B.Cu,"(17.4752, 20.32)","(18.084799, 19.7104)",0.2,0.8621038805161473,[]
MORI_rear_P5R4,e2c65ffc-a322-4eb9-9e62-ee83c9027bbe,/CC1,B.Cu,"(11.9888, 10.668)","(11.684, 10.9728)",0.2,0.43105229381131965,[]
MORI_rear_P5R4,f9d7f8e6-5deb-4185-bc55-4417f0b35117,/CC1,B.Cu,"(1.2, 23.0)","(2.4, 24.2)",0.2,1.6970562748477136,[]
MORI_rear_P5R4,434171e5-8966-404d-8b1b-3a50b68885e3,/CC2,F.Cu,"(16.6, 9.25)","(17.05, 9.7)",0.2,0.6363961030678918,[]
MORI_rear_P5R4,44063a44-1d3a-447b-9f73-249efb9ccc5f,/CC2,F.Cu,"(17.05, 21.2)","(17.55, 21.7)",0.2,0.7071067811865476,[]
MORI_rear_P5R4,749cc057-759e-43b2-8059-2e49129c24e0,/CC2,F.Cu,"(13.25, 8.5)","(15.6, 8.5)",0.2,2.3499999999999996,[]
MORI_rear_P5R4,771099fa-11bd-4ea3-ba44-0e93982fd4d8,/CC2,F.Cu,"(17.55, 21.7)","(19.0, 21.7)",0.2,1.4499999999999993,[]
MORI_rear_P5R4,91ccc5ec-e227-465a-b5b2-b230f4efb014,/CC2,F.Cu,"(15.6, 8.5)","(16.35, 9.25)",0.2,1.0606601717798225,[]
MORI_rear_P5R4,e2c9c545-94c2-4b1f-bbe8-ce7466293921,/CC2,F.Cu,"(13.25, 10.7)","(13.25, 8.5)",0.2,2.1999999999999993,[]
MORI_rear_P5R4,e53bbc19-0349-4381-b3c1-3b6415d33c19,/CC2,F.Cu,"(17.05, 9.7)","(17.05, 21.2)",0.2,11.5,[]
MORI_rear_P5R4,f2df710f-e972-484b-9aab-154a65b986b3,/CC2,F.Cu,"(16.35, 9.25)","(16.6, 9.25)",0.2,0.25,[]
MORI_rear_P5R4,6e025014-e85e-44eb-b832-8e598ddf3c74,/CC2,B.Cu,"(13.25, 8.6)","(13.25, 9.5)",0.2,0.9000000000000004,[]
MORI_rear_P5R4,c17071f0-5ae2-4788-9d91-a4340f823539,/CC2,B.Cu,"(13.75, 8.1)","(13.25, 8.6)",0.2,0.7071067811865476,[]
MORI_rear_P5R4,e47b967b-6ead-4a57-84ce-da502ef1bb60,/CC2,B.Cu,"(13.25, 9.5)","(13.25, 10.7)",0.2,1.1999999999999993,[]
MORI_rear_P5R4,e7411896-e446-4097-90ad-f19b26338753,/CC2,B.Cu,"(13.75, 7.045)","(13.75, 8.1)",0.2,1.0549999999999997,[]
MORI_imu_P5R4,200ad97e-33df-4a04-8c0f-a84880e22f8a,/MISO_IC,F.Cu,"(7.225, 8.65)","(7.425, 8.85)",0.2,0.2828427124746186,[]
MORI_imu_P5R4,40b1c4f8-0a97-444d-ad6e-ef2e9fc3ad49,/MISO_IC,F.Cu,"(6.725, 8.65)","(7.225, 8.65)",0.2,0.5,[]
MORI_imu_P5R4,55f43c52-a6fc-4aa3-be54-961fc20c61ad,/MISO_IC,F.Cu,"(7.425, 8.85)","(8.8375, 8.85)",0.2,1.4125000000000005,[]
MORI_imu_P5R4,00953f4f-b252-4b83-b42c-7c4407d6fcb8,/MISO,F.Cu,"(10.8792, 3.5)","(10.8792, 6.4088)",0.2,2.9088000000000003,[]
MORI_imu_P5R4,77b08c7e-884f-46b0-b8a8-572897737076,/MISO,F.Cu,"(5.075, 8.65)","(4.890652, 8.465652)",0.2,0.2607074417963553,[]
MORI_imu_P5R4,98290e79-519d-4f3d-94bc-637b5292a348,/MISO,F.Cu,"(4.890652, 8.465652)","(4.890652, 7.758547)",0.2,0.7071050000000003,[]
MORI_imu_P5R4,be8e51b2-90e1-45b0-84ae-21d8418117ed,/MISO,F.Cu,"(10.8792, 6.4088)","(11.3792, 6.9088)",0.2,0.7071067811865476,[]
MORI_imu_P5R4,c30a9a7a-4ecd-495e-ad66-d9fa5a83f2f0,/MISO,F.Cu,"(4.890652, 7.758547)","(5.6388, 7.0104)",0.2,1.0580403411557613,[]
MORI_imu_P5R4,0b1a8b22-d04a-42b5-b762-a577a4a03050,/MISO,B.Cu,"(10.8792, 7.9)","(6.1388, 7.9)",0.2,4.740400000000001,[]
MORI_imu_P5R4,2dbc31c4-9cd3-4c55-87aa-5be90f7b2c65,/MISO,B.Cu,"(5.6388, 7.4)","(5.6388, 7.0104)",0.2,0.3896000000000006,[]
MORI_imu_P5R4,a07ad63a-3267-4064-9fa1-fe8774ddd45e,/MISO,B.Cu,"(6.1388, 7.9)","(5.6388, 7.4)",0.2,0.7071067811865476,[]
MORI_imu_P5R4,b7121a0b-5a51-4782-945b-9f71fd9cdd50,/MISO,B.Cu,"(11.3792, 6.9088)","(11.3792, 7.4)",0.2,0.4912000000000001,[]
MORI_imu_P5R4,f87ba4e9-d768-4502-828c-7d2ddc89545b,/MISO,B.Cu,"(11.3792, 7.4)","(10.8792, 7.9)",0.2,0.7071067811865476,[]
MORI_imu_P5R4,0479bed4-267c-4496-abae-17f4dbdcc511,/+3V3,F.Cu,"(12.225, 10.925)","(12.5, 10.925)",0.2,0.27500000000000036,[]
MORI_imu_P5R4,08cc4376-c3ec-4187-835a-4383ef21ec95,/+3V3,F.Cu,"(11.65, 10.35)","(12.225, 10.925)",0.2,0.8131727983645299,[]
MORI_imu_P5R4,16035de7-e05f-4f4d-947a-3a75ef1bbae9,/+3V3,F.Cu,"(9.5, 11.05)","(8.225, 12.325)",0.2,1.8031222920256953,[]
MORI_imu_P5R4,1705bc82-36ef-4330-87fb-66ca93f79c89,/+3V3,F.Cu,"(14.1, 10.925)","(14.6, 10.925)",0.2,0.5,[]
MORI_imu_P5R4,36410d2a-6cde-4047-a221-49d97175a884,/+3V3,F.Cu,"(9.5, 10.5125)","(9.5, 11.05)",0.2,0.5375000000000014,[]
MORI_imu_P5R4,457ac136-ad57-4c45-a493-ce1ad6a332e2,/+3V3,F.Cu,"(13.6, 15.1)","(14.1, 14.6)",0.2,0.7071067811865476,[]
MORI_imu_P5R4,4b013a61-c99b-438e-b39c-25657cf38761,/+3V3,F.Cu,"(11.1625, 10.35)","(11.65, 10.35)",0.2,0.4875000000000007,[]
MORI_imu_P5R4,517077ff-29d8-4715-befe-69c6847eccaf,/+3V3,F.Cu,"(8.225, 12.5)","(8.225, 13.7)",0.2,1.1999999999999993,[]
MORI_imu_P5R4,65d69c57-af18-447b-8682-e3a0dd68e23c,/+3V3,F.Cu,"(15.9, 9.625)","(15.9, 9.225)",0.2,0.40000000000000036,[]
MORI_imu_P5R4,6bd7a4d8-adb7-494a-a570-0e5b129e3d64,/+3V3,F.Cu,"(8.225, 13.7)","(9.625, 15.1)",0.2,1.9798989873223336,[]
MORI_imu_P5R4,6df1c5d4-2313-4f7b-97c3-a6d167d7855a,/+3V3,F.Cu,"(14.1, 14.25)","(14.1, 10.925)",0.2,3.3249999999999993,[]
MORI_imu_P5R4,83fe2b95-89fa-4a27-9035-9437cbe00ed8,/+3V3,F.Cu,"(14.1, 14.25)","(13.275, 14.25)",0.2,0.8249999999999993,[]
MORI_imu_P5R4,92737647-2d80-4742-8b8b-232551102c9c,/+3V3,F.Cu,"(12.5, 10.925)","(14.1, 10.925)",0.2,1.5999999999999996,[]
MORI_imu_P5R4,9bf05d40-b18c-496d-9a90-b0b077cabe74,/+3V3,F.Cu,"(14.1, 14.6)","(14.1, 14.25)",0.2,0.34999999999999964,[]
MORI_imu_P5R4,a8646968-2022-4164-90a1-54502ec45d3e,/+3V3,F.Cu,"(14.6, 10.925)","(15.9, 9.625)",0.2,1.8384776310850246,[]
MORI_imu_P5R4,b43dbb35-250b-41c9-ac7a-bcde5487b9b0,/+3V3,F.Cu,"(3.0, 3.5)","(3.0, 7.8)",0.2,4.3,[]
MORI_imu_P5R4,c889ac0c-2075-440b-adc0-409a3120db81,/+3V3,F.Cu,"(3.0, 7.8)","(7.7, 12.5)",0.2,6.646803743153548,[]
MORI_imu_P5R4,d1c7a901-eba4-473b-a15d-79e59d22efc2,/+3V3,F.Cu,"(9.625, 15.1)","(13.6, 15.1)",0.2,3.9749999999999996,[]
MORI_imu_P5R4,d45170d7-9acf-479d-a6ff-8095a1e523fe,/+3V3,F.Cu,"(8.225, 12.325)","(8.225, 12.5)",0.2,0.1750000000000007,"[""C0001""]"
MORI_imu_P5R4,f1f770d0-b759-4ed9-ac6a-cecd2b880106,/+3V3,F.Cu,"(7.7, 12.5)","(8.225, 12.5)",0.2,0.5249999999999995,[]
MORI_imu_P5R4,0e331715-a0cd-4dbd-8e67-ac84ba16a9f1,/GND,F.Cu,"(11.725, 14.25)","(11.725, 13.25)",0.25,1.0,[]
MORI_imu_P5R4,170b0cd7-86a0-49f2-ab5e-3a0f54bf00f1,/GND,F.Cu,"(11.1, 12.475)","(10.668, 12.043)",0.2,0.6109402589451777,[]
MORI_imu_P5R4,1d4eec98-edaf-4e01-80c7-47e4f01465df,/GND,F.Cu,"(10.5, 10.5125)","(10.5, 11.5824)",0.2,1.0699000000000005,[]
MORI_imu_P5R4,211be907-39d9-4b97-b756-8a949028a44c,/GND,F.Cu,"(8.0466, 9.85)","(7.7978, 9.6012)",0.2,0.3518563343184256,[]
MORI_imu_P5R4,326c085e-8084-47f2-8dbe-504b3bc1abaf,/GND,F.Cu,"(9.775, 12.5)","(10.299999, 12.5)",0.2,0.5249989999999993,[]
MORI_imu_P5R4,4af0495e-a961-4025-b80f-76d2c1cba0ca,/GND,F.Cu,"(12.5, 12.475)","(11.1, 12.475)",0.2,1.4000000000000004,"[""C0003""]"
MORI_imu_P5R4,4bd05f3d-aad6-4a4b-90f2-cb084718db83,/GND,F.Cu,"(10.0, 11.0824)","(10.0, 10.5125)",0.2,0.5699000000000005,[]
MORI_imu_P5R4,76ba7470-33d0-45a6-8158-d24462d550ca,/GND,F.Cu,"(8.048999, 9.35)","(7.7978, 9.6012)",0.2,0.355249739762045,[]
MORI_imu_P5R4,7912ac08-4ca4-419d-81c3-9654cf727994,/GND,F.Cu,"(11.62, 9.85)","(11.1625, 9.85)",0.2,0.4574999999999996,[]
MORI_imu_P5R4,7d167988-3ea0-418b-9ade-355e8c2c6797,/GND,F.Cu,"(8.8375, 9.35)","(8.048999, 9.35)",0.2,0.7885010000000001,[]
MORI_imu_P5R4,af1a6850-07b5-41aa-b63e-246a8f4fab30,/GND,F.Cu,"(8.8375, 9.85)","(8.0466, 9.85)",0.2,0.7909000000000006,[]
MORI_imu_P5R4,b91e39e1-2963-428f-8ead-352109780f1d,/GND,F.Cu,"(11.1625, 9.3472)","(12.1158, 9.3472)",0.2,0.9533000000000005,[]
MORI_imu_P5R4,d3b36e18-5144-4542-890b-a861c2690d68,/GND,F.Cu,"(11.1625, 8.85)","(11.62, 8.85)",0.2,0.4574999999999996,[]
MORI_imu_P5R4,d526403a-e9de-4099-910a-878a2132aeec,/GND,F.Cu,"(10.668, 12.043)","(10.668, 11.5824)",0.2,0.46059999999999945,[]
MORI_imu_P5R4,d5a02ad8-5b62-423f-b97d-407994406400,/GND,F.Cu,"(10.668, 11.5824)","(10.499999, 11.5824)",0.2,0.1680009999999985,"[""C0002""]"
MORI_imu_P5R4,e03c1e34-176d-42d9-9020-6b9847780d49,/GND,F.Cu,"(11.725, 13.25)","(12.5, 12.475)",0.25,1.0960155108391492,"[""C0003""]"
MORI_imu_P5R4,ee469b89-799a-4038-a8a5-0ef3a58de471,/GND,F.Cu,"(11.62, 8.85)","(11.62, 9.85)",0.2,1.0,[]
MORI_imu_P5R4,f10604d5-b853-4de2-834e-fa5c512c35d7,/GND,F.Cu,"(10.499999, 11.5824)","(10.0, 11.0824)",0.2,0.7071060740801204,[]
MORI_imu_P5R4,ad8668c5-5e55-4645-9c1c-cc30aaf011a5,/DRDY,F.Cu,"(8.8392, 10.3632)","(8.331199, 10.3632)",0.2,0.5080010000000001,[]
MORI_imu_P5R4,e3636239-b6cb-46f9-81cf-ab06fffa2f0b,/DRDY,F.Cu,"(8.331199, 10.3632)","(8.026399, 10.668)",0.2,0.4310522938113184,[]
MORI_imu_P5R4,06693a94-d4f6-4b0b-a494-ff72d0a998cf,/DRDY,B.Cu,"(10.058399, 11.9888)","(10.3632, 12.2936)",0.2,0.43105300091868154,[]
MORI_imu_P5R4,0dc0163b-48df-4dfb-9ea7-d9b1ebc31828,/DRDY,B.Cu,"(14.0, 10.485599)","(14.985999, 9.4996)",0.2,1.3944131582863102,[]
MORI_imu_P5R4,2a89ee4d-c2b8-4c72-8518-7c6b40eee85e,/DRDY,B.Cu,"(8.128, 10.668)","(9.4488, 11.9888)",0.2,1.8678932731823843,"[""C0005""]"
MORI_imu_P5R4,31ec014b-be0b-4cd7-b0b9-e205a829de96,/DRDY,B.Cu,"(13.1, 13.1304)","(14.0, 12.2304)",0.2,1.2727922061357861,[]
MORI_imu_P5R4,4c5617c2-e318-4f83-a08c-cacdb5f942ad,/DRDY,B.Cu,"(10.3632, 12.2936)","(11.2, 13.1304)",0.2,1.183413908993805,[]
MORI_imu_P5R4,6bdefd3e-5e85-4b14-9840-bfd4ac160dd0,/DRDY,B.Cu,"(11.2, 13.1304)","(13.1, 13.1304)",0.2,1.9000000000000004,[]
MORI_imu_P5R4,7cf2eb07-22f9-476c-adf2-06b85fa2d5d0,/DRDY,B.Cu,"(8.026399, 10.668)","(8.128, 10.668)",0.2,0.1016010000000005,"[""C0004"", ""C0005""]"
MORI_imu_P5R4,8dee065c-e6fa-4d32-919b-dba183ddfaa3,/DRDY,B.Cu,"(9.4488, 11.9888)","(10.058399, 11.9888)",0.2,0.6095989999999993,[]
MORI_imu_P5R4,a4509b6d-a4fb-48b2-8e14-c8129d305620,/DRDY,B.Cu,"(14.985999, 9.4996)","(14.985999, 3.5052)",0.2,5.994399999999999,[]
MORI_imu_P5R4,d244b3b6-837b-4b7e-9e9f-c7f338b29c15,/DRDY,B.Cu,"(14.0, 12.2304)","(14.0, 10.485599)",0.2,1.744800999999999,[]
MORI_imu_P5R4,0b1a52c2-deb3-4192-b262-71e00cf11bde,/CS_N,F.Cu,"(13.0, 3.5)","(13.0, 6.8)",0.2,3.3,[]
MORI_imu_P5R4,107d5efe-fc75-4973-9888-9839102bf813,/CS_N,F.Cu,"(12.0, 7.8)","(11.0, 7.8)",0.2,1.0,[]
MORI_imu_P5R4,1b7e80f5-d80f-4e66-b359-eed027c00b44,/CS_N,F.Cu,"(11.0, 7.8)","(10.5, 8.3)",0.2,0.7071067811865481,[]
MORI_imu_P5R4,3a95b33b-7058-4b5d-9395-a73d82177f18,/CS_N,F.Cu,"(10.5, 8.3)","(10.5, 8.6875)",0.2,0.3874999999999993,[]
MORI_imu_P5R4,8b193259-0049-44f6-b83c-5022db66dc8a,/CS_N,F.Cu,"(13.0, 6.8)","(12.0, 7.8)",0.2,1.4142135623730951,[]
MORI_imu_P5R4,b80dffd2-8416-426c-9b0b-8a70d2d4c4db,/CS_N,F.Cu,"(15.4, 6.8)","(15.9, 7.3)",0.2,0.7071067811865476,[]
MORI_imu_P5R4,c1d070b9-1cb1-4566-a5ba-39942dd9bee4,/CS_N,F.Cu,"(13.0, 6.8)","(15.4, 6.8)",0.2,2.4000000000000004,[]
MORI_imu_P5R4,1116ccca-ff78-4738-a8da-0f8c972d636e,/SCK,F.Cu,"(7.0946, 3.5)","(7.0946, 6.5104)",0.2,3.0103999999999997,[]
MORI_imu_P5R4,d359c9f7-11b1-4693-8367-135c576e6202,/SCK,F.Cu,"(7.0946, 6.5104)","(7.5946, 7.0104)",0.2,0.7071067811865476,[]
MORI_imu_P5R4,eabc3567-54ef-47b0-a01d-f38d9680e38a,/SCK,F.Cu,"(10.0076, 8.6875)","(10.0076, 7.0104)",0.2,1.6771000000000003,[]
MORI_imu_P5R4,ccbf9ef3-8f9a-4e5b-9bb0-fa9e59c51878,/SCK,B.Cu,"(7.5946, 7.0104)","(10.0076, 7.0104)",0.2,2.4130000000000003,[]
MORI_imu_P5R4,07664e6a-7dc1-4809-bc0f-b71958523dd9,/MOSI,F.Cu,"(9.5, 7.9)","(9.5, 8.6875)",0.2,0.7874999999999996,[]
MORI_imu_P5R4,1da3acc3-9d18-4066-a8d8-a2102522901b,/MOSI,F.Cu,"(9.0, 3.5)","(9.0, 7.4)",0.2,3.9000000000000004,[]
MORI_imu_P5R4,710b05ee-8819-4013-81d5-5e017a905c75,/MOSI,F.Cu,"(9.0, 7.4)","(9.5, 7.9)",0.2,0.7071067811865476,[]
