购买类型,商品编号,物料编码,商品分类,名称,商品型号,品牌,封装规格,单个毛重,购买数量,商品单价(元),金额(元)
现货,C2865059,,比较器,双路比较器 编带,LM393BIDR,TI(德州仪器),SOIC-8,0.000108000,5.0,0.6974,3.49
现货,C16072,,场效应管(MOSFET),1个P沟道 耐压:30V 电流:12A 编带,AO4407A,AOS,SOIC-8,0.000205000,5.0,1.9932,9.97
现货,C20917,,场效应管(MOSFET),N沟道 耐压:30V 编带,AO3400A,AOS,SOT-23,0.000068000,5.0,0.52,2.6
现货,C111515,,胶壳端子,"SPH-002T-P0.5S,PH-T，配套PH 2.0系列胶壳 编带",SPH-002T-P0.5S,JST,-,0.000030000,100.0,0.0524,5.24
现货,C157950,,胶壳(线对板/线对线),1x8P 2mm 袋装,PHR-8,JST,P=2mm,0.000248000,20.0,0.1776,3.55
现货,C265394,,胶壳(线对板/线对线),1x5P 2mm 袋装,PHR-5,JST,P=2mm,0.000150000,50.0,0.1261,6.31
现货,C111514,,胶壳(线对板/线对线),1x4P 2mm 袋装,PHR-4,JST,P=2mm,0.000132000,50.0,0.1031,5.16
现货,C265393,,胶壳(线对板/线对线),1x3P 2mm 袋装,PHR-3,JST,P=2mm,0.000100000,50.0,0.1095,5.48
现货,C157955,,胶壳(线对板/线对线),1x2P 2mm 袋装,PHR-2,JST,P=2mm,0.000078000,50.0,0.0809,4.05
现货,C844901,,贴片电阻,10mΩ ±1% 1W 编带,WSL2512R0100FEA,VISHAY(威世),2512,0.000100000,5.0,2.0496,10.25
现货,C165948,,USB连接器,Type-C 母 卧贴 编带,TYPE-C-31-M-12,韩国韩荣,SMD,0.000809000,5.0,1.051008,5.26
现货,C5186957,,转换器/电平移位器,带施密特触发器输入和三态输出的双位固定方向电压电平转换器 编带,TXU0202DCUR,TI(德州仪器),VSSOP-8,0.000044308,1.0,4.84,4.84
现货,C1852114,,监控和复位芯片,低功耗和小尺寸电源电压监控器 编带,TLV803EA29DBZR,TI(德州仪器),SOT-23-3,0.000062000,1.0,2.74,2.74
现货,C41283,,电压基准芯片,2.5V~36V 并联 编带,TL431BIDBZR,TI(德州仪器),SOT-23-3,0.000039167,5.0,0.4841,2.42
现货,C2041441,,功率电感,10uH ±20% 7.5A 编带,SRP7050TA-100M,BOURNS,"SMD,7.3x6.6mm",0.002075000,2.0,8.72,17.44
现货,C70285,,触发器,单正边沿触发D型触发器，带清零和置位功能 编带,SN74LVC1G74DCUR,TI(德州仪器),VSSOP-8,0.000034367,5.0,1.8187,9.09
现货,C315999,,静电和浪涌保护(TVS/ESD),TVS 24V截止 峰值浪涌电流：5.1A 编带,SMF24A,Littelfuse(美国力特),SOD-123FL,0.000035000,5.0,1.2178,6.09
现货,C157923,,线对板针座,1x5P 间距:2mm 弯插 系列:PH 袋装,S5B-PH-K-S(LF)(SN),JST,"弯插,P=2mm",0.000432000,10.0,0.4737,4.74
现货,C326727,,贴片电阻,薄膜电阻 37.4kΩ ±0.1% 100mW 编带,RT0603BRD0737K4L,YAGEO(国巨),0603,0.000023000,20.0,0.2795,5.59
现货,C705767,,贴片电阻,薄膜电阻 33.2kΩ ±0.1% 100mW 编带,RT0603BRD0733K2L,YAGEO(国巨),0603,0.000023000,20.0,0.2155,4.31
现货,C309651,,贴片电阻,薄膜电阻 27kΩ ±0.1% 100mW 编带,RT0603BRD0727KL,YAGEO(国巨),0603,0.000023000,20.0,0.1814,3.63
现货,C326730,,贴片电阻,薄膜电阻 1MΩ ±0.1% 100mW 编带,RT0603BRD071ML,YAGEO(国巨),0603,0.000023000,10.0,0.3359,3.36
现货,C705732,,贴片电阻,薄膜电阻 18.7kΩ ±0.1% 100mW 编带,RT0603BRD0718K7L,YAGEO(国巨),0603,0.000023000,20.0,0.2148,4.3
现货,C728584,,贴片电阻,薄膜电阻 16.5kΩ ±0.1% 100mW 编带,RT0603BRD0716K5L,YAGEO(国巨),0603,0.000023000,10.0,0.3646,3.65
现货,C861117,,贴片电阻,薄膜电阻 13.3kΩ ±0.1% 100mW 编带,RT0603BRD0713K3L,YAGEO(国巨),0603,0.000061000,20.0,0.2262,4.52
现货,C95204,,贴片电阻,薄膜电阻 10kΩ ±0.1% 100mW 编带,RT0603BRD0710KL,YAGEO(国巨),0603,0.000023000,20.0,0.18894,3.78
现货,C122538,,贴片电阻,薄膜电阻 100kΩ ±0.1% 100mW 编带,RT0603BRD07100KL,YAGEO(国巨),0603,0.000023000,20.0,0.179088,3.58
现货,C95177,,贴片电阻,厚膜电阻 0Ω ±5% 100mW 编带,RC0603JR-070RL,YAGEO(国巨),0603,0.000023740,100.0,0.016744,1.67
现货,C126362,,贴片电阻,厚膜电阻 68Ω ±1% 100mW 编带,RC0603FR-0768RL,YAGEO(国巨),0603,0.000023000,100.0,0.0371,3.71
现货,C114623,,贴片电阻,厚膜电阻 47Ω ±1% 100mW 编带,RC0603FR-0747RL,YAGEO(国巨),0603,0.000023000,100.0,0.0281,2.81
现货,C105579,,贴片电阻,厚膜电阻 47kΩ ±1% 100mW 编带,RC0603FR-0747KL,YAGEO(国巨),0603,0.000023000,100.0,0.0186,1.86
现货,C108661,,贴片电阻,厚膜电阻 33Ω ±1% 100mW 编带,RC0603FR-0733RL,YAGEO(国巨),0603,0.000023000,100.0,0.0199,1.99
现货,C114662,,贴片电阻,厚膜电阻 2.2kΩ ±1% 100mW 编带,RC0603FR-072K2L,YAGEO(国巨),0603,0.000023000,100.0,0.0151,1.51
现货,C22548,,贴片电阻,厚膜电阻 1kΩ ±1% 100mW 编带,RC0603FR-071KL,YAGEO(国巨),0603,0.000025800,100.0,0.02093,2.09
现货,C98220,,贴片电阻,厚膜电阻 10kΩ ±1% 100mW 编带,RC0603FR-0710KL,YAGEO(国巨),0603,0.000022900,100.0,0.0207,2.07
现货,C105588,,贴片电阻,厚膜电阻 100Ω ±1% 100mW 编带,RC0603FR-07100RL,YAGEO(国巨),0603,0.000025600,100.0,0.018564,1.86
现货,C14675,,贴片电阻,厚膜电阻 100kΩ ±1% 100mW 编带,RC0603FR-07100KL,YAGEO(国巨),0603,0.000025800,100.0,0.012376,1.24
现货,C81464,,三极管(BJT),NPN 电流:200mA 电压:40V 编带,MMBT3904LT1G,onsemi(安森美),SOT-23,0.000030000,50.0,0.1014,5.07
现货,C122228,,电流感应放大器,高低侧电压输出电流检测放大器 编带,INA180A1IDBVR,TI(德州仪器),SOT-23-5,0.000070000,5.0,1.7609,8.8
现货,C77055,,贴片电容(MLCC),100nF ±10% 50V 编带,GRM188R71H104KA93D,muRata(村田),0603,0.000034000,50.0,0.1034,5.17
现货,C426100,,贴片电容(MLCC),75pF ±5% 50V 停产 编带,GRM1885C1H750JA01D,muRata(村田),0603,0.000035000,20.0,0.2088,4.18
现货,C309062,,贴片电容(MLCC),22uF ±10% 25V 编带,CL32B226KAJNNNE,SAMSUNG(三星),1210,0.000162000,8.0,2.1709,17.37
现货,C1591,,贴片电容(MLCC),100nF ±10% 50V 编带,CL10B104KB8NNNC,SAMSUNG(三星),0603,0.000050000,100.0,0.0577,5.77
现货,C1589,,贴片电容(MLCC),10nF ±10% 50V 编带,CL10B103KB8NNNC,SAMSUNG(三星),0603,0.000035000,50.0,0.0625,3.13
现货,C1607,,贴片电容(MLCC),2.2uF ±10% 10V 编带,CL10A225KP8NNNC,SAMSUNG(三星),0603,0.000035000,20.0,0.1224,2.45
现货,C19702,,贴片电容(MLCC),10uF ±10% 10V 编带,CL10A106KP8NNNC,SAMSUNG(三星),0603,0.000032000,20.0,0.1957,3.91
现货,C5673,,贴片电容(MLCC),1uF ±10% 25V 编带,CL10A105KA8NNNC,SAMSUNG(三星),0603,0.000043071,50.0,0.1691,8.46
现货,C179379,,稳压二极管,适用于表面贴装设计的小型塑料封装通用齐纳二极管 编带,"BZT52H-C10,115",Nexperia(安世),SOD-123F,0.000021000,20.0,0.2197,4.39
现货,C426769,,肖特基二极管,电压:30V 电流:200mA 编带,"BAT54H,115",Nexperia(安世),SOD-123F,0.000038000,5.0,0.884,4.42
现货,C157974,,线对板针座,1x8P 间距:2mm 直插 系列:PH 盒装,B8B-PH-K-S(LF)(SN),JST,"插件,P=2mm",0.000432000,5.0,0.5759,2.88
现货,C72264,,肖特基二极管,电压:40V 电流:5A 编带,B540C-13-F,DIODES(美台),SMC(DO-214AB),0.000334000,5.0,1.4196,7.1
现货,C131334,,线对板针座,1x4P 间距:2mm 直插 系列:PH 盒装,B4B-PH-K-S(LF)(SN),JST,"插件,P=2mm",0.000237000,10.0,0.2789,2.79
现货,C144394,,线对板针座,1x3P 间距:2.5mm 直插 系列:XH 盒装,B3B-XH-A(LF)(SN),JST,"插件,P=2.5mm",0.000340000,10.0,0.3331,3.33
现货,C131339,,线对板针座,1x3P 间距:2mm 直插 系列:PH 袋装,B3B-PH-K-S(LF)(SN),JST,"插件,P=2mm",0.000150000,10.0,0.2756,2.76
现货,C158012,,线对板针座,1x2P 间距:2.5mm 直插 系列:XH 盒装,B2B-XH-A(LF)(SN),JST,"插件,P=2.5mm",0.000240000,20.0,0.2486,4.97
现货,C131337,,线对板针座,1x2P 间距:2mm 直插 系列:PH 盒装,B2B-PH-K-S(LF)(SN),JST,"插件,P=2mm",0.000193958,20.0,0.2166,4.33
现货,C428721,,电源连接器/插头,AMASS(艾迈斯)板载立式 航模锂电池控制器连接器插头 PCB板立式 公头XT30UPB-M.G.Y 袋装,XT30UPB-M,AMASS(艾迈斯),-,0.001000000,10.0,1.6107,16.11
现货,C2915055,,排针,1x2P 间距:2.54mm 方针 直插 袋装,61300211121,Wurth(伍尔特),"插件,P=2.54mm",0.000125091,5.0,0.7673,3.84
现货,C185113,,一次性保险丝,125V贴片式保险丝 编带,045101.5MRL,Littelfuse(美国力特),2410,0.000199000,5.0,1.7563,8.78
现货,C99547,,一次性保险丝,125V贴片式保险丝 编带,0451002.MRL,Littelfuse(美国力特),2410,0.000199000,5.0,2.0994,10.5
现货,C3099,,一次性保险丝,125V贴片式保险丝 编带,0451001.MRL,Littelfuse(美国力特),2410,0.000198000,5.0,1.5436,7.72
现货,C311983,,DC-DC电源芯片,降压型 3A 4.5V~28V 编带,TPS54302DDCR,TI(德州仪器),TSOT-23-6,0.000055000,5.0,1.8457,9.23
现货,C91874,,逻辑门,双2输入正或门 编带,SN74LVC2G32DCUR,TI(德州仪器),VSSOP-8,0.000160000,1.0,3.36,3.36
现货,C21404,,缓冲器/驱动器/收发器,双路三态输出总线缓冲门 编带,SN74LVC2G125DCUR,TI(德州仪器),VSSOP-8,0.000416000,5.0,1.2708,6.35
现货,C1850418,,姿态传感器/陀螺仪,高精度六轴MEMS运动跟踪器件 编带,ICM-42688-P,TDK InvenSense(应美盛),LGA-14(2.5x3),0.000215321,1.0,119.56,119.56
订货,C1575735,,插件电阻,绕线电阻 10Ω ±5% 5W 盒装,AC05000001009JAC00,VISHAY(威世),"插件,D7.5xL18mm",0.002300000,5.0,3.19,15.95
订货,C42378287,,滑动开关,两档贴片卧式柄长3 编带,MS-202V-G3,SOFNG(硕方),"SMD-6P,9.1x3.5mm",0.001000000,1.0,1.224,1.22
订货,C85380,,静电和浪涌保护(TVS/ESD),双向ESD 5V截止 峰值脉冲电流：15A 编带,"PESD5V0L1BA,115",Nexperia(安世),SOD-323(SC-76),0.000021333,5.0,0.6216,3.11
订货,C407878,,直插铝电解电容,1000uF ±20% 16V 袋装,EEUFR1C102,PANASONIC(松下),"插件,D10xL16mm",0.001930000,2.0,5.65,11.3
海外代购,D2884871,,Digikey代购,CMS-4017-34SP,CMS-4017-34SP,Same Sky (Formerly CUI Devices),-,0.001,1.0,65.560953,65.56
